1.638577543732297670e+01,1.636429786278637977e+01,1.634269132086827625e+01,1.632108368444889734e+01,1.629947506564023030e+01,1.627786300634430461e+01,1.625624697101329730e+01,1.623462867005931187e+01,1.621300445505412569e+01,1.619155855314173209e+01,1.616989684253732662e+01,1.614823243227534633e+01,1.612657092971950235e+01,1.610490851139823576e+01,1.608323875901499633e+01,1.606155384137131747e+01,1.604364359837458665e+01,1.602571836493355306e+01,1.678474492629434778e+01,1.610186599314057077e+01,0.000000000000000000e+00,0.000000000000000000e+00,0.000000000000000000e+00,0.000000000000000000e+00,0.000000000000000000e+00,0.000000000000000000e+00,0.000000000000000000e+00,0.000000000000000000e+00,0.000000000000000000e+00,0.000000000000000000e+00,0.000000000000000000e+00,0.000000000000000000e+00,0.000000000000000000e+00,0.000000000000000000e+00,0.000000000000000000e+00,0.000000000000000000e+00,0.000000000000000000e+00,0.000000000000000000e+00,0.000000000000000000e+00,0.000000000000000000e+00
1.636946267848716730e+01,1.634793317103912358e+01,1.632627699562388557e+01,1.630462069358026156e+01,1.628296114756605917e+01,1.626129816596277777e+01,1.623963328905707826e+01,1.621796324478744822e+01,1.619647549739721626e+01,1.617476764688635171e+01,1.615305808031628487e+01,1.613135216722677967e+01,1.610964586309111013e+01,1.608793295537905266e+01,1.606620487402711461e+01,1.604825783142629803e+01,1.603029612304766971e+01,1.679040680888313020e+01,1.610878051472286643e+01,1.608979444518454471e+01,0.000000000000000000e+00,0.000000000000000000e+00,0.000000000000000000e+00,0.000000000000000000e+00,0.000000000000000000e+00,0.000000000000000000e+00,0.000000000000000000e+00,0.000000000000000000e+00,0.000000000000000000e+00,0.000000000000000000e+00,0.000000000000000000e+00,0.000000000000000000e+00,0.000000000000000000e+00,0.000000000000000000e+00,0.000000000000000000e+00,0.000000000000000000e+00,0.000000000000000000e+00,0.000000000000000000e+00,0.000000000000000000e+00,0.000000000000000000e+00
1.635307236558860211e+01,1.633149190370006565e+01,1.630978753104214718e+01,1.628808031962877578e+01,1.626637009725777361e+01,1.624465834738602865e+01,1.622294220245369445e+01,1.620141176343580014e+01,1.617965813479607817e+01,1.615790306675224741e+01,1.613615216534613594e+01,1.611440195337976178e+01,1.609264547532523437e+01,1.607087407151423974e+01,1.605288999426540286e+01,1.603489157883828398e+01,1.679609504444612611e+01,1.611571776054366367e+01,1.609668162394510205e+01,1.607765060824131353e+01,0.000000000000000000e+00,0.000000000000000000e+00,0.000000000000000000e+00,0.000000000000000000e+00,0.000000000000000000e+00,0.000000000000000000e+00,0.000000000000000000e+00,0.000000000000000000e+00,0.000000000000000000e+00,0.000000000000000000e+00,0.000000000000000000e+00,0.000000000000000000e+00,0.000000000000000000e+00,0.000000000000000000e+00,0.000000000000000000e+00,0.000000000000000000e+00,0.000000000000000000e+00,0.000000000000000000e+00,0.000000000000000000e+00,0.000000000000000000e+00
1.633660531891165846e+01,1.631497558725890684e+01,1.629322059292986324e+01,1.627146284633018070e+01,1.624970391485870636e+01,1.622794139716210537e+01,1.620636773506607042e+01,1.618456837285783223e+01,1.616276740022058789e+01,1.614097127977668933e+01,1.611917691373667338e+01,1.609737633172788662e+01,1.607556149003833923e+01,1.605754017739086947e+01,1.603950482438335712e+01,1.680180985824826223e+01,1.612267791306171816e+01,1.610359132711643326e+01,1.608451036831293379e+01,1.606508542227716418e+01,0.000000000000000000e+00,0.000000000000000000e+00,0.000000000000000000e+00,0.000000000000000000e+00,0.000000000000000000e+00,0.000000000000000000e+00,0.000000000000000000e+00,0.000000000000000000e+00,0.000000000000000000e+00,0.000000000000000000e+00,0.000000000000000000e+00,0.000000000000000000e+00,0.000000000000000000e+00,0.000000000000000000e+00,0.000000000000000000e+00,0.000000000000000000e+00,0.000000000000000000e+00,0.000000000000000000e+00,0.000000000000000000e+00,0.000000000000000000e+00
1.632006322047533331e+01,1.629838192752856685e+01,1.627657648346558972e+01,1.625477008015835167e+01,1.623296091012434417e+01,1.621134363086275698e+01,1.618949796524324114e+01,1.616765121060242905e+01,1.614580959737610044e+01,1.612397081822927802e+01,1.610212575427329895e+01,1.608026706738189660e+01,1.606220844386968594e+01,1.604413594535815690e+01,1.680755166015818247e+01,1.612966130559533440e+01,1.611052371365977365e+01,1.609139243435069488e+01,1.607191670097689240e+01,1.605245122113777967e+01,0.000000000000000000e+00,0.000000000000000000e+00,0.000000000000000000e+00,0.000000000000000000e+00,0.000000000000000000e+00,0.000000000000000000e+00,0.000000000000000000e+00,0.000000000000000000e+00,0.000000000000000000e+00,0.000000000000000000e+00,0.000000000000000000e+00,0.000000000000000000e+00,0.000000000000000000e+00,0.000000000000000000e+00,0.000000000000000000e+00,0.000000000000000000e+00,0.000000000000000000e+00,0.000000000000000000e+00,0.000000000000000000e+00,0.000000000000000000e+00
1.630344390751139372e+01,1.628171095869197416e+01,1.625985689877349571e+01,1.623800084509381492e+01,1.621633969884279480e+01,1.619444737917018173e+01,1.617255461997529764e+01,1.615066720538314371e+01,1.612878347199095685e+01,1.610689387407962414e+01,1.608499107734663625e+01,1.606689471537979585e+01,1.604878501243310041e+01,1.681331916833234885e+01,1.613666812926216920e+01,1.611747911131278954e+01,1.609829694638331077e+01,1.607877003516198755e+01,1.605925395647089005e+01,1.603974786584961265e+01,0.000000000000000000e+00,0.000000000000000000e+00,0.000000000000000000e+00,0.000000000000000000e+00,0.000000000000000000e+00,0.000000000000000000e+00,0.000000000000000000e+00,0.000000000000000000e+00,0.000000000000000000e+00,0.000000000000000000e+00,0.000000000000000000e+00,0.000000000000000000e+00,0.000000000000000000e+00,0.000000000000000000e+00,0.000000000000000000e+00,0.000000000000000000e+00,0.000000000000000000e+00,0.000000000000000000e+00,0.000000000000000000e+00,0.000000000000000000e+00
1.628674705288361224e+01,1.626496443110570311e+01,1.624306122910505934e+01,1.622135600367671771e+01,1.619941674954592870e+01,1.617747757933614849e+01,1.615554418111321411e+01,1.613361514245695361e+01,1.611168079191714497e+01,1.608973360410419318e+01,1.607159927045417191e+01,1.605345193151802619e+01,1.681911355277924258e+01,1.614369840703121639e+01,1.612445768282304215e+01,1.610522426133964302e+01,1.608564556397369216e+01,1.606607850968444851e+01,1.604652195405842008e+01,1.602697502340561186e+01,0.000000000000000000e+00,0.000000000000000000e+00,0.000000000000000000e+00,0.000000000000000000e+00,0.000000000000000000e+00,0.000000000000000000e+00,0.000000000000000000e+00,0.000000000000000000e+00,0.000000000000000000e+00,0.000000000000000000e+00,0.000000000000000000e+00,0.000000000000000000e+00,0.000000000000000000e+00,0.000000000000000000e+00,0.000000000000000000e+00,0.000000000000000000e+00,0.000000000000000000e+00,0.000000000000000000e+00,0.000000000000000000e+00,0.000000000000000000e+00
1.626997476507321494e+01,1.624814205667335898e+01,1.622618515406060524e+01,1.620440614417168845e+01,1.618242005428968966e+01,1.616044058272216688e+01,1.613846596935104927e+01,1.611648658693286151e+01,1.609449473057509294e+01,1.607632219229105885e+01,1.605813698538037571e+01,1.682493520022770994e+01,1.615075193763136596e+01,1.613145953633630114e+01,1.611217449502222010e+01,1.609254367093671334e+01,1.607292500517255718e+01,1.605331771606979174e+01,1.603372044940495300e+01,1.601413268340833440e+01,0.000000000000000000e+00,0.000000000000000000e+00,0.000000000000000000e+00,0.000000000000000000e+00,0.000000000000000000e+00,0.000000000000000000e+00,0.000000000000000000e+00,0.000000000000000000e+00,0.000000000000000000e+00,0.000000000000000000e+00,0.000000000000000000e+00,0.000000000000000000e+00,0.000000000000000000e+00,0.000000000000000000e+00,0.000000000000000000e+00,0.000000000000000000e+00,0.000000000000000000e+00,0.000000000000000000e+00,0.000000000000000000e+00,0.000000000000000000e+00
1.625312663266978319e+01,1.623123881254937828e+01,1.620941560978813811e+01,1.618738230975077030e+01,1.616535656964210688e+01,1.614333603015328222e+01,1.612131133797876714e+01,1.609927453518618989e+01,1.608106356206252485e+01,1.606284025649463132e+01,1.683078446971221354e+01,1.615782921586459508e+01,1.613848436620897786e+01,1.611914782133515800e+01,1.609946446703520451e+01,1.607979384000212519e+01,1.606013512838296720e+01,1.604048741576386305e+01,1.602084931242814747e+01,1.600122082567061454e+01,0.000000000000000000e+00,0.000000000000000000e+00,0.000000000000000000e+00,0.000000000000000000e+00,0.000000000000000000e+00,0.000000000000000000e+00,0.000000000000000000e+00,0.000000000000000000e+00,0.000000000000000000e+00,0.000000000000000000e+00,0.000000000000000000e+00,0.000000000000000000e+00,0.000000000000000000e+00,0.000000000000000000e+00,0.000000000000000000e+00,0.000000000000000000e+00,0.000000000000000000e+00,0.000000000000000000e+00,0.000000000000000000e+00,0.000000000000000000e+00
1.623619747742180763e+01,1.621444520517451338e+01,1.619236438677945955e+01,1.617029213448772751e+01,1.614822539460341133e+01,1.612615511704704829e+01,1.610407309289558597e+01,1.608582345709131545e+01,1.606756182381548470e+01,1.683666133245776564e+01,1.616493037589138027e+01,1.614553270390895889e+01,1.612614386612500539e+01,1.610640811647031256e+01,1.608668515101390994e+01,1.606697464271871922e+01,1.604727578646170372e+01,1.602758731309071294e+01,1.600790861437859292e+01,1.598823932978188544e+01,0.000000000000000000e+00,0.000000000000000000e+00,0.000000000000000000e+00,0.000000000000000000e+00,0.000000000000000000e+00,0.000000000000000000e+00,0.000000000000000000e+00,0.000000000000000000e+00,0.000000000000000000e+00,0.000000000000000000e+00,0.000000000000000000e+00,0.000000000000000000e+00,0.000000000000000000e+00,0.000000000000000000e+00,0.000000000000000000e+00,0.000000000000000000e+00,0.000000000000000000e+00,0.000000000000000000e+00,0.000000000000000000e+00,0.000000000000000000e+00
1.621938030634876071e+01,1.619736643624132455e+01,1.617524714607710479e+01,1.615313406455523904e+01,1.613101798363074835e+01,1.610889047214489267e+01,1.609060195077450572e+01,1.607230176396776500e+01,1.684256507061237329e+01,1.617205556517725640e+01,1.615260468112022352e+01,1.613316317457082505e+01,1.611337430088329370e+01,1.609359904611682879e+01,1.607383640348424692e+01,1.605408594444791959e+01,1.603434648864147860e+01,1.601461758772514798e+01,1.599489822548078166e+01,1.597518803956924849e+01,0.000000000000000000e+00,0.000000000000000000e+00,0.000000000000000000e+00,0.000000000000000000e+00,0.000000000000000000e+00,0.000000000000000000e+00,0.000000000000000000e+00,0.000000000000000000e+00,0.000000000000000000e+00,0.000000000000000000e+00,0.000000000000000000e+00,0.000000000000000000e+00,0.000000000000000000e+00,0.000000000000000000e+00,0.000000000000000000e+00,0.000000000000000000e+00,0.000000000000000000e+00,0.000000000000000000e+00,0.000000000000000000e+00,0.000000000000000000e+00
1.620227517418208762e+01,1.618022179577016573e+01,1.615806212140005726e+01,1.613589999231422922e+01,1.611372673917621157e+01,1.609539911103906462e+01,1.607706014915478931e+01,1.684849657974643122e+01,1.617920493190964493e+01,1.615970044301271713e+01,1.614020588299247549e+01,1.612036346832827860e+01,1.610053530868127680e+01,1.608072051022355708e+01,1.606091809804864923e+01,1.604112729835186002e+01,1.602134751076866337e+01,1.600157811503950711e+01,1.598181802525300199e+01,1.596206680899602404e+01,0.000000000000000000e+00,0.000000000000000000e+00,0.000000000000000000e+00,0.000000000000000000e+00,0.000000000000000000e+00,0.000000000000000000e+00,0.000000000000000000e+00,0.000000000000000000e+00,0.000000000000000000e+00,0.000000000000000000e+00,0.000000000000000000e+00,0.000000000000000000e+00,0.000000000000000000e+00,0.000000000000000000e+00,0.000000000000000000e+00,0.000000000000000000e+00,0.000000000000000000e+00,0.000000000000000000e+00,0.000000000000000000e+00,0.000000000000000000e+00
1.618510432024642398e+01,1.616300964760097969e+01,1.614080114032583424e+01,1.611858194295793112e+01,1.610021500203075817e+01,1.608183704591442975e+01,1.685445633610238758e+01,1.618637845009390475e+01,1.616682011984327261e+01,1.614727211584682465e+01,1.612737577555643753e+01,1.610749431029755385e+01,1.608762678745556229e+01,1.606777238236527694e+01,1.604792984257099420e+01,1.602809883770632027e+01,1.600827874058105493e+01,1.598846878388926385e+01,1.596866790276576076e+01,1.594887558461460131e+01,0.000000000000000000e+00,0.000000000000000000e+00,0.000000000000000000e+00,0.000000000000000000e+00,0.000000000000000000e+00,0.000000000000000000e+00,0.000000000000000000e+00,0.000000000000000000e+00,0.000000000000000000e+00,0.000000000000000000e+00,0.000000000000000000e+00,0.000000000000000000e+00,0.000000000000000000e+00,0.000000000000000000e+00,0.000000000000000000e+00,0.000000000000000000e+00,0.000000000000000000e+00,0.000000000000000000e+00,0.000000000000000000e+00,0.000000000000000000e+00
1.616786616894175665e+01,1.614572145488182997e+01,1.612345605270846249e+01,1.610504968575907370e+01,1.608663251722709120e+01,1.686044450587776566e+01,1.619357608355281286e+01,1.617396372635935364e+01,1.615436202473897964e+01,1.613441135371611068e+01,1.611447619196533054e+01,1.609455553986750331e+01,1.607464862198628452e+01,1.605475429967714618e+01,1.603487170802160833e+01,1.601500053746542562e+01,1.599514006709635972e+01,1.597528947691853674e+01,1.595544766130231018e+01,1.593561395252627477e+01,0.000000000000000000e+00,0.000000000000000000e+00,0.000000000000000000e+00,0.000000000000000000e+00,0.000000000000000000e+00,0.000000000000000000e+00,0.000000000000000000e+00,0.000000000000000000e+00,0.000000000000000000e+00,0.000000000000000000e+00,0.000000000000000000e+00,0.000000000000000000e+00,0.000000000000000000e+00,0.000000000000000000e+00,0.000000000000000000e+00,0.000000000000000000e+00,0.000000000000000000e+00,0.000000000000000000e+00,0.000000000000000000e+00,0.000000000000000000e+00
1.615055185563395668e+01,1.612834921100410668e+01,1.610990321679771853e+01,1.609144662357178390e+01,1.686646126203212148e+01,1.620079813980260752e+01,1.618113117332776341e+01,1.616147563607449555e+01,1.614147034280380666e+01,1.612148108291705029e+01,1.610150696540705084e+01,1.608154707414475126e+01,1.606160052547763328e+01,1.604166619424626816e+01,1.602174363996036277e+01,1.600183228568343452e+01,1.598193136215478916e+01,1.596204007972439420e+01,1.594215700625570165e+01,1.592228205369181282e+01,0.000000000000000000e+00,0.000000000000000000e+00,0.000000000000000000e+00,0.000000000000000000e+00,0.000000000000000000e+00,0.000000000000000000e+00,0.000000000000000000e+00,0.000000000000000000e+00,0.000000000000000000e+00,0.000000000000000000e+00,0.000000000000000000e+00,0.000000000000000000e+00,0.000000000000000000e+00,0.000000000000000000e+00,0.000000000000000000e+00,0.000000000000000000e+00,0.000000000000000000e+00,0.000000000000000000e+00,0.000000000000000000e+00,0.000000000000000000e+00
1.613315352836074368e+01,1.611477556358841312e+01,1.609627941894058978e+01,1.687250671137434921e+01,1.620804478119363878e+01,1.618832284372666663e+01,1.616861281758429669e+01,1.614855284100336519e+01,1.612850910958588457e+01,1.610848115103103950e+01,1.608846795585381528e+01,1.606846869268845879e+01,1.604848228010441602e+01,1.602850818704028057e+01,1.600854557830904668e+01,1.598859396781907094e+01,1.596865252657016754e+01,1.594872021276133367e+01,1.592879598093531968e+01,1.590887993341320872e+01,0.000000000000000000e+00,0.000000000000000000e+00,0.000000000000000000e+00,0.000000000000000000e+00,0.000000000000000000e+00,0.000000000000000000e+00,0.000000000000000000e+00,0.000000000000000000e+00,0.000000000000000000e+00,0.000000000000000000e+00,0.000000000000000000e+00,0.000000000000000000e+00,0.000000000000000000e+00,0.000000000000000000e+00,0.000000000000000000e+00,0.000000000000000000e+00,0.000000000000000000e+00,0.000000000000000000e+00,0.000000000000000000e+00,0.000000000000000000e+00
1.611955981134535776e+01,1.610113095029419839e+01,1.687858040182410591e+01,1.621531613528275528e+01,1.619553878471176844e+01,1.617577396021249925e+01,1.615565863358115806e+01,1.613556042637733867e+01,1.611547819623962141e+01,1.609541138613359834e+01,1.607535906309355767e+01,1.605532003162320365e+01,1.603529407827947040e+01,1.601528007478371052e+01,1.599527741584183715e+01,1.597528547921378816e+01,1.595530329230014033e+01,1.593532981732856513e+01,1.591536468242517444e+01,1.589540745869525296e+01,0.000000000000000000e+00,0.000000000000000000e+00,0.000000000000000000e+00,0.000000000000000000e+00,0.000000000000000000e+00,0.000000000000000000e+00,0.000000000000000000e+00,0.000000000000000000e+00,0.000000000000000000e+00,0.000000000000000000e+00,0.000000000000000000e+00,0.000000000000000000e+00,0.000000000000000000e+00,0.000000000000000000e+00,0.000000000000000000e+00,0.000000000000000000e+00,0.000000000000000000e+00,0.000000000000000000e+00,0.000000000000000000e+00,0.000000000000000000e+00
1.610589513877989987e+01,1.688468271060158798e+01,1.622261229633625135e+01,1.620277916474866942e+01,1.618295918022078439e+01,1.616278811472315979e+01,1.614263478417500863e+01,1.612249825301503847e+01,1.610237745822769284e+01,1.608227168710607913e+01,1.606217972839729669e+01,1.604210138596357282e+01,1.602203579248588738e+01,1.600198182053801332e+01,1.598193903140415983e+01,1.596190658446654709e+01,1.594188337078486306e+01,1.592186911736997601e+01,1.590186300022470789e+01,1.588186444846158096e+01,0.000000000000000000e+00,0.000000000000000000e+00,0.000000000000000000e+00,0.000000000000000000e+00,0.000000000000000000e+00,0.000000000000000000e+00,0.000000000000000000e+00,0.000000000000000000e+00,0.000000000000000000e+00,0.000000000000000000e+00,0.000000000000000000e+00,0.000000000000000000e+00,0.000000000000000000e+00,0.000000000000000000e+00,0.000000000000000000e+00,0.000000000000000000e+00,0.000000000000000000e+00,0.000000000000000000e+00,0.000000000000000000e+00,0.000000000000000000e+00
1.689063660216272922e+01,1.622993337751916343e+01,1.621004409435831661e+01,1.619016851143970825e+01,1.616994139474945058e+01,1.614973257321631550e+01,1.612954117164197498e+01,1.610936623218919905e+01,1.608920670312505763e+01,1.606906149677984530e+01,1.604893039031662738e+01,1.602881263039170889e+01,1.600870724385800514e+01,1.598861332266118040e+01,1.596853026362158445e+01,1.594845693869208070e+01,1.592839309376356560e+01,1.590833800957433830e+01,1.588829083072829818e+01,1.586825056390685340e+01,0.000000000000000000e+00,0.000000000000000000e+00,0.000000000000000000e+00,0.000000000000000000e+00,0.000000000000000000e+00,0.000000000000000000e+00,0.000000000000000000e+00,0.000000000000000000e+00,0.000000000000000000e+00,0.000000000000000000e+00,0.000000000000000000e+00,0.000000000000000000e+00,0.000000000000000000e+00,0.000000000000000000e+00,0.000000000000000000e+00,0.000000000000000000e+00,0.000000000000000000e+00,0.000000000000000000e+00,0.000000000000000000e+00,0.000000000000000000e+00
1.623716282022999735e+01,1.621733366359974582e+01,1.619740212376323285e+01,1.617711858851381734e+01,1.615685390367179153e+01,1.613660721915877261e+01,1.611637766627332269e+01,1.609616422552038983e+01,1.607596544203573075e+01,1.605578120878531934e+01,1.603561091134687189e+01,1.601545360228031711e+01,1.599530840893793204e+01,1.597517444604681458e+01,1.595505066994285315e+01,1.593493685166365381e+01,1.591483236935951240e+01,1.589473639703395591e+01,1.587464767669175814e+01,1.585473795278472409e+01,0.000000000000000000e+00,0.000000000000000000e+00,0.000000000000000000e+00,0.000000000000000000e+00,0.000000000000000000e+00,0.000000000000000000e+00,0.000000000000000000e+00,0.000000000000000000e+00,0.000000000000000000e+00,0.000000000000000000e+00,0.000000000000000000e+00,0.000000000000000000e+00,0.000000000000000000e+00,0.000000000000000000e+00,0.000000000000000000e+00,0.000000000000000000e+00,0.000000000000000000e+00,0.000000000000000000e+00,0.000000000000000000e+00,0.000000000000000000e+00
1.622453243143892365e+01,1.620466011112119986e+01,1.618431974243135230e+01,1.616399887001715996e+01,1.614369655389187841e+01,1.612341193972269338e+01,1.610314414389165094e+01,1.608289167528532460e+01,1.606265396098883969e+01,1.604243076125764844e+01,1.602222117178249050e+01,1.600202419432523016e+01,1.598183918955922422e+01,1.596166461399633363e+01,1.594150055647394737e+01,1.592134627798037982e+01,1.590120110361111827e+01,1.588106386005753734e+01,1.586093369267819497e+01,1.584097904432294257e+01,0.000000000000000000e+00,0.000000000000000000e+00,0.000000000000000000e+00,0.000000000000000000e+00,0.000000000000000000e+00,0.000000000000000000e+00,0.000000000000000000e+00,0.000000000000000000e+00,0.000000000000000000e+00,0.000000000000000000e+00,0.000000000000000000e+00,0.000000000000000000e+00,0.000000000000000000e+00,0.000000000000000000e+00,0.000000000000000000e+00,0.000000000000000000e+00,0.000000000000000000e+00,0.000000000000000000e+00,0.000000000000000000e+00,0.000000000000000000e+00
1.621182800985177153e+01,1.619154497864227338e+01,1.617116756515791209e+01,1.615080926435889097e+01,1.613046924058476606e+01,1.611014660892792705e+01,1.608984017050399729e+01,1.606954874797342825e+01,1.604927228701877340e+01,1.602901002400384556e+01,1.600876098563442440e+01,1.598852436064718319e+01,1.596829894930448290e+01,1.594808432633258022e+01,1.592787991728002339e+01,1.590768512590937434e+01,1.588749897877067596e+01,1.586732028113234705e+01,1.584732073192875035e+01,1.582714936146301810e+01,0.000000000000000000e+00,0.000000000000000000e+00,0.000000000000000000e+00,0.000000000000000000e+00,0.000000000000000000e+00,0.000000000000000000e+00,0.000000000000000000e+00,0.000000000000000000e+00,0.000000000000000000e+00,0.000000000000000000e+00,0.000000000000000000e+00,0.000000000000000000e+00,0.000000000000000000e+00,0.000000000000000000e+00,0.000000000000000000e+00,0.000000000000000000e+00,0.000000000000000000e+00,0.000000000000000000e+00,0.000000000000000000e+00,0.000000000000000000e+00
1.619868086318331279e+01,1.617836006975293728e+01,1.615794544725186199e+01,1.613754966214585451e+01,1.611717184634765232e+01,1.609681088827774431e+01,1.607646560626087506e+01,1.605613560414215257e+01,1.603582030696532001e+01,1.601551886492367416e+01,1.599523030908520482e+01,1.597495351742113812e+01,1.595468818652080856e+01,1.593443338172798818e+01,1.591418866090929285e+01,1.589395311740017647e+01,1.587372567526607092e+01,1.585350609958671697e+01,1.583346191399643743e+01,1.581324718624545156e+01,0.000000000000000000e+00,0.000000000000000000e+00,0.000000000000000000e+00,0.000000000000000000e+00,0.000000000000000000e+00,0.000000000000000000e+00,0.000000000000000000e+00,0.000000000000000000e+00,0.000000000000000000e+00,0.000000000000000000e+00,0.000000000000000000e+00,0.000000000000000000e+00,0.000000000000000000e+00,0.000000000000000000e+00,0.000000000000000000e+00,0.000000000000000000e+00,0.000000000000000000e+00,0.000000000000000000e+00,0.000000000000000000e+00,0.000000000000000000e+00
1.618546391139890517e+01,1.616510517946590397e+01,1.614465328904412189e+01,1.612421994520631330e+01,1.610380411851499716e+01,1.608340445211715419e+01,1.606302078169936465e+01,1.604265212216182590e+01,1.602229789564182028e+01,1.600195712566324602e+01,1.598162861361971210e+01,1.596131207137940500e+01,1.594100677569582025e+01,1.592071180273141806e+01,1.590042655123336068e+01,1.588014988598114741e+01,1.585988169448556562e+01,1.583962121128794820e+01,1.581953045346430109e+01,1.579927330907380068e+01,0.000000000000000000e+00,0.000000000000000000e+00,0.000000000000000000e+00,0.000000000000000000e+00,0.000000000000000000e+00,0.000000000000000000e+00,0.000000000000000000e+00,0.000000000000000000e+00,0.000000000000000000e+00,0.000000000000000000e+00,0.000000000000000000e+00,0.000000000000000000e+00,0.000000000000000000e+00,0.000000000000000000e+00,0.000000000000000000e+00,0.000000000000000000e+00,0.000000000000000000e+00,0.000000000000000000e+00,0.000000000000000000e+00,0.000000000000000000e+00
1.617217698884009280e+01,1.615178020739305964e+01,1.613129099102449260e+01,1.611081996753482315e+01,1.609036556398605811e+01,1.606992769246568287e+01,1.604950557955664436e+01,1.602909819436825956e+01,1.600870488884122267e+01,1.598832435020010934e+01,1.596795623683872378e+01,1.594760001212013023e+01,1.592725464409270231e+01,1.590691937765958741e+01,1.588659317972574314e+01,1.586627591167914098e+01,1.584596698083829835e+01,1.582583197638888706e+01,1.580552668792683590e+01,1.578522947736074400e+01,0.000000000000000000e+00,0.000000000000000000e+00,0.000000000000000000e+00,0.000000000000000000e+00,0.000000000000000000e+00,0.000000000000000000e+00,0.000000000000000000e+00,0.000000000000000000e+00,0.000000000000000000e+00,0.000000000000000000e+00,0.000000000000000000e+00,0.000000000000000000e+00,0.000000000000000000e+00,0.000000000000000000e+00,0.000000000000000000e+00,0.000000000000000000e+00,0.000000000000000000e+00,0.000000000000000000e+00,0.000000000000000000e+00,0.000000000000000000e+00
1.615881992438830039e+01,1.613838506266923289e+01,1.611785843308146937e+01,1.609734898747822385e+01,1.607685661356133622e+01,1.605638052921009518e+01,1.603591987628558968e+01,1.601547370197300779e+01,1.599504081902996333e+01,1.597462079727785245e+01,1.595421322709455580e+01,1.593381712622832680e+01,1.591343168751630621e+01,1.589305559893221087e+01,1.587268896146256658e+01,1.585233114947226341e+01,1.583198118784829234e+01,1.581179829511363621e+01,1.579145323523922784e+01,1.577111436058457272e+01,0.000000000000000000e+00,0.000000000000000000e+00,0.000000000000000000e+00,0.000000000000000000e+00,0.000000000000000000e+00,0.000000000000000000e+00,0.000000000000000000e+00,0.000000000000000000e+00,0.000000000000000000e+00,0.000000000000000000e+00,0.000000000000000000e+00,0.000000000000000000e+00,0.000000000000000000e+00,0.000000000000000000e+00,0.000000000000000000e+00,0.000000000000000000e+00,0.000000000000000000e+00,0.000000000000000000e+00,0.000000000000000000e+00,0.000000000000000000e+00
1.614539265640642896e+01,1.612491963535833861e+01,1.610435484480241541e+01,1.608380763282631776e+01,1.606327724065650031e+01,1.604276285908480304e+01,1.602226359580273396e+01,1.600177809704141652e+01,1.598130584876846072e+01,1.596084659864066602e+01,1.594039939660904182e+01,1.591996344844853439e+01,1.589953725072926360e+01,1.587912095744940721e+01,1.585871396297273606e+01,1.583831531559017236e+01,1.581808796774689441e+01,1.579769475022814440e+01,1.577730859737026137e+01,1.575692394054548906e+01,0.000000000000000000e+00,0.000000000000000000e+00,0.000000000000000000e+00,0.000000000000000000e+00,0.000000000000000000e+00,0.000000000000000000e+00,0.000000000000000000e+00,0.000000000000000000e+00,0.000000000000000000e+00,0.000000000000000000e+00,0.000000000000000000e+00,0.000000000000000000e+00,0.000000000000000000e+00,0.000000000000000000e+00,0.000000000000000000e+00,0.000000000000000000e+00,0.000000000000000000e+00,0.000000000000000000e+00,0.000000000000000000e+00,0.000000000000000000e+00
1.613189507118727306e+01,1.611138321742870971e+01,1.609078083518672386e+01,1.607019579203030446e+01,1.604962732691504357e+01,1.602907457980193584e+01,1.600853628671358564e+01,1.598801148335311062e+01,1.596750022320629547e+01,1.594700161019554230e+01,1.592651470448878825e+01,1.590603817237854756e+01,1.588557201182904066e+01,1.586511548520963899e+01,1.584466787953500955e+01,1.582439489046739212e+01,1.580395440128650719e+01,1.578352064378849029e+01,1.576308844127986752e+01,1.574266236081405523e+01,0.000000000000000000e+00,0.000000000000000000e+00,0.000000000000000000e+00,0.000000000000000000e+00,0.000000000000000000e+00,0.000000000000000000e+00,0.000000000000000000e+00,0.000000000000000000e+00,0.000000000000000000e+00,0.000000000000000000e+00,0.000000000000000000e+00,0.000000000000000000e+00,0.000000000000000000e+00,0.000000000000000000e+00,0.000000000000000000e+00,0.000000000000000000e+00,0.000000000000000000e+00,0.000000000000000000e+00,0.000000000000000000e+00,0.000000000000000000e+00
1.611832649159351050e+01,1.609777624667248830e+01,1.607713626922341987e+01,1.605651339714970049e+01,1.603590677701408396e+01,1.601531536533039457e+01,1.599473777491907889e+01,1.597417418678822543e+01,1.595362381819708020e+01,1.593308566535670323e+01,1.591255838982537618e+01,1.589204214227254930e+01,1.587153581665580582e+01,1.585103896183683503e+01,1.583055000394601208e+01,1.581023098501112223e+01,1.578975055867378430e+01,1.576927040552280879e+01,1.574879755541477877e+01,1.572833040700469986e+01,0.000000000000000000e+00,0.000000000000000000e+00,0.000000000000000000e+00,0.000000000000000000e+00,0.000000000000000000e+00,0.000000000000000000e+00,0.000000000000000000e+00,0.000000000000000000e+00,0.000000000000000000e+00,0.000000000000000000e+00,0.000000000000000000e+00,0.000000000000000000e+00,0.000000000000000000e+00,0.000000000000000000e+00,0.000000000000000000e+00,0.000000000000000000e+00,0.000000000000000000e+00,0.000000000000000000e+00,0.000000000000000000e+00,0.000000000000000000e+00
1.610468727425757152e+01,1.608409874218211399e+01,1.606342113064967236e+01,1.604276033232748588e+01,1.602211532991248077e+01,1.600148475714724228e+01,1.598086857260014071e+01,1.596026609969966259e+01,1.593967642378023086e+01,1.591909807623448891e+01,1.589853125852262394e+01,1.587797503645612629e+01,1.585742862763592242e+01,1.583689057512384224e+01,1.581652563642690623e+01,1.579599703792253429e+01,1.577547006712703848e+01,1.575495014600619470e+01,1.573443546726773867e+01,1.571392046177655999e+01,0.000000000000000000e+00,0.000000000000000000e+00,0.000000000000000000e+00,0.000000000000000000e+00,0.000000000000000000e+00,0.000000000000000000e+00,0.000000000000000000e+00,0.000000000000000000e+00,0.000000000000000000e+00,0.000000000000000000e+00,0.000000000000000000e+00,0.000000000000000000e+00,0.000000000000000000e+00,0.000000000000000000e+00,0.000000000000000000e+00,0.000000000000000000e+00,0.000000000000000000e+00,0.000000000000000000e+00,0.000000000000000000e+00,0.000000000000000000e+00
1.609097753280020271e+01,1.607035060942864391e+01,1.604963531355737061e+01,1.602893640820900600e+01,1.600825242446877184e+01,1.598758343540041515e+01,1.596692856394299476e+01,1.594628706228046511e+01,1.592565733417180240e+01,1.590503963560497525e+01,1.588443308971983114e+01,1.586383697218064270e+01,1.584324955533430312e+01,1.582283849841813428e+01,1.580226110233172676e+01,1.578168682325673089e+01,1.576111944541763421e+01,1.574055764239445843e+01,1.571999619391568359e+01,1.569943803941542093e+01,0.000000000000000000e+00,0.000000000000000000e+00,0.000000000000000000e+00,0.000000000000000000e+00,0.000000000000000000e+00,0.000000000000000000e+00,0.000000000000000000e+00,0.000000000000000000e+00,0.000000000000000000e+00,0.000000000000000000e+00,0.000000000000000000e+00,0.000000000000000000e+00,0.000000000000000000e+00,0.000000000000000000e+00,0.000000000000000000e+00,0.000000000000000000e+00,0.000000000000000000e+00,0.000000000000000000e+00,0.000000000000000000e+00,0.000000000000000000e+00
1.607719710350127329e+01,1.605653177601860904e+01,1.603577867984491334e+01,1.601504096073598049e+01,1.599431872386454856e+01,1.597361128588133461e+01,1.595291764296592163e+01,1.593223624889643375e+01,1.591156733634243992e+01,1.589091018243274966e+01,1.587026389996747611e+01,1.584962690346911884e+01,1.582899938570306375e+01,1.580854312724305721e+01,1.578792082543634478e+01,1.576730565516751525e+01,1.574669706645001455e+01,1.572608843587063987e+01,1.570548309512446750e+01,1.568488866085575140e+01,0.000000000000000000e+00,0.000000000000000000e+00,0.000000000000000000e+00,0.000000000000000000e+00,0.000000000000000000e+00,0.000000000000000000e+00,0.000000000000000000e+00,0.000000000000000000e+00,0.000000000000000000e+00,0.000000000000000000e+00,0.000000000000000000e+00,0.000000000000000000e+00,0.000000000000000000e+00,0.000000000000000000e+00,0.000000000000000000e+00,0.000000000000000000e+00,0.000000000000000000e+00,0.000000000000000000e+00,0.000000000000000000e+00,0.000000000000000000e+00
1.606334595808910137e+01,1.604264214776611652e+01,1.602185041729353543e+01,1.600107463959589182e+01,1.598031418789677360e+01,1.595956819097841972e+01,1.593883488935280823e+01,1.591811444155178989e+01,1.589740639258765320e+01,1.587670960672029352e+01,1.585602265165381297e+01,1.583534576886749790e+01,1.581484321910928159e+01,1.579417257200345404e+01,1.577350882047834091e+01,1.575285370503873139e+01,1.573219742084687489e+01,1.571154480974831102e+01,1.569090376354468219e+01,1.567026741242851884e+01,0.000000000000000000e+00,0.000000000000000000e+00,0.000000000000000000e+00,0.000000000000000000e+00,0.000000000000000000e+00,0.000000000000000000e+00,0.000000000000000000e+00,0.000000000000000000e+00,0.000000000000000000e+00,0.000000000000000000e+00,0.000000000000000000e+00,0.000000000000000000e+00,0.000000000000000000e+00,0.000000000000000000e+00,0.000000000000000000e+00,0.000000000000000000e+00,0.000000000000000000e+00,0.000000000000000000e+00,0.000000000000000000e+00,0.000000000000000000e+00
1.604942398960680094e+01,1.602868082491015045e+01,1.600785124844791341e+01,1.598703747003192888e+01,1.596623871448364795e+01,1.594545333096361617e+01,1.592468104060696810e+01,1.590392173411294152e+01,1.588317421160075860e+01,1.586243696772773148e+01,1.584171039697922367e+01,1.582116146468136364e+01,1.580044213930346331e+01,1.577972953944299839e+01,1.575902661914687819e+01,1.573832345789106135e+01,1.571762323714774112e+01,1.569693498515266938e+01,1.567625266217962121e+01,1.565557953884428422e+01,0.000000000000000000e+00,0.000000000000000000e+00,0.000000000000000000e+00,0.000000000000000000e+00,0.000000000000000000e+00,0.000000000000000000e+00,0.000000000000000000e+00,0.000000000000000000e+00,0.000000000000000000e+00,0.000000000000000000e+00,0.000000000000000000e+00,0.000000000000000000e+00,0.000000000000000000e+00,0.000000000000000000e+00,0.000000000000000000e+00,0.000000000000000000e+00,0.000000000000000000e+00,0.000000000000000000e+00,0.000000000000000000e+00,0.000000000000000000e+00
1.603543031847016920e+01,1.601464860680508906e+01,1.599378120085311039e+01,1.597292934569080103e+01,1.595209155967931380e+01,1.593126720980801103e+01,1.591045629945700846e+01,1.588965777937225710e+01,1.586886994545575291e+01,1.584809334081602472e+01,1.582732709764221823e+01,1.580672961122438736e+01,1.578596788675473661e+01,1.576521683384709682e+01,1.574446598418908749e+01,1.572371853774032857e+01,1.570298270052249379e+01,1.568225350280069996e+01,1.566153457040470087e+01,1.564082318215601930e+01,0.000000000000000000e+00,0.000000000000000000e+00,0.000000000000000000e+00,0.000000000000000000e+00,0.000000000000000000e+00,0.000000000000000000e+00,0.000000000000000000e+00,0.000000000000000000e+00,0.000000000000000000e+00,0.000000000000000000e+00,0.000000000000000000e+00,0.000000000000000000e+00,0.000000000000000000e+00,0.000000000000000000e+00,0.000000000000000000e+00,0.000000000000000000e+00,0.000000000000000000e+00,0.000000000000000000e+00,0.000000000000000000e+00,0.000000000000000000e+00
1.602136572179941254e+01,1.600054543943549845e+01,1.597964018942782616e+01,1.595874963929171741e+01,1.593787296185781521e+01,1.591701018421410474e+01,1.589616038049783597e+01,1.587532165509113469e+01,1.585449473062386616e+01,1.583367856766260395e+01,1.581303501633028574e+01,1.579222394007757302e+01,1.577142449961936954e+01,1.575062542205356664e+01,1.572983049158860602e+01,1.570904698262843979e+01,1.568827061869630946e+01,1.566750547861965259e+01,1.564674801610695098e+01,1.562599523235700083e+01,0.000000000000000000e+00,0.000000000000000000e+00,0.000000000000000000e+00,0.000000000000000000e+00,0.000000000000000000e+00,0.000000000000000000e+00,0.000000000000000000e+00,0.000000000000000000e+00,0.000000000000000000e+00,0.000000000000000000e+00,0.000000000000000000e+00,0.000000000000000000e+00,0.000000000000000000e+00,0.000000000000000000e+00,0.000000000000000000e+00,0.000000000000000000e+00,0.000000000000000000e+00,0.000000000000000000e+00,0.000000000000000000e+00,0.000000000000000000e+00
1.600723012639351239e+01,1.598637129661683787e+01,1.596542763568909784e+01,1.594449831170581078e+01,1.592358345246029572e+01,1.590268207044432813e+01,1.588179217097894735e+01,1.586091463866070406e+01,1.584004826258528986e+01,1.581935752155947839e+01,1.579849777927731047e+01,1.577764947090627601e+01,1.575680205367300957e+01,1.573595874903163860e+01,1.571512792590507956e+01,1.569430408192198634e+01,1.567349207061869976e+01,1.565268867625958293e+01,1.563188993822802608e+01,1.561109167435508560e+01,0.000000000000000000e+00,0.000000000000000000e+00,0.000000000000000000e+00,0.000000000000000000e+00,0.000000000000000000e+00,0.000000000000000000e+00,0.000000000000000000e+00,0.000000000000000000e+00,0.000000000000000000e+00,0.000000000000000000e+00,0.000000000000000000e+00,0.000000000000000000e+00,0.000000000000000000e+00,0.000000000000000000e+00,0.000000000000000000e+00,0.000000000000000000e+00,0.000000000000000000e+00,0.000000000000000000e+00,0.000000000000000000e+00,0.000000000000000000e+00
1.599302353612489114e+01,1.597212563343927982e+01,1.595114339688478111e+01,1.593017607099843502e+01,1.590922289514434773e+01,1.588828156570182060e+01,1.586735303600777769e+01,1.584643624550977492e+01,1.582569810081118078e+01,1.580478891736730063e+01,1.578389159764996208e+01,1.576299594870756948e+01,1.574210397985858734e+01,1.572122517149828980e+01,1.570035396500481362e+01,1.567949466174132489e+01,1.565864523039690859e+01,1.563780022278785964e+01,1.561695627960945565e+01,1.559940406553976366e+01,0.000000000000000000e+00,0.000000000000000000e+00,0.000000000000000000e+00,0.000000000000000000e+00,0.000000000000000000e+00,0.000000000000000000e+00,0.000000000000000000e+00,0.000000000000000000e+00,0.000000000000000000e+00,0.000000000000000000e+00,0.000000000000000000e+00,0.000000000000000000e+00,0.000000000000000000e+00,0.000000000000000000e+00,0.000000000000000000e+00,0.000000000000000000e+00,0.000000000000000000e+00,0.000000000000000000e+00,0.000000000000000000e+00,0.000000000000000000e+00
1.597874542403362241e+01,1.595780827051337347e+01,1.593678818950480824e+01,1.591578279036804133e+01,1.589478990067416930e+01,1.587381006982452547e+01,1.585284258800371404e+01,1.583188604071201055e+01,1.581109771678417530e+01,1.579015119670051703e+01,1.576920702132228769e+01,1.574826625711996897e+01,1.572733897209748477e+01,1.570642031342883627e+01,1.568551360939649797e+01,1.566461739141733389e+01,1.564372616905548519e+01,1.562283626757999144e+01,1.560524525241794791e+01,1.558765219050762774e+01,0.000000000000000000e+00,0.000000000000000000e+00,0.000000000000000000e+00,0.000000000000000000e+00,0.000000000000000000e+00,0.000000000000000000e+00,0.000000000000000000e+00,0.000000000000000000e+00,0.000000000000000000e+00,0.000000000000000000e+00,0.000000000000000000e+00,0.000000000000000000e+00,0.000000000000000000e+00,0.000000000000000000e+00,0.000000000000000000e+00,0.000000000000000000e+00,0.000000000000000000e+00,0.000000000000000000e+00,0.000000000000000000e+00,0.000000000000000000e+00
1.596439558623831090e+01,1.594341985427822905e+01,1.592236192805885864e+01,1.590131716433778664e+01,1.588028579789886763e+01,1.585926734872719379e+01,1.583826026485800753e+01,1.581742443030473666e+01,1.579642806630413787e+01,1.577543550346906542e+01,1.575444565064087499e+01,1.573346953157832218e+01,1.571250285740968700e+01,1.569154881096268284e+01,1.567060543842410247e+01,1.564966783959413732e+01,1.562873170887039009e+01,1.561110166787328346e+01,1.559346990461012439e+01,1.625439683136738722e+01,0.000000000000000000e+00,0.000000000000000000e+00,0.000000000000000000e+00,0.000000000000000000e+00,0.000000000000000000e+00,0.000000000000000000e+00,0.000000000000000000e+00,0.000000000000000000e+00,0.000000000000000000e+00,0.000000000000000000e+00,0.000000000000000000e+00,0.000000000000000000e+00,0.000000000000000000e+00,0.000000000000000000e+00,0.000000000000000000e+00,0.000000000000000000e+00,0.000000000000000000e+00,0.000000000000000000e+00,0.000000000000000000e+00,0.000000000000000000e+00
1.594997465432724226e+01,1.592896037920206354e+01,1.590786341505237900e+01,1.588678026763344064e+01,1.586571058647425581e+01,1.584465267931883403e+01,1.582376912818877912e+01,1.580272262579318010e+01,1.578168107547187304e+01,1.576064222120033165e+01,1.573961698935172926e+01,1.571860190368757415e+01,1.569760032161777552e+01,1.567660952742238756e+01,1.565562529804917524e+01,1.563464267072471259e+01,1.561697338100335486e+01,1.559930269370816092e+01,1.626153418135682216e+01,1.574879383471754579e+01,0.000000000000000000e+00,0.000000000000000000e+00,0.000000000000000000e+00,0.000000000000000000e+00,0.000000000000000000e+00,0.000000000000000000e+00,0.000000000000000000e+00,0.000000000000000000e+00,0.000000000000000000e+00,0.000000000000000000e+00,0.000000000000000000e+00,0.000000000000000000e+00,0.000000000000000000e+00,0.000000000000000000e+00,0.000000000000000000e+00,0.000000000000000000e+00,0.000000000000000000e+00,0.000000000000000000e+00,0.000000000000000000e+00,0.000000000000000000e+00
1.593548264591183283e+01,1.591442874802727836e+01,1.589329346649977381e+01,1.587217235726065567e+01,1.585106333254137745e+01,1.583013188311860731e+01,1.580903490887025953e+01,1.578794401563828842e+01,1.576685601523219482e+01,1.574578137375876352e+01,1.572471759077111564e+01,1.570366803277692647e+01,1.568262972185446813e+01,1.566159860468567366e+01,1.564056920602945233e+01,1.562286045678412805e+01,1.560515062545871423e+01,1.626869413260378394e+01,1.575748569163314627e+01,1.573772442057286725e+01,0.000000000000000000e+00,0.000000000000000000e+00,0.000000000000000000e+00,0.000000000000000000e+00,0.000000000000000000e+00,0.000000000000000000e+00,0.000000000000000000e+00,0.000000000000000000e+00,0.000000000000000000e+00,0.000000000000000000e+00,0.000000000000000000e+00,0.000000000000000000e+00,0.000000000000000000e+00,0.000000000000000000e+00,0.000000000000000000e+00,0.000000000000000000e+00,0.000000000000000000e+00,0.000000000000000000e+00,0.000000000000000000e+00,0.000000000000000000e+00
1.592091851422472715e+01,1.589982551834860658e+01,1.587865264015826128e+01,1.585749228647969389e+01,1.583651273963693740e+01,1.581536495149142851e+01,1.579422452971543933e+01,1.577308666852647612e+01,1.575196269900552792e+01,1.573084998239893473e+01,1.570975198557357899e+01,1.568866607657617607e+01,1.566758770128226885e+01,1.564651137279152415e+01,1.562876294999196602e+01,1.561101376231896509e+01,1.627587746051532491e+01,1.576619840621982860e+01,1.574638031480339606e+01,1.572658840827895510e+01,0.000000000000000000e+00,0.000000000000000000e+00,0.000000000000000000e+00,0.000000000000000000e+00,0.000000000000000000e+00,0.000000000000000000e+00,0.000000000000000000e+00,0.000000000000000000e+00,0.000000000000000000e+00,0.000000000000000000e+00,0.000000000000000000e+00,0.000000000000000000e+00,0.000000000000000000e+00,0.000000000000000000e+00,0.000000000000000000e+00,0.000000000000000000e+00,0.000000000000000000e+00,0.000000000000000000e+00,0.000000000000000000e+00,0.000000000000000000e+00
1.590628268431991188e+01,1.588515145789296135e+01,1.586393958953853911e+01,1.584274013963447558e+01,1.582171282539938773e+01,1.580052264799295969e+01,1.577933446160362152e+01,1.575816107922216602e+01,1.573699909177210898e+01,1.571585241692167401e+01,1.569471866717755937e+01,1.567359261332891585e+01,1.565246919236039957e+01,1.563468091646868530e+01,1.561689216137741631e+01,1.628308439403715369e+01,1.577493209934286078e+01,1.575505680052022228e+01,1.573520825611615948e+01,1.571524192948313825e+01,0.000000000000000000e+00,0.000000000000000000e+00,0.000000000000000000e+00,0.000000000000000000e+00,0.000000000000000000e+00,0.000000000000000000e+00,0.000000000000000000e+00,0.000000000000000000e+00,0.000000000000000000e+00,0.000000000000000000e+00,0.000000000000000000e+00,0.000000000000000000e+00,0.000000000000000000e+00,0.000000000000000000e+00,0.000000000000000000e+00,0.000000000000000000e+00,0.000000000000000000e+00,0.000000000000000000e+00,0.000000000000000000e+00,0.000000000000000000e+00
1.589157603120435525e+01,1.587040523118517754e+01,1.584915443234791077e+01,1.582807862934230059e+01,1.580683842163279706e+01,1.578559949975252508e+01,1.576437622797483584e+01,1.574316499421174065e+01,1.572196938281156164e+01,1.570078754788865183e+01,1.567961349232173518e+01,1.565844263330768626e+01,1.564061438152367067e+01,1.562278587589887735e+01,1.629031513910288709e+01,1.578368699428789590e+01,1.576375397744993734e+01,1.574384842350306357e+01,1.572366011113527939e+01,1.570366514233452548e+01,0.000000000000000000e+00,0.000000000000000000e+00,0.000000000000000000e+00,0.000000000000000000e+00,0.000000000000000000e+00,0.000000000000000000e+00,0.000000000000000000e+00,0.000000000000000000e+00,0.000000000000000000e+00,0.000000000000000000e+00,0.000000000000000000e+00,0.000000000000000000e+00,0.000000000000000000e+00,0.000000000000000000e+00,0.000000000000000000e+00,0.000000000000000000e+00,0.000000000000000000e+00,0.000000000000000000e+00,0.000000000000000000e+00,0.000000000000000000e+00
1.587679727183673606e+01,1.585558682767062422e+01,1.583446237051490257e+01,1.581317192432739738e+01,1.579188194423623592e+01,1.577060849004513088e+01,1.574934776801955216e+01,1.572810293925341973e+01,1.570687255752244127e+01,1.568565041903207735e+01,1.566443187139163484e+01,1.564656330302434384e+01,1.562869493527328935e+01,1.629756900761800154e+01,1.579246316953626916e+01,1.577247206774814536e+01,1.575250899403282823e+01,1.573226297723075717e+01,1.571204875941408119e+01,1.569202512658385373e+01,0.000000000000000000e+00,0.000000000000000000e+00,0.000000000000000000e+00,0.000000000000000000e+00,0.000000000000000000e+00,0.000000000000000000e+00,0.000000000000000000e+00,0.000000000000000000e+00,0.000000000000000000e+00,0.000000000000000000e+00,0.000000000000000000e+00,0.000000000000000000e+00,0.000000000000000000e+00,0.000000000000000000e+00,0.000000000000000000e+00,0.000000000000000000e+00,0.000000000000000000e+00,0.000000000000000000e+00,0.000000000000000000e+00,0.000000000000000000e+00
1.586194620179948167e+01,1.584086408392462531e+01,1.581952314344647093e+01,1.579818179730009753e+01,1.577685793840217343e+01,1.575554736148632884e+01,1.573425311455354603e+01,1.571297390559355200e+01,1.569170345701944669e+01,1.567043695915281987e+01,1.565252785959444459e+01,1.563461928702667336e+01,1.630484667507652929e+01,1.580126063807252912e+01,1.578121115222794835e+01,1.576119019752909978e+01,1.574088595042710992e+01,1.572061428689255358e+01,1.570037400320126153e+01,1.568032119563154758e+01,0.000000000000000000e+00,0.000000000000000000e+00,0.000000000000000000e+00,0.000000000000000000e+00,0.000000000000000000e+00,0.000000000000000000e+00,0.000000000000000000e+00,0.000000000000000000e+00,0.000000000000000000e+00,0.000000000000000000e+00,0.000000000000000000e+00,0.000000000000000000e+00,0.000000000000000000e+00,0.000000000000000000e+00,0.000000000000000000e+00,0.000000000000000000e+00,0.000000000000000000e+00,0.000000000000000000e+00,0.000000000000000000e+00,0.000000000000000000e+00
1.584719292503029564e+01,1.582589193155326690e+01,1.580449913375842108e+01,1.578312461820643442e+01,1.576176378332740668e+01,1.574041996001756338e+01,1.571909167466217383e+01,1.569777265590078308e+01,1.567645794951675953e+01,1.565850810303278529e+01,1.564055911287991485e+01,1.631214841400755944e+01,1.581007922820121614e+01,1.578997127525371269e+01,1.576989210608774883e+01,1.574952927490877030e+01,1.572919962331564925e+01,1.570890218188736043e+01,1.568879720343351991e+01,1.566855349780036022e+01,0.000000000000000000e+00,0.000000000000000000e+00,0.000000000000000000e+00,0.000000000000000000e+00,0.000000000000000000e+00,0.000000000000000000e+00,0.000000000000000000e+00,0.000000000000000000e+00,0.000000000000000000e+00,0.000000000000000000e+00,0.000000000000000000e+00,0.000000000000000000e+00,0.000000000000000000e+00,0.000000000000000000e+00,0.000000000000000000e+00,0.000000000000000000e+00,0.000000000000000000e+00,0.000000000000000000e+00,0.000000000000000000e+00,0.000000000000000000e+00
1.583218821557860068e+01,1.581083397455813078e+01,1.578940856266096660e+01,1.576799720256120452e+01,1.574660358355514234e+01,1.572522591428555572e+01,1.570385806554297758e+01,1.568249489162209365e+01,1.566450408489391855e+01,1.564651446256545952e+01,1.631947445944983599e+01,1.581891927333407821e+01,1.579875220271150127e+01,1.577861479401576261e+01,1.575819301795211835e+01,1.573780502493604594e+01,1.571744984242623389e+01,1.569712642675198566e+01,1.567699202028623873e+01,1.565672215556774383e+01,0.000000000000000000e+00,0.000000000000000000e+00,0.000000000000000000e+00,0.000000000000000000e+00,0.000000000000000000e+00,0.000000000000000000e+00,0.000000000000000000e+00,0.000000000000000000e+00,0.000000000000000000e+00,0.000000000000000000e+00,0.000000000000000000e+00,0.000000000000000000e+00,0.000000000000000000e+00,0.000000000000000000e+00,0.000000000000000000e+00,0.000000000000000000e+00,0.000000000000000000e+00,0.000000000000000000e+00,0.000000000000000000e+00,0.000000000000000000e+00
1.581709739980711049e+01,1.579570981018696152e+01,1.577424763919437645e+01,1.575280398194137987e+01,1.573137666937790513e+01,1.570995973187738848e+01,1.568854783252353968e+01,1.567051585320625939e+01,1.565248538754437213e+01,1.632682483390327377e+01,1.582778086251616756e+01,1.580755428991670541e+01,1.578735798191236306e+01,1.576687725458566192e+01,1.574643056755379433e+01,1.572601728410947075e+01,1.570563643375492546e+01,1.568528674926415789e+01,1.566512318161509221e+01,1.564482700688321515e+01,0.000000000000000000e+00,0.000000000000000000e+00,0.000000000000000000e+00,0.000000000000000000e+00,0.000000000000000000e+00,0.000000000000000000e+00,0.000000000000000000e+00,0.000000000000000000e+00,0.000000000000000000e+00,0.000000000000000000e+00,0.000000000000000000e+00,0.000000000000000000e+00,0.000000000000000000e+00,0.000000000000000000e+00,0.000000000000000000e+00,0.000000000000000000e+00,0.000000000000000000e+00,0.000000000000000000e+00,0.000000000000000000e+00,0.000000000000000000e+00
1.580194033529459219e+01,1.578051517130543502e+01,1.575902104630674572e+01,1.573754394797693834e+01,1.571607769218721806e+01,1.569461681548521170e+01,1.567654345418622341e+01,1.565847193461566889e+01,1.633419904903357178e+01,1.583666405182268733e+01,1.581637761773339435e+01,1.579612203426589900e+01,1.577558174328587270e+01,1.575507630488331401e+01,1.573460458495706149e+01,1.571416588773790579e+01,1.569375899543189412e+01,1.567338318349651871e+01,1.565319050394142941e+01,1.563286779876093746e+01,0.000000000000000000e+00,0.000000000000000000e+00,0.000000000000000000e+00,0.000000000000000000e+00,0.000000000000000000e+00,0.000000000000000000e+00,0.000000000000000000e+00,0.000000000000000000e+00,0.000000000000000000e+00,0.000000000000000000e+00,0.000000000000000000e+00,0.000000000000000000e+00,0.000000000000000000e+00,0.000000000000000000e+00,0.000000000000000000e+00,0.000000000000000000e+00,0.000000000000000000e+00,0.000000000000000000e+00,0.000000000000000000e+00,0.000000000000000000e+00
1.578671267621909635e+01,1.576525493410401779e+01,1.574372779353206475e+01,1.572221198199640213e+01,1.570070188215180451e+01,1.568258693021210348e+01,1.566447414869469412e+01,1.634159770141582868e+01,1.584556894168692764e+01,1.582522225187025988e+01,1.580490702502795841e+01,1.578430677662652570e+01,1.576374204785017952e+01,1.574321179961930639e+01,1.572271490796153870e+01,1.570225046287295712e+01,1.568181763369130799e+01,1.566157282174296483e+01,1.564119382115092804e+01,1.562084427866998837e+01,0.000000000000000000e+00,0.000000000000000000e+00,0.000000000000000000e+00,0.000000000000000000e+00,0.000000000000000000e+00,0.000000000000000000e+00,0.000000000000000000e+00,0.000000000000000000e+00,0.000000000000000000e+00,0.000000000000000000e+00,0.000000000000000000e+00,0.000000000000000000e+00,0.000000000000000000e+00,0.000000000000000000e+00,0.000000000000000000e+00,0.000000000000000000e+00,0.000000000000000000e+00,0.000000000000000000e+00,0.000000000000000000e+00,0.000000000000000000e+00
1.577141954112417110e+01,1.574992826113970423e+01,1.572836258022047495e+01,1.570680306428151596e+01,1.568864632121393043e+01,1.567049207116145837e+01,1.634902109608407272e+01,1.585449548813107690e+01,1.583408827449072476e+01,1.581371302864173956e+01,1.579305244431968092e+01,1.577242804553217148e+01,1.575183875962231106e+01,1.573128357359322393e+01,1.571076119878843258e+01,1.569027102191439305e+01,1.566981219893818889e+01,1.564953840893090131e+01,1.562913297865960160e+01,1.560875646595511412e+01,0.000000000000000000e+00,0.000000000000000000e+00,0.000000000000000000e+00,0.000000000000000000e+00,0.000000000000000000e+00,0.000000000000000000e+00,0.000000000000000000e+00,0.000000000000000000e+00,0.000000000000000000e+00,0.000000000000000000e+00,0.000000000000000000e+00,0.000000000000000000e+00,0.000000000000000000e+00,0.000000000000000000e+00,0.000000000000000000e+00,0.000000000000000000e+00,0.000000000000000000e+00,0.000000000000000000e+00,0.000000000000000000e+00,0.000000000000000000e+00
1.575606012648982279e+01,1.573452952679883410e+01,1.571292034369122703e+01,1.569472166642082556e+01,1.567652574131385457e+01,1.635646937025169123e+01,1.586344363110900346e+01,1.584297567517119987e+01,1.582254011226610046e+01,1.580181882349735822e+01,1.578113437511477990e+01,1.576048566500544013e+01,1.573987171610924563e+01,1.571929130212834380e+01,1.569874342806561529e+01,1.567822747417734774e+01,1.565790033662008085e+01,1.563743979694540087e+01,1.561700759048405374e+01,1.559660335255348329e+01,0.000000000000000000e+00,0.000000000000000000e+00,0.000000000000000000e+00,0.000000000000000000e+00,0.000000000000000000e+00,0.000000000000000000e+00,0.000000000000000000e+00,0.000000000000000000e+00,0.000000000000000000e+00,0.000000000000000000e+00,0.000000000000000000e+00,0.000000000000000000e+00,0.000000000000000000e+00,0.000000000000000000e+00,0.000000000000000000e+00,0.000000000000000000e+00,0.000000000000000000e+00,0.000000000000000000e+00,0.000000000000000000e+00,0.000000000000000000e+00
1.574062854100089481e+01,1.571905380863787371e+01,1.570081300005543667e+01,1.568257519658615351e+01,1.636394265503474088e+01,1.587241358854305417e+01,1.585188435190014999e+01,1.583138829284717630e+01,1.581060597433506842e+01,1.578986110399300458e+01,1.576915263379225962e+01,1.574847950042398281e+01,1.572784065072847071e+01,1.570723488036942506e+01,1.568666148654888914e+01,1.566611967014762996e+01,1.564576368230274284e+01,1.562527680712540601e+01,1.560481704190586250e+01,1.558438548520218170e+01,0.000000000000000000e+00,0.000000000000000000e+00,0.000000000000000000e+00,0.000000000000000000e+00,0.000000000000000000e+00,0.000000000000000000e+00,0.000000000000000000e+00,0.000000000000000000e+00,0.000000000000000000e+00,0.000000000000000000e+00,0.000000000000000000e+00,0.000000000000000000e+00,0.000000000000000000e+00,0.000000000000000000e+00,0.000000000000000000e+00,0.000000000000000000e+00,0.000000000000000000e+00,0.000000000000000000e+00,0.000000000000000000e+00,0.000000000000000000e+00
1.572512000163945700e+01,1.570692030437542641e+01,1.568864047128542083e+01,1.637144094455943844e+01,1.588140545408491811e+01,1.586081456660062550e+01,1.584025743709152323e+01,1.581941395308230014e+01,1.579860830592408050e+01,1.577783970929493762e+01,1.575710705831138370e+01,1.573640932575741402e+01,1.571574534306250825e+01,1.569511430820839237e+01,1.567451526007444684e+01,1.565394745963617851e+01,1.563356264893997860e+01,1.561304856948499520e+01,1.559256155259650711e+01,1.557210306691052004e+01,0.000000000000000000e+00,0.000000000000000000e+00,0.000000000000000000e+00,0.000000000000000000e+00,0.000000000000000000e+00,0.000000000000000000e+00,0.000000000000000000e+00,0.000000000000000000e+00,0.000000000000000000e+00,0.000000000000000000e+00,0.000000000000000000e+00,0.000000000000000000e+00,0.000000000000000000e+00,0.000000000000000000e+00,0.000000000000000000e+00,0.000000000000000000e+00,0.000000000000000000e+00,0.000000000000000000e+00,0.000000000000000000e+00,0.000000000000000000e+00
1.571296078743344538e+01,1.569472159386497800e+01,1.637896406906317992e+01,1.589041927799843812e+01,1.586976634437705869e+01,1.584914780832488468e+01,1.582824257448202587e+01,1.580737605061054651e+01,1.578654694501361533e+01,1.576575445003693687e+01,1.574499749767018031e+01,1.572427482271261212e+01,1.570358584417987302e+01,1.568292937746945981e+01,1.566230460348318232e+01,1.564171069841843931e+01,1.562129668144583583e+01,1.560075508054680604e+01,1.558024144620496898e+01,1.555975586070633199e+01,0.000000000000000000e+00,0.000000000000000000e+00,0.000000000000000000e+00,0.000000000000000000e+00,0.000000000000000000e+00,0.000000000000000000e+00,0.000000000000000000e+00,0.000000000000000000e+00,0.000000000000000000e+00,0.000000000000000000e+00,0.000000000000000000e+00,0.000000000000000000e+00,0.000000000000000000e+00,0.000000000000000000e+00,0.000000000000000000e+00,0.000000000000000000e+00,0.000000000000000000e+00,0.000000000000000000e+00,0.000000000000000000e+00,0.000000000000000000e+00
1.570073635696283532e+01,1.638651221866879482e+01,1.589945513018761325e+01,1.587873976722651292e+01,1.585805946819270318e+01,1.583709211258553395e+01,1.581616413874935034e+01,1.579527440970446861e+01,1.577442171964558781e+01,1.575360517992811715e+01,1.573282350195171553e+01,1.571207611773867718e+01,1.569136200683947990e+01,1.567067998999043787e+01,1.565002936375933373e+01,1.562956228399935199e+01,1.560896511760163108e+01,1.558839699889395902e+01,1.556785653592091023e+01,1.554734345114851024e+01,0.000000000000000000e+00,0.000000000000000000e+00,0.000000000000000000e+00,0.000000000000000000e+00,0.000000000000000000e+00,0.000000000000000000e+00,0.000000000000000000e+00,0.000000000000000000e+00,0.000000000000000000e+00,0.000000000000000000e+00,0.000000000000000000e+00,0.000000000000000000e+00,0.000000000000000000e+00,0.000000000000000000e+00,0.000000000000000000e+00,0.000000000000000000e+00,0.000000000000000000e+00,0.000000000000000000e+00,0.000000000000000000e+00,0.000000000000000000e+00
1.639395702671970412e+01,1.590851307145743121e+01,1.588773489568057684e+01,1.586699243104910906e+01,1.584596262261367627e+01,1.582497283065426963e+01,1.580402197107893336e+01,1.578310889943332285e+01,1.576223244649021993e+01,1.574139144538137458e+01,1.572058529562174733e+01,1.569981305209352307e+01,1.567907363462264492e+01,1.565836600547813617e+01,1.563768936069417492e+01,1.561719244920962524e+01,1.559656891978726989e+01,1.557597415430842247e+01,1.555540664681291929e+01,1.553486504260668610e+01,0.000000000000000000e+00,0.000000000000000000e+00,0.000000000000000000e+00,0.000000000000000000e+00,0.000000000000000000e+00,0.000000000000000000e+00,0.000000000000000000e+00,0.000000000000000000e+00,0.000000000000000000e+00,0.000000000000000000e+00,0.000000000000000000e+00,0.000000000000000000e+00,0.000000000000000000e+00,0.000000000000000000e+00,0.000000000000000000e+00,0.000000000000000000e+00,0.000000000000000000e+00,0.000000000000000000e+00,0.000000000000000000e+00,0.000000000000000000e+00
1.591749728026854527e+01,1.589675178409033229e+01,1.587594677588147007e+01,1.585485416323379582e+01,1.583380218482968260e+01,1.581278979976131893e+01,1.579181591066331158e+01,1.577087935848073741e+01,1.574997870390985000e+01,1.572911344110853626e+01,1.570828271439376778e+01,1.568748544770544129e+01,1.566672063933177128e+01,1.564598726283307784e+01,1.562543727473852861e+01,1.560475780279653257e+01,1.558410793286999407e+01,1.556348638152401342e+01,1.554289054668502956e+01,1.552232110856323288e+01,0.000000000000000000e+00,0.000000000000000000e+00,0.000000000000000000e+00,0.000000000000000000e+00,0.000000000000000000e+00,0.000000000000000000e+00,0.000000000000000000e+00,0.000000000000000000e+00,0.000000000000000000e+00,0.000000000000000000e+00,0.000000000000000000e+00,0.000000000000000000e+00,0.000000000000000000e+00,0.000000000000000000e+00,0.000000000000000000e+00,0.000000000000000000e+00,0.000000000000000000e+00,0.000000000000000000e+00,0.000000000000000000e+00,0.000000000000000000e+00
1.590569546658985089e+01,1.588492256119439716e+01,1.586376674877779536e+01,1.584265225177060898e+01,1.582157798888079903e+01,1.580054286421714593e+01,1.577954580444020038e+01,1.575858533272722539e+01,1.573766061536127125e+01,1.571677105579741252e+01,1.569591560732183311e+01,1.567509316359919680e+01,1.565430288403323011e+01,1.563354330259340763e+01,1.561296395165103590e+01,1.559225835468457255e+01,1.557158200126278302e+01,1.555093259561219909e+01,1.553030871407420577e+01,1.550971220098824332e+01,0.000000000000000000e+00,0.000000000000000000e+00,0.000000000000000000e+00,0.000000000000000000e+00,0.000000000000000000e+00,0.000000000000000000e+00,0.000000000000000000e+00,0.000000000000000000e+00,0.000000000000000000e+00,0.000000000000000000e+00,0.000000000000000000e+00,0.000000000000000000e+00,0.000000000000000000e+00,0.000000000000000000e+00,0.000000000000000000e+00,0.000000000000000000e+00,0.000000000000000000e+00,0.000000000000000000e+00,0.000000000000000000e+00,0.000000000000000000e+00
1.589382556757066745e+01,1.587270043443364820e+01,1.585152308422823708e+01,1.583038658047946257e+01,1.580928987439722810e+01,1.578823186781147214e+01,1.576721129276620736e+01,1.574622686571426655e+01,1.572527813013082110e+01,1.570436413061785785e+01,1.568348377429188290e+01,1.566263609590251171e+01,1.564181986904169719e+01,1.562103439036382824e+01,1.560042577953259624e+01,1.557969394258798346e+01,1.555899039191095667e+01,1.553831259704799805e+01,1.551766188850362482e+01,1.549703770053996443e+01,0.000000000000000000e+00,0.000000000000000000e+00,0.000000000000000000e+00,0.000000000000000000e+00,0.000000000000000000e+00,0.000000000000000000e+00,0.000000000000000000e+00,0.000000000000000000e+00,0.000000000000000000e+00,0.000000000000000000e+00,0.000000000000000000e+00,0.000000000000000000e+00,0.000000000000000000e+00,0.000000000000000000e+00,0.000000000000000000e+00,0.000000000000000000e+00,0.000000000000000000e+00,0.000000000000000000e+00,0.000000000000000000e+00,0.000000000000000000e+00
1.588156179420521852e+01,1.586041470278896703e+01,1.583921562094609037e+01,1.581805698559769446e+01,1.579693769037742612e+01,1.577585651609206963e+01,1.575481219267419242e+01,1.573380399403749053e+01,1.571283110120624826e+01,1.569189250655658086e+01,1.567098712338029642e+01,1.565011378000519748e+01,1.562927186062058027e+01,1.560861025954374526e+01,1.558782262731222623e+01,1.556706393811892397e+01,1.554633225578445810e+01,1.552562760975222922e+01,1.550494987376562861e+01,1.548429628931274316e+01,0.000000000000000000e+00,0.000000000000000000e+00,0.000000000000000000e+00,0.000000000000000000e+00,0.000000000000000000e+00,0.000000000000000000e+00,0.000000000000000000e+00,0.000000000000000000e+00,0.000000000000000000e+00,0.000000000000000000e+00,0.000000000000000000e+00,0.000000000000000000e+00,0.000000000000000000e+00,0.000000000000000000e+00,0.000000000000000000e+00,0.000000000000000000e+00,0.000000000000000000e+00,0.000000000000000000e+00,0.000000000000000000e+00,0.000000000000000000e+00
1.586923441438539584e+01,1.584806515559727202e+01,1.582684423598304235e+01,1.580566331146563641e+01,1.578452119665838893e+01,1.576341651053109771e+01,1.574234867294876850e+01,1.572131656631838226e+01,1.570031937492135299e+01,1.567935600665646945e+01,1.565842522216047783e+01,1.563752642237697721e+01,1.561665870593051153e+01,1.559596809893155189e+01,1.557515396463311319e+01,1.555436743077305550e+01,1.553360897347925018e+01,1.551287741979917811e+01,1.549217085303106600e+01,1.547148848194452597e+01,0.000000000000000000e+00,0.000000000000000000e+00,0.000000000000000000e+00,0.000000000000000000e+00,0.000000000000000000e+00,0.000000000000000000e+00,0.000000000000000000e+00,0.000000000000000000e+00,0.000000000000000000e+00,0.000000000000000000e+00,0.000000000000000000e+00,0.000000000000000000e+00,0.000000000000000000e+00,0.000000000000000000e+00,0.000000000000000000e+00,0.000000000000000000e+00,0.000000000000000000e+00,0.000000000000000000e+00,0.000000000000000000e+00,0.000000000000000000e+00
1.585684324350318164e+01,1.583565166568108751e+01,1.581440876956620301e+01,1.579320538843494859e+01,1.577203998898404791e+01,1.575091204296326453e+01,1.572982057891023722e+01,1.570876444008257167e+01,1.568774277135325512e+01,1.566675424943936079e+01,1.564579823278394599e+01,1.562487394759186188e+01,1.560413041782712895e+01,1.558326052961529129e+01,1.556241881624402268e+01,1.554160566883408734e+01,1.552082048973674233e+01,1.550006071805862007e+01,1.547932498182011152e+01,1.545861549359733900e+01,0.000000000000000000e+00,0.000000000000000000e+00,0.000000000000000000e+00,0.000000000000000000e+00,0.000000000000000000e+00,0.000000000000000000e+00,0.000000000000000000e+00,0.000000000000000000e+00,0.000000000000000000e+00,0.000000000000000000e+00,0.000000000000000000e+00,0.000000000000000000e+00,0.000000000000000000e+00,0.000000000000000000e+00,0.000000000000000000e+00,0.000000000000000000e+00,0.000000000000000000e+00,0.000000000000000000e+00,0.000000000000000000e+00,0.000000000000000000e+00
1.584438810608508241e+01,1.582317409906512218e+01,1.580190906981374255e+01,1.578068264438600110e+01,1.575949428789841988e+01,1.573834300018391730e+01,1.571722775865428012e+01,1.569614746675733841e+01,1.567510090277686885e+01,1.565408734712617900e+01,1.563310611971422937e+01,1.561215614418815179e+01,1.559138367315675211e+01,1.557048633126454718e+01,1.554961819488639918e+01,1.552877858872961347e+01,1.550796590732245228e+01,1.548717668534334813e+01,1.546641412192940557e+01,1.544567630122478974e+01,0.000000000000000000e+00,0.000000000000000000e+00,0.000000000000000000e+00,0.000000000000000000e+00,0.000000000000000000e+00,0.000000000000000000e+00,0.000000000000000000e+00,0.000000000000000000e+00,0.000000000000000000e+00,0.000000000000000000e+00,0.000000000000000000e+00,0.000000000000000000e+00,0.000000000000000000e+00,0.000000000000000000e+00,0.000000000000000000e+00,0.000000000000000000e+00,0.000000000000000000e+00,0.000000000000000000e+00,0.000000000000000000e+00,0.000000000000000000e+00
1.583186888203974974e+01,1.581063229991709207e+01,1.578934453867605470e+01,1.576809543721228479e+01,1.574688400261540266e+01,1.572570924027581718e+01,1.570457009328382014e+01,1.568346520432400126e+01,1.566239380769525802e+01,1.564135532164612030e+01,1.562034868892331474e+01,1.559937296760810099e+01,1.557857008696233692e+01,1.555764671087068507e+01,1.553675238452059659e+01,1.551588551550616302e+01,1.549504342783140665e+01,1.547422752607542407e+01,1.545343713395819663e+01,1.543266792611362348e+01,0.000000000000000000e+00,0.000000000000000000e+00,0.000000000000000000e+00,0.000000000000000000e+00,0.000000000000000000e+00,0.000000000000000000e+00,0.000000000000000000e+00,0.000000000000000000e+00,0.000000000000000000e+00,0.000000000000000000e+00,0.000000000000000000e+00,0.000000000000000000e+00,0.000000000000000000e+00,0.000000000000000000e+00,0.000000000000000000e+00,0.000000000000000000e+00,0.000000000000000000e+00,0.000000000000000000e+00,0.000000000000000000e+00,0.000000000000000000e+00
1.581928542728680220e+01,1.579802570754973168e+01,1.577671553318046627e+01,1.575544362161396350e+01,1.573420899328586131e+01,1.571301062517755653e+01,1.569184720639653108e+01,1.567071765540938522e+01,1.564962159488884552e+01,1.562855800731451694e+01,1.560752584588571601e+01,1.558666990708648115e+01,1.556569130775993770e+01,1.554474179980776682e+01,1.552382056923685028e+01,1.550292454935485864e+01,1.548205594370161364e+01,1.546121268813201688e+01,1.544039080143468468e+01,1.541959328878714786e+01,0.000000000000000000e+00,0.000000000000000000e+00,0.000000000000000000e+00,0.000000000000000000e+00,0.000000000000000000e+00,0.000000000000000000e+00,0.000000000000000000e+00,0.000000000000000000e+00,0.000000000000000000e+00,0.000000000000000000e+00,0.000000000000000000e+00,0.000000000000000000e+00,0.000000000000000000e+00,0.000000000000000000e+00,0.000000000000000000e+00,0.000000000000000000e+00,0.000000000000000000e+00,0.000000000000000000e+00,0.000000000000000000e+00,0.000000000000000000e+00
1.580663719328550343e+01,1.578535457221808969e+01,1.576402188661228188e+01,1.574272707997073795e+01,1.572146912493382587e+01,1.570024686439813522e+01,1.567905891179737665e+01,1.565790497472925935e+01,1.563678411045979111e+01,1.561569522559708645e+01,1.559478562127881140e+01,1.557375179940153842e+01,1.555274697950647500e+01,1.553177110558339713e+01,1.551082085040220271e+01,1.548989840309281263e+01,1.546900297576134875e+01,1.544812805569865688e+01,1.542727854115773489e+01,1.540645294842072843e+01,0.000000000000000000e+00,0.000000000000000000e+00,0.000000000000000000e+00,0.000000000000000000e+00,0.000000000000000000e+00,0.000000000000000000e+00,0.000000000000000000e+00,0.000000000000000000e+00,0.000000000000000000e+00,0.000000000000000000e+00,0.000000000000000000e+00,0.000000000000000000e+00,0.000000000000000000e+00,0.000000000000000000e+00,0.000000000000000000e+00,0.000000000000000000e+00,0.000000000000000000e+00,0.000000000000000000e+00,0.000000000000000000e+00,0.000000000000000000e+00
1.579392437287652839e+01,1.577261882889223799e+01,1.575126352138767771e+01,1.572994567399034693e+01,1.570866415008117301e+01,1.568741757657676139e+01,1.566620549538340867e+01,1.564502702800252898e+01,1.562388114632380010e+01,1.560276644051795714e+01,1.558182767487415532e+01,1.556076791436180251e+01,1.553973706429409596e+01,1.551873238930147991e+01,1.549775575803792194e+01,1.547680697320670973e+01,1.545587983091997053e+01,1.543497803465681883e+01,1.541409996306047958e+01,1.539324136401096510e+01,0.000000000000000000e+00,0.000000000000000000e+00,0.000000000000000000e+00,0.000000000000000000e+00,0.000000000000000000e+00,0.000000000000000000e+00,0.000000000000000000e+00,0.000000000000000000e+00,0.000000000000000000e+00,0.000000000000000000e+00,0.000000000000000000e+00,0.000000000000000000e+00,0.000000000000000000e+00,0.000000000000000000e+00,0.000000000000000000e+00,0.000000000000000000e+00,0.000000000000000000e+00,0.000000000000000000e+00,0.000000000000000000e+00,0.000000000000000000e+00
1.578114697356995677e+01,1.575981834591057762e+01,1.573844029658640054e+01,1.571709920327238308e+01,1.569579361666774275e+01,1.567452316508310339e+01,1.565328681043625991e+01,1.563208363942421464e+01,1.561091215286709932e+01,1.558991961184652197e+01,1.556880411658388041e+01,1.554771857025014370e+01,1.552665923381519875e+01,1.550562808717162433e+01,1.548462539251358194e+01,1.546364562223109118e+01,1.544269121446577842e+01,1.542176092507346752e+01,1.540085072642595065e+01,1.537996242611484732e+01,0.000000000000000000e+00,0.000000000000000000e+00,0.000000000000000000e+00,0.000000000000000000e+00,0.000000000000000000e+00,0.000000000000000000e+00,0.000000000000000000e+00,0.000000000000000000e+00,0.000000000000000000e+00,0.000000000000000000e+00,0.000000000000000000e+00,0.000000000000000000e+00,0.000000000000000000e+00,0.000000000000000000e+00,0.000000000000000000e+00,0.000000000000000000e+00,0.000000000000000000e+00,0.000000000000000000e+00,0.000000000000000000e+00,0.000000000000000000e+00
1.576830481308669363e+01,1.574695300853727709e+01,1.572555205519810073e+01,1.570418714209110433e+01,1.568285791849557320e+01,1.566156348616202365e+01,1.564030272368098551e+01,1.561907417728400738e+01,1.559787760554175406e+01,1.557685611883719368e+01,1.555571501383676214e+01,1.553460108245926286e+01,1.551351539735529350e+01,1.549245851879546265e+01,1.547142551471088368e+01,1.545041820840761204e+01,1.542943590115963381e+01,1.540847348487844570e+01,1.538753316789658143e+01,1.536662005026394695e+01,0.000000000000000000e+00,0.000000000000000000e+00,0.000000000000000000e+00,0.000000000000000000e+00,0.000000000000000000e+00,0.000000000000000000e+00,0.000000000000000000e+00,0.000000000000000000e+00,0.000000000000000000e+00,0.000000000000000000e+00,0.000000000000000000e+00,0.000000000000000000e+00,0.000000000000000000e+00,0.000000000000000000e+00,0.000000000000000000e+00,0.000000000000000000e+00,0.000000000000000000e+00,0.000000000000000000e+00,0.000000000000000000e+00,0.000000000000000000e+00
1.575539780686228042e+01,1.573402268535701687e+01,1.571259816519543051e+01,1.569120987945005297e+01,1.566985696373846082e+01,1.564853839216617715e+01,1.562725253599428754e+01,1.560599911466921697e+01,1.558492395331376557e+01,1.556372689490375905e+01,1.554255771507320993e+01,1.552141776068032897e+01,1.550030639156168277e+01,1.547921985873379747e+01,1.545815899495903167e+01,1.543712482253125806e+01,1.541610981859473739e+01,1.539511734782558072e+01,1.537415270284537350e+01,1.535321062014270765e+01,0.000000000000000000e+00,0.000000000000000000e+00,0.000000000000000000e+00,0.000000000000000000e+00,0.000000000000000000e+00,0.000000000000000000e+00,0.000000000000000000e+00,0.000000000000000000e+00,0.000000000000000000e+00,0.000000000000000000e+00,0.000000000000000000e+00,0.000000000000000000e+00,0.000000000000000000e+00,0.000000000000000000e+00,0.000000000000000000e+00,0.000000000000000000e+00,0.000000000000000000e+00,0.000000000000000000e+00,0.000000000000000000e+00,0.000000000000000000e+00
1.574242581678260144e+01,1.572102668431895900e+01,1.569957906928314628e+01,1.567816736755229101e+01,1.565679061804669203e+01,1.563544725719697581e+01,1.561413669246459612e+01,1.559285845337020859e+01,1.557175434915007983e+01,1.555052952577464964e+01,1.552933486608582925e+01,1.550816904755671999e+01,1.548702866131061029e+01,1.546591400393142379e+01,1.544482693070149537e+01,1.542375990126232210e+01,1.540271497142069990e+01,1.538169831171037316e+01,1.536070528974798322e+01,1.533973781770472122e+01,0.000000000000000000e+00,0.000000000000000000e+00,0.000000000000000000e+00,0.000000000000000000e+00,0.000000000000000000e+00,0.000000000000000000e+00,0.000000000000000000e+00,0.000000000000000000e+00,0.000000000000000000e+00,0.000000000000000000e+00,0.000000000000000000e+00,0.000000000000000000e+00,0.000000000000000000e+00,0.000000000000000000e+00,0.000000000000000000e+00,0.000000000000000000e+00,0.000000000000000000e+00,0.000000000000000000e+00,0.000000000000000000e+00,0.000000000000000000e+00
1.572938815954380054e+01,1.570796550404829617e+01,1.568649472158559099e+01,1.566505947010225697e+01,1.564365830110881106e+01,1.562229036697267937e+01,1.560095527020128259e+01,1.557979739584410872e+01,1.555851662587368978e+01,1.553726672297035449e+01,1.551604631178026139e+01,1.549485198056715518e+01,1.547368326339091560e+01,1.545254299625131367e+01,1.543142326483334514e+01,1.541032612612252706e+01,1.538925711947132058e+01,1.536821242677467048e+01,1.534719422248462095e+01,1.532620023325391045e+01,0.000000000000000000e+00,0.000000000000000000e+00,0.000000000000000000e+00,0.000000000000000000e+00,0.000000000000000000e+00,0.000000000000000000e+00,0.000000000000000000e+00,0.000000000000000000e+00,0.000000000000000000e+00,0.000000000000000000e+00,0.000000000000000000e+00,0.000000000000000000e+00,0.000000000000000000e+00,0.000000000000000000e+00,0.000000000000000000e+00,0.000000000000000000e+00,0.000000000000000000e+00,0.000000000000000000e+00,0.000000000000000000e+00,0.000000000000000000e+00
1.571628532246748833e+01,1.569483904324081891e+01,1.567334500025066646e+01,1.565188568724138563e+01,1.563046011929374401e+01,1.560906790548396117e+01,1.558770801115905158e+01,1.556651905171119310e+01,1.554521362369049342e+01,1.552393803265044347e+01,1.550268980020320519e+01,1.548146679826683325e+01,1.546027309259215343e+01,1.543910020289932206e+01,1.541795058592443368e+01,1.539682914954083515e+01,1.537573251784411710e+01,1.535466323532567046e+01,1.533361839662065229e+01,1.531259562635923466e+01,0.000000000000000000e+00,0.000000000000000000e+00,0.000000000000000000e+00,0.000000000000000000e+00,0.000000000000000000e+00,0.000000000000000000e+00,0.000000000000000000e+00,0.000000000000000000e+00,0.000000000000000000e+00,0.000000000000000000e+00,0.000000000000000000e+00,0.000000000000000000e+00,0.000000000000000000e+00,0.000000000000000000e+00,0.000000000000000000e+00,0.000000000000000000e+00,0.000000000000000000e+00,0.000000000000000000e+00,0.000000000000000000e+00,0.000000000000000000e+00
1.570311719199550993e+01,1.568164722027775326e+01,1.566012943985615635e+01,1.563864593161720506e+01,1.561719637864254295e+01,1.559577968504836676e+01,1.557453683639479891e+01,1.555317560617232076e+01,1.553184454941684933e+01,1.551054145095181624e+01,1.548926463664710340e+01,1.546801708879999282e+01,1.544679089764316160e+01,1.542558809233281281e+01,1.540441444003014659e+01,1.538326558407010225e+01,1.536214467236468906e+01,1.534104905337386526e+01,1.531997560597161723e+01,1.529904544343974671e+01,0.000000000000000000e+00,0.000000000000000000e+00,0.000000000000000000e+00,0.000000000000000000e+00,0.000000000000000000e+00,0.000000000000000000e+00,0.000000000000000000e+00,0.000000000000000000e+00,0.000000000000000000e+00,0.000000000000000000e+00,0.000000000000000000e+00,0.000000000000000000e+00,0.000000000000000000e+00,0.000000000000000000e+00,0.000000000000000000e+00,0.000000000000000000e+00,0.000000000000000000e+00,0.000000000000000000e+00,0.000000000000000000e+00,0.000000000000000000e+00
1.568988370727126735e+01,1.566838959313374602e+01,1.564684787965915902e+01,1.562534063483823488e+01,1.560386692263359620e+01,1.558257000571802209e+01,1.556115244095265382e+01,1.553976583569062697e+01,1.551840764365617531e+01,1.549707635216767976e+01,1.547577484372937562e+01,1.545449535848903722e+01,1.543323910795785281e+01,1.541201267986764911e+01,1.539081164970369109e+01,1.536963874539050323e+01,1.534849222268526603e+01,1.532736781580321050e+01,1.530638966768662712e+01,1.528828539559177457e+01,0.000000000000000000e+00,0.000000000000000000e+00,0.000000000000000000e+00,0.000000000000000000e+00,0.000000000000000000e+00,0.000000000000000000e+00,0.000000000000000000e+00,0.000000000000000000e+00,0.000000000000000000e+00,0.000000000000000000e+00,0.000000000000000000e+00,0.000000000000000000e+00,0.000000000000000000e+00,0.000000000000000000e+00,0.000000000000000000e+00,0.000000000000000000e+00,0.000000000000000000e+00,0.000000000000000000e+00,0.000000000000000000e+00,0.000000000000000000e+00
1.567658443786740108e+01,1.565506597586376181e+01,1.563350075923385774e+01,1.561196964795109565e+01,1.559047073041490172e+01,1.556914437118024175e+01,1.554770195039127501e+01,1.552628839886065037e+01,1.550490221929994838e+01,1.548354654771072525e+01,1.546221350195368416e+01,1.544090365614908933e+01,1.541962403141971194e+01,1.539837069842973705e+01,1.537714568754202915e+01,1.535594764909522958e+01,1.533477228557523020e+01,1.531361675043534909e+01,1.529559939777980127e+01,1.527746612100062684e+01,0.000000000000000000e+00,0.000000000000000000e+00,0.000000000000000000e+00,0.000000000000000000e+00,0.000000000000000000e+00,0.000000000000000000e+00,0.000000000000000000e+00,0.000000000000000000e+00,0.000000000000000000e+00,0.000000000000000000e+00,0.000000000000000000e+00,0.000000000000000000e+00,0.000000000000000000e+00,0.000000000000000000e+00,0.000000000000000000e+00,0.000000000000000000e+00,0.000000000000000000e+00,0.000000000000000000e+00,0.000000000000000000e+00,0.000000000000000000e+00
1.566321918150657133e+01,1.564167675929646961e+01,1.562008795891912705e+01,1.559853200480096724e+01,1.557715141935951308e+01,1.555565292049913850e+01,1.553418372361982236e+01,1.551274239481238482e+01,1.549133201041117402e+01,1.546994547915485896e+01,1.544858175923397425e+01,1.542724862160865484e+01,1.540594251496970557e+01,1.538466539368304531e+01,1.536341551472348499e+01,1.534218903033379000e+01,1.532098261130683525e+01,1.530279745753842846e+01,1.528474985300212019e+01,1.588337445035060291e+01,0.000000000000000000e+00,0.000000000000000000e+00,0.000000000000000000e+00,0.000000000000000000e+00,0.000000000000000000e+00,0.000000000000000000e+00,0.000000000000000000e+00,0.000000000000000000e+00,0.000000000000000000e+00,0.000000000000000000e+00,0.000000000000000000e+00,0.000000000000000000e+00,0.000000000000000000e+00,0.000000000000000000e+00,0.000000000000000000e+00,0.000000000000000000e+00,0.000000000000000000e+00,0.000000000000000000e+00,0.000000000000000000e+00,0.000000000000000000e+00
1.564978831977057894e+01,1.562822188130238743e+01,1.560660858538246742e+01,1.558517355524295844e+01,1.556361876340928418e+01,1.554209364717647723e+01,1.552059690075008547e+01,1.549913152911387826e+01,1.547769100172860135e+01,1.545627343373243789e+01,1.543488652058799104e+01,1.541352729638308361e+01,1.539219787400363160e+01,1.537089590644703563e+01,1.534961806571270770e+01,1.532836051814515343e+01,1.531013278242255637e+01,1.529191886323878080e+01,1.589225821457190868e+01,1.551617464307622285e+01,0.000000000000000000e+00,0.000000000000000000e+00,0.000000000000000000e+00,0.000000000000000000e+00,0.000000000000000000e+00,0.000000000000000000e+00,0.000000000000000000e+00,0.000000000000000000e+00,0.000000000000000000e+00,0.000000000000000000e+00,0.000000000000000000e+00,0.000000000000000000e+00,0.000000000000000000e+00,0.000000000000000000e+00,0.000000000000000000e+00,0.000000000000000000e+00,0.000000000000000000e+00,0.000000000000000000e+00,0.000000000000000000e+00,0.000000000000000000e+00
1.563629180676291597e+01,1.561470051562672268e+01,1.559321054260537132e+01,1.557159949484943695e+01,1.555001812702081665e+01,1.552846576282665225e+01,1.550694508310198927e+01,1.548545025326409963e+01,1.546397868331774106e+01,1.544253769753247596e+01,1.542112511597453839e+01,1.539974301397608691e+01,1.537838884092191449e+01,1.535705940628377064e+01,1.533575047885184262e+01,1.531747997109352255e+01,1.529922360620416555e+01,1.590116172915340442e+01,1.552665633495043807e+01,1.550551797760156525e+01,0.000000000000000000e+00,0.000000000000000000e+00,0.000000000000000000e+00,0.000000000000000000e+00,0.000000000000000000e+00,0.000000000000000000e+00,0.000000000000000000e+00,0.000000000000000000e+00,0.000000000000000000e+00,0.000000000000000000e+00,0.000000000000000000e+00,0.000000000000000000e+00,0.000000000000000000e+00,0.000000000000000000e+00,0.000000000000000000e+00,0.000000000000000000e+00,0.000000000000000000e+00,0.000000000000000000e+00,0.000000000000000000e+00,0.000000000000000000e+00
1.562272885020822066e+01,1.560111299578556654e+01,1.557959486319008846e+01,1.555795722622870692e+01,1.553634898615305460e+01,1.551477269641990731e+01,1.549322336283682411e+01,1.547169719205596650e+01,1.545020217223137138e+01,1.542873599108615679e+01,1.540730080916601175e+01,1.538589432853087757e+01,1.536451297367410973e+01,1.534315250622137938e+01,1.532483903330206587e+01,1.530654003174240074e+01,1.591008551879063049e+01,1.553715393831894431e+01,1.551595329647792099e+01,1.549479997628584016e+01,0.000000000000000000e+00,0.000000000000000000e+00,0.000000000000000000e+00,0.000000000000000000e+00,0.000000000000000000e+00,0.000000000000000000e+00,0.000000000000000000e+00,0.000000000000000000e+00,0.000000000000000000e+00,0.000000000000000000e+00,0.000000000000000000e+00,0.000000000000000000e+00,0.000000000000000000e+00,0.000000000000000000e+00,0.000000000000000000e+00,0.000000000000000000e+00,0.000000000000000000e+00,0.000000000000000000e+00,0.000000000000000000e+00,0.000000000000000000e+00
1.560909969251546592e+01,1.558760486271884460e+01,1.556591090779826914e+01,1.554424658087514999e+01,1.552261438489357204e+01,1.550101032580727534e+01,1.547942915931600005e+01,1.545787998372265371e+01,1.543635990403117120e+01,1.541487141227558055e+01,1.539341239443323772e+01,1.537197875521165003e+01,1.535056658362184834e+01,1.533220997981783285e+01,1.531386815138818491e+01,1.591902971462911154e+01,1.554766768993286519e+01,1.552640423187979835e+01,1.550518889641538678e+01,1.548374924728196333e+01,0.000000000000000000e+00,0.000000000000000000e+00,0.000000000000000000e+00,0.000000000000000000e+00,0.000000000000000000e+00,0.000000000000000000e+00,0.000000000000000000e+00,0.000000000000000000e+00,0.000000000000000000e+00,0.000000000000000000e+00,0.000000000000000000e+00,0.000000000000000000e+00,0.000000000000000000e+00,0.000000000000000000e+00,0.000000000000000000e+00,0.000000000000000000e+00,0.000000000000000000e+00,0.000000000000000000e+00,0.000000000000000000e+00,0.000000000000000000e+00
1.559555181466236995e+01,1.557387899648985297e+01,1.555215855717434792e+01,1.553047019316515431e+01,1.550881115153435985e+01,1.548717463163214880e+01,1.546557088214346365e+01,1.544399688011815996e+01,1.542245483545760010e+01,1.540094305043262324e+01,1.537945683990480639e+01,1.535799265412046033e+01,1.533959279771508477e+01,1.532120797417113423e+01,1.592799443607365362e+01,1.555804907288018413e+01,1.553687096595593253e+01,1.551559311910622796e+01,1.549409109586438404e+01,1.547264103183943895e+01,0.000000000000000000e+00,0.000000000000000000e+00,0.000000000000000000e+00,0.000000000000000000e+00,0.000000000000000000e+00,0.000000000000000000e+00,0.000000000000000000e+00,0.000000000000000000e+00,0.000000000000000000e+00,0.000000000000000000e+00,0.000000000000000000e+00,0.000000000000000000e+00,0.000000000000000000e+00,0.000000000000000000e+00,0.000000000000000000e+00,0.000000000000000000e+00,0.000000000000000000e+00,0.000000000000000000e+00,0.000000000000000000e+00,0.000000000000000000e+00
1.558178444365819360e+01,1.556008467701175135e+01,1.553834010109092034e+01,1.551662586668603439e+01,1.549493367802820387e+01,1.547327510393371064e+01,1.545164694833012398e+01,1.543005108171938389e+01,1.540848614005316541e+01,1.538694725714181644e+01,1.536543082322261355e+01,1.534698742158144924e+01,1.532855949082592062e+01,1.593697915766166417e+01,1.556859228856502853e+01,1.554720701347877743e+01,1.552601277729455553e+01,1.550444786042717382e+01,1.548293576943333960e+01,1.546147515465586153e+01,0.000000000000000000e+00,0.000000000000000000e+00,0.000000000000000000e+00,0.000000000000000000e+00,0.000000000000000000e+00,0.000000000000000000e+00,0.000000000000000000e+00,0.000000000000000000e+00,0.000000000000000000e+00,0.000000000000000000e+00,0.000000000000000000e+00,0.000000000000000000e+00,0.000000000000000000e+00,0.000000000000000000e+00,0.000000000000000000e+00,0.000000000000000000e+00,0.000000000000000000e+00,0.000000000000000000e+00,0.000000000000000000e+00,0.000000000000000000e+00
1.556794833499148467e+01,1.554622410678867794e+01,1.552445443585072837e+01,1.550270630506781089e+01,1.548099267464310813e+01,1.545931003679760707e+01,1.543766015450655615e+01,1.541604179552309972e+01,1.539445002454400679e+01,1.537288110045002298e+01,1.535439395958100661e+01,1.533592262774875437e+01,1.594598435208749265e+01,1.557915193072573601e+01,1.555770265388226292e+01,1.553630341863325270e+01,1.551481966442859317e+01,1.549324511288035033e+01,1.547172264432501443e+01,1.545025103451125048e+01,0.000000000000000000e+00,0.000000000000000000e+00,0.000000000000000000e+00,0.000000000000000000e+00,0.000000000000000000e+00,0.000000000000000000e+00,0.000000000000000000e+00,0.000000000000000000e+00,0.000000000000000000e+00,0.000000000000000000e+00,0.000000000000000000e+00,0.000000000000000000e+00,0.000000000000000000e+00,0.000000000000000000e+00,0.000000000000000000e+00,0.000000000000000000e+00,0.000000000000000000e+00,0.000000000000000000e+00,0.000000000000000000e+00,0.000000000000000000e+00
1.555404622148227745e+01,1.553229670354151182e+01,1.551049252796734734e+01,1.548872360017901784e+01,1.546698612334675360e+01,1.544528206562514328e+01,1.542361005107585115e+01,1.540196515013453826e+01,1.538034349639299236e+01,1.536181242061482877e+01,1.534329749545655375e+01,1.595501017746136441e+01,1.558972778262634407e+01,1.556821441101970471e+01,1.554675143956255567e+01,1.552506445249668054e+01,1.550356908036030390e+01,1.548198469003817124e+01,1.546045137529410063e+01,1.543896873088651134e+01,0.000000000000000000e+00,0.000000000000000000e+00,0.000000000000000000e+00,0.000000000000000000e+00,0.000000000000000000e+00,0.000000000000000000e+00,0.000000000000000000e+00,0.000000000000000000e+00,0.000000000000000000e+00,0.000000000000000000e+00,0.000000000000000000e+00,0.000000000000000000e+00,0.000000000000000000e+00,0.000000000000000000e+00,0.000000000000000000e+00,0.000000000000000000e+00,0.000000000000000000e+00,0.000000000000000000e+00,0.000000000000000000e+00,0.000000000000000000e+00
1.554007733055903273e+01,1.551829233597311486e+01,1.549646787870258002e+01,1.547467531118113016e+01,1.545291686203805170e+01,1.543119091572627610e+01,1.540949264299088917e+01,1.538781801925803450e+01,1.536924281454002283e+01,1.535068410199144751e+01,1.596405677362079700e+01,1.560032005455340887e+01,1.557874202076662584e+01,1.555721526629284668e+01,1.553546410128370958e+01,1.551390841643291196e+01,1.549226083328239412e+01,1.547066618883577860e+01,1.544912177540394538e+01,1.542762828506642947e+01,0.000000000000000000e+00,0.000000000000000000e+00,0.000000000000000000e+00,0.000000000000000000e+00,0.000000000000000000e+00,0.000000000000000000e+00,0.000000000000000000e+00,0.000000000000000000e+00,0.000000000000000000e+00,0.000000000000000000e+00,0.000000000000000000e+00,0.000000000000000000e+00,0.000000000000000000e+00,0.000000000000000000e+00,0.000000000000000000e+00,0.000000000000000000e+00,0.000000000000000000e+00,0.000000000000000000e+00,0.000000000000000000e+00,0.000000000000000000e+00
1.552603125034292830e+01,1.550422551105212854e+01,1.548237758800971164e+01,1.546056451736896165e+01,1.543878439406150349e+01,1.541703250851923279e+01,1.539530467542074632e+01,1.537668514883266369e+01,1.535808245696185281e+01,1.597312413909527251e+01,1.561092875087666876e+01,1.558928571069318991e+01,1.556769459997163452e+01,1.554587922665592714e+01,1.552411921598087829e+01,1.550255199836090192e+01,1.548089471488144042e+01,1.545928912892599882e+01,1.543773405293171308e+01,1.541622951875033110e+01,0.000000000000000000e+00,0.000000000000000000e+00,0.000000000000000000e+00,0.000000000000000000e+00,0.000000000000000000e+00,0.000000000000000000e+00,0.000000000000000000e+00,0.000000000000000000e+00,0.000000000000000000e+00,0.000000000000000000e+00,0.000000000000000000e+00,0.000000000000000000e+00,0.000000000000000000e+00,0.000000000000000000e+00,0.000000000000000000e+00,0.000000000000000000e+00,0.000000000000000000e+00,0.000000000000000000e+00,0.000000000000000000e+00,0.000000000000000000e+00
1.551192271837476611e+01,1.549009295839259082e+01,1.546822491571775515e+01,1.544639046667185411e+01,1.542458474761507858e+01,1.540280346941014677e+01,1.538413942933043899e+01,1.536549256694486054e+01,1.598221188093262235e+01,1.562155384877467057e+01,1.559984547966765334e+01,1.557818967518725017e+01,1.555630956112017316e+01,1.553448564103716834e+01,1.551271660204333003e+01,1.549113775266929238e+01,1.546946984675830805e+01,1.544785388738318233e+01,1.542628801462299748e+01,1.540477218341262500e+01,0.000000000000000000e+00,0.000000000000000000e+00,0.000000000000000000e+00,0.000000000000000000e+00,0.000000000000000000e+00,0.000000000000000000e+00,0.000000000000000000e+00,0.000000000000000000e+00,0.000000000000000000e+00,0.000000000000000000e+00,0.000000000000000000e+00,0.000000000000000000e+00,0.000000000000000000e+00,0.000000000000000000e+00,0.000000000000000000e+00,0.000000000000000000e+00,0.000000000000000000e+00,0.000000000000000000e+00,0.000000000000000000e+00,0.000000000000000000e+00
1.549774839451010955e+01,1.547589815278757186e+01,1.545400913743339899e+01,1.543214935895539597e+01,1.541031440447468981e+01,1.539160565985080353e+01,1.537291443706111949e+01,1.599132041421799144e+01,1.563219536667238785e+01,1.561042131346188100e+01,1.558870048617545834e+01,1.556675528259539121e+01,1.554486698032268421e+01,1.552303434477940414e+01,1.550125607991984467e+01,1.547966490512399318e+01,1.545798681711144695e+01,1.543636033968957832e+01,1.541478347804136817e+01,1.539325603295976030e+01,0.000000000000000000e+00,0.000000000000000000e+00,0.000000000000000000e+00,0.000000000000000000e+00,0.000000000000000000e+00,0.000000000000000000e+00,0.000000000000000000e+00,0.000000000000000000e+00,0.000000000000000000e+00,0.000000000000000000e+00,0.000000000000000000e+00,0.000000000000000000e+00,0.000000000000000000e+00,0.000000000000000000e+00,0.000000000000000000e+00,0.000000000000000000e+00,0.000000000000000000e+00,0.000000000000000000e+00,0.000000000000000000e+00,0.000000000000000000e+00
1.548351194388690111e+01,1.546164042057823096e+01,1.543972629631474902e+01,1.541783747707025398e+01,1.539908384282734488e+01,1.538034807105305646e+01,1.600044992691238122e+01,1.564285320101264887e+01,1.562101321471862292e+01,1.559922702773751979e+01,1.557721639804417180e+01,1.555526337580347551e+01,1.553336669834009420e+01,1.551152515757500794e+01,1.548987425686630459e+01,1.546813374056944568e+01,1.544644548019360464e+01,1.542480830755590837e+01,1.540322027137917615e+01,1.538168102951253502e+01,0.000000000000000000e+00,0.000000000000000000e+00,0.000000000000000000e+00,0.000000000000000000e+00,0.000000000000000000e+00,0.000000000000000000e+00,0.000000000000000000e+00,0.000000000000000000e+00,0.000000000000000000e+00,0.000000000000000000e+00,0.000000000000000000e+00,0.000000000000000000e+00,0.000000000000000000e+00,0.000000000000000000e+00,0.000000000000000000e+00,0.000000000000000000e+00,0.000000000000000000e+00,0.000000000000000000e+00,0.000000000000000000e+00,0.000000000000000000e+00
1.546921271725070923e+01,1.544731556374190262e+01,1.542537264886808046e+01,1.540657398013981627e+01,1.538779346999443831e+01,1.600960049552425701e+01,1.565352723477589159e+01,1.563162110861190968e+01,1.560976928825287935e+01,1.558769290541166264e+01,1.556567482696163118e+01,1.554371376460968612e+01,1.552180853780392056e+01,1.549995777131251629e+01,1.547829471236577703e+01,1.545654426563912764e+01,1.543484564783130253e+01,1.541319760626654123e+01,1.539159804461531245e+01,1.537004633583560675e+01,0.000000000000000000e+00,0.000000000000000000e+00,0.000000000000000000e+00,0.000000000000000000e+00,0.000000000000000000e+00,0.000000000000000000e+00,0.000000000000000000e+00,0.000000000000000000e+00,0.000000000000000000e+00,0.000000000000000000e+00,0.000000000000000000e+00,0.000000000000000000e+00,0.000000000000000000e+00,0.000000000000000000e+00,0.000000000000000000e+00,0.000000000000000000e+00,0.000000000000000000e+00,0.000000000000000000e+00,0.000000000000000000e+00,0.000000000000000000e+00
1.545484630107934798e+01,1.543291995673646255e+01,1.541407607054387441e+01,1.539525063559876195e+01,1.601877219183156598e+01,1.566421758826470878e+01,1.564224484372637036e+01,1.562032721774316180e+01,1.559818478802120900e+01,1.557610132426196081e+01,1.555407557605280822e+01,1.553210629214922989e+01,1.551019223643473666e+01,1.548833205372473643e+01,1.546665678141719802e+01,1.544489632814964963e+01,1.542318714196718155e+01,1.540152804337612125e+01,1.537991627192817390e+01,1.535835232739208678e+01,0.000000000000000000e+00,0.000000000000000000e+00,0.000000000000000000e+00,0.000000000000000000e+00,0.000000000000000000e+00,0.000000000000000000e+00,0.000000000000000000e+00,0.000000000000000000e+00,0.000000000000000000e+00,0.000000000000000000e+00,0.000000000000000000e+00,0.000000000000000000e+00,0.000000000000000000e+00,0.000000000000000000e+00,0.000000000000000000e+00,0.000000000000000000e+00,0.000000000000000000e+00,0.000000000000000000e+00,0.000000000000000000e+00,0.000000000000000000e+00
1.544040918396355266e+01,1.542159007608545629e+01,1.540271956621805316e+01,1.602796498431601435e+01,1.567492427518014253e+01,1.565288457598302507e+01,1.563090063849840305e+01,1.560869202920660470e+01,1.558654286326006222e+01,1.556445210527337331e+01,1.554241846686070971e+01,1.552044072970353739e+01,1.549851757036611843e+01,1.547678305195359272e+01,1.545496039649254882e+01,1.543318975002668836e+01,1.541146980743652506e+01,1.538979889550164870e+01,1.536817506762216112e+01,1.534659910691639872e+01,0.000000000000000000e+00,0.000000000000000000e+00,0.000000000000000000e+00,0.000000000000000000e+00,0.000000000000000000e+00,0.000000000000000000e+00,0.000000000000000000e+00,0.000000000000000000e+00,0.000000000000000000e+00,0.000000000000000000e+00,0.000000000000000000e+00,0.000000000000000000e+00,0.000000000000000000e+00,0.000000000000000000e+00,0.000000000000000000e+00,0.000000000000000000e+00,0.000000000000000000e+00,0.000000000000000000e+00,0.000000000000000000e+00,0.000000000000000000e+00
1.542904630227029372e+01,1.541020025728445653e+01,1.603717870990998762e+01,1.568564727216558552e+01,1.566354026504357932e+01,1.564148970878345501e+01,1.561921440744358769e+01,1.559699943665124877e+01,1.557484333274580379e+01,1.555274504786895839e+01,1.553070332961160105e+01,1.550871677521197611e+01,1.548678452597076571e+01,1.546503789567127107e+01,1.544320540296562960e+01,1.542142435838905712e+01,1.539969316248825670e+01,1.537801010792061263e+01,1.535637462791508767e+01,1.533478643837024613e+01,0.000000000000000000e+00,0.000000000000000000e+00,0.000000000000000000e+00,0.000000000000000000e+00,0.000000000000000000e+00,0.000000000000000000e+00,0.000000000000000000e+00,0.000000000000000000e+00,0.000000000000000000e+00,0.000000000000000000e+00,0.000000000000000000e+00,0.000000000000000000e+00,0.000000000000000000e+00,0.000000000000000000e+00,0.000000000000000000e+00,0.000000000000000000e+00,0.000000000000000000e+00,0.000000000000000000e+00,0.000000000000000000e+00,0.000000000000000000e+00
1.541762347888860418e+01,1.604641350121788079e+01,1.569638657692457784e+01,1.567421191618332088e+01,1.565209441694192094e+01,1.562975209111296593e+01,1.560747081381646417e+01,1.558524925001676920e+01,1.556308600883287951e+01,1.554097998586999196e+01,1.551892975844780409e+01,1.549693447599213592e+01,1.547512855074484150e+01,1.545323414734416190e+01,1.543139160530375520e+01,1.540959972095860486e+01,1.538785664286538690e+01,1.536616213674205156e+01,1.534451475630339878e+01,1.532291395224273245e+01,0.000000000000000000e+00,0.000000000000000000e+00,0.000000000000000000e+00,0.000000000000000000e+00,0.000000000000000000e+00,0.000000000000000000e+00,0.000000000000000000e+00,0.000000000000000000e+00,0.000000000000000000e+00,0.000000000000000000e+00,0.000000000000000000e+00,0.000000000000000000e+00,0.000000000000000000e+00,0.000000000000000000e+00,0.000000000000000000e+00,0.000000000000000000e+00,0.000000000000000000e+00,0.000000000000000000e+00,0.000000000000000000e+00,0.000000000000000000e+00
1.605556515712083154e+01,1.570714218026427744e+01,1.568489951655538661e+01,1.566271471587427300e+01,1.564030506412624177e+01,1.561795715202429236e+01,1.559566968184273961e+01,1.557344131449773528e+01,1.555127069644344218e+01,1.552915651087796078e+01,1.550709787816715846e+01,1.548509365510239277e+01,1.546327581493454062e+01,1.544137164578610388e+01,1.541951872983951866e+01,1.539771522663272840e+01,1.537596093919437834e+01,1.535425479803222970e+01,1.533259526687144714e+01,1.531098097773133304e+01,0.000000000000000000e+00,0.000000000000000000e+00,0.000000000000000000e+00,0.000000000000000000e+00,0.000000000000000000e+00,0.000000000000000000e+00,0.000000000000000000e+00,0.000000000000000000e+00,0.000000000000000000e+00,0.000000000000000000e+00,0.000000000000000000e+00,0.000000000000000000e+00,0.000000000000000000e+00,0.000000000000000000e+00,0.000000000000000000e+00,0.000000000000000000e+00,0.000000000000000000e+00,0.000000000000000000e+00,0.000000000000000000e+00,0.000000000000000000e+00
1.571782847186238463e+01,1.569560305246063336e+01,1.567335060781373279e+01,1.565087331454511244e+01,1.562845843816538860e+01,1.560610471122985743e+01,1.558381083218259988e+01,1.556157545037638812e+01,1.553939701231812798e+01,1.551727472374162176e+01,1.549520750766346211e+01,1.547319412200649680e+01,1.545136434754594745e+01,1.542945016976413619e+01,1.540758595422121680e+01,1.538577144424005638e+01,1.536400588137810175e+01,1.534228791199056374e+01,1.532061515683649588e+01,1.529898782794613155e+01,0.000000000000000000e+00,0.000000000000000000e+00,0.000000000000000000e+00,0.000000000000000000e+00,0.000000000000000000e+00,0.000000000000000000e+00,0.000000000000000000e+00,0.000000000000000000e+00,0.000000000000000000e+00,0.000000000000000000e+00,0.000000000000000000e+00,0.000000000000000000e+00,0.000000000000000000e+00,0.000000000000000000e+00,0.000000000000000000e+00,0.000000000000000000e+00,0.000000000000000000e+00,0.000000000000000000e+00,0.000000000000000000e+00,0.000000000000000000e+00
1.570623766026077206e+01,1.568400208316563749e+01,1.566145679525158485e+01,1.563897465429729117e+01,1.561655435547605997e+01,1.559419459496209015e+01,1.557189409140081793e+01,1.554965124793366371e+01,1.552746500193750379e+01,1.550533448576424433e+01,1.548325847741619654e+01,1.546136913154882642e+01,1.543939397850223472e+01,1.541746868482456101e+01,1.539559382849004621e+01,1.537376832997536091e+01,1.535199129625009462e+01,1.533026058310518991e+01,1.530857474149319231e+01,1.528693488057130523e+01,0.000000000000000000e+00,0.000000000000000000e+00,0.000000000000000000e+00,0.000000000000000000e+00,0.000000000000000000e+00,0.000000000000000000e+00,0.000000000000000000e+00,0.000000000000000000e+00,0.000000000000000000e+00,0.000000000000000000e+00,0.000000000000000000e+00,0.000000000000000000e+00,0.000000000000000000e+00,0.000000000000000000e+00,0.000000000000000000e+00,0.000000000000000000e+00,0.000000000000000000e+00,0.000000000000000000e+00,0.000000000000000000e+00,0.000000000000000000e+00
1.569458493631346840e+01,1.567205549165580791e+01,1.564950578488415189e+01,1.562701859069226984e+01,1.560459263923485551e+01,1.558222662641900769e+01,1.555991912328796722e+01,1.553766869151244023e+01,1.551547457346153180e+01,1.549333562018638766e+01,1.547125057806357873e+01,1.544934948924279539e+01,1.542736357781203616e+01,1.540542808932139884e+01,1.538354236840948630e+01,1.536170570868328511e+01,1.533991656423162908e+01,1.531817260986539253e+01,1.529647454269528239e+01,1.527482160468503380e+01,0.000000000000000000e+00,0.000000000000000000e+00,0.000000000000000000e+00,0.000000000000000000e+00,0.000000000000000000e+00,0.000000000000000000e+00,0.000000000000000000e+00,0.000000000000000000e+00,0.000000000000000000e+00,0.000000000000000000e+00,0.000000000000000000e+00,0.000000000000000000e+00,0.000000000000000000e+00,0.000000000000000000e+00,0.000000000000000000e+00,0.000000000000000000e+00,0.000000000000000000e+00,0.000000000000000000e+00,0.000000000000000000e+00,0.000000000000000000e+00
1.568258589718909590e+01,1.566005178825783872e+01,1.563749739627104063e+01,1.561500494321095722e+01,1.559257311661816914e+01,1.557020052076213723e+01,1.554788573218572623e+01,1.552562775784456228e+01,1.550342555999354488e+01,1.548127795128753803e+01,1.545918368680684374e+01,1.543726993549917736e+01,1.541527403229409465e+01,1.539332797722067347e+01,1.537143142277526664e+01,1.534958304050810263e+01,1.532778097374776749e+01,1.530602488731563859e+01,1.528431435799537041e+01,1.526264692035211823e+01,0.000000000000000000e+00,0.000000000000000000e+00,0.000000000000000000e+00,0.000000000000000000e+00,0.000000000000000000e+00,0.000000000000000000e+00,0.000000000000000000e+00,0.000000000000000000e+00,0.000000000000000000e+00,0.000000000000000000e+00,0.000000000000000000e+00,0.000000000000000000e+00,0.000000000000000000e+00,0.000000000000000000e+00,0.000000000000000000e+00,0.000000000000000000e+00,0.000000000000000000e+00,0.000000000000000000e+00,0.000000000000000000e+00,0.000000000000000000e+00
1.567052980354477398e+01,1.564799075170081188e+01,1.562543148029468654e+01,1.560293353603608502e+01,1.558049554504008860e+01,1.555811599094142217e+01,1.553579400043467906e+01,1.551352827616242891e+01,1.549131778889124789e+01,1.546916128817328229e+01,1.544718828863312865e+01,1.542513120026960038e+01,1.540312511002348650e+01,1.538116841525013356e+01,1.535926053077382392e+01,1.533739956791582770e+01,1.531558554440519870e+01,1.529381720009819468e+01,1.527209272842463506e+01,1.525041118040209476e+01,0.000000000000000000e+00,0.000000000000000000e+00,0.000000000000000000e+00,0.000000000000000000e+00,0.000000000000000000e+00,0.000000000000000000e+00,0.000000000000000000e+00,0.000000000000000000e+00,0.000000000000000000e+00,0.000000000000000000e+00,0.000000000000000000e+00,0.000000000000000000e+00,0.000000000000000000e+00,0.000000000000000000e+00,0.000000000000000000e+00,0.000000000000000000e+00,0.000000000000000000e+00,0.000000000000000000e+00,0.000000000000000000e+00,0.000000000000000000e+00
1.565841645640046487e+01,1.563587222754817851e+01,1.561330786002105953e+01,1.559080418283562963e+01,1.556835955255750292e+01,1.554597313649098211e+01,1.552364375401218766e+01,1.550137008306392161e+01,1.547915106793308482e+01,1.545698527871720529e+01,1.543500001245740982e+01,1.541293325677320425e+01,1.539091667430409061e+01,1.536894902178571343e+01,1.534702888233197449e+01,1.532515620695071590e+01,1.530333018281486801e+01,1.528154848058711224e+01,1.525980971265460440e+01,1.523811527761316142e+01,0.000000000000000000e+00,0.000000000000000000e+00,0.000000000000000000e+00,0.000000000000000000e+00,0.000000000000000000e+00,0.000000000000000000e+00,0.000000000000000000e+00,0.000000000000000000e+00,0.000000000000000000e+00,0.000000000000000000e+00,0.000000000000000000e+00,0.000000000000000000e+00,0.000000000000000000e+00,0.000000000000000000e+00,0.000000000000000000e+00,0.000000000000000000e+00,0.000000000000000000e+00,0.000000000000000000e+00,0.000000000000000000e+00,0.000000000000000000e+00
1.564624566326996735e+01,1.562369605984517662e+01,1.560112636095475125e+01,1.557861637572639069e+01,1.555616526395735733e+01,1.553377181692421871e+01,1.551143482135366725e+01,1.548915300948244678e+01,1.546692503988919754e+01,1.544488051398845307e+01,1.542275258711974573e+01,1.540067569205806208e+01,1.537864848823328856e+01,1.535666879884813696e+01,1.533473721184738281e+01,1.531285285472170798e+01,1.529101414246108526e+01,1.526921804175187880e+01,1.524746671270631637e+01,1.522575837322642656e+01,0.000000000000000000e+00,0.000000000000000000e+00,0.000000000000000000e+00,0.000000000000000000e+00,0.000000000000000000e+00,0.000000000000000000e+00,0.000000000000000000e+00,0.000000000000000000e+00,0.000000000000000000e+00,0.000000000000000000e+00,0.000000000000000000e+00,0.000000000000000000e+00,0.000000000000000000e+00,0.000000000000000000e+00,0.000000000000000000e+00,0.000000000000000000e+00,0.000000000000000000e+00,0.000000000000000000e+00,0.000000000000000000e+00,0.000000000000000000e+00
1.563401727536092523e+01,1.561146207185048240e+01,1.558888645524060124e+01,1.556637035043753770e+01,1.554391255404874528e+01,1.552151186907912361e+01,1.549916705836026054e+01,1.547687665654123990e+01,1.545463968320053105e+01,1.543258329325171196e+01,1.541044565009877942e+01,1.538835856380871192e+01,1.536631934688623247e+01,1.534432862967784317e+01,1.532238568974230830e+01,1.530048893949761180e+01,1.527863597415694130e+01,1.525682753856039930e+01,1.523506279920497342e+01,1.521333808638430973e+01,0.000000000000000000e+00,0.000000000000000000e+00,0.000000000000000000e+00,0.000000000000000000e+00,0.000000000000000000e+00,0.000000000000000000e+00,0.000000000000000000e+00,0.000000000000000000e+00,0.000000000000000000e+00,0.000000000000000000e+00,0.000000000000000000e+00,0.000000000000000000e+00,0.000000000000000000e+00,0.000000000000000000e+00,0.000000000000000000e+00,0.000000000000000000e+00,0.000000000000000000e+00,0.000000000000000000e+00,0.000000000000000000e+00,0.000000000000000000e+00
1.562173112827947286e+01,1.559916976432306512e+01,1.557658837629326776e+01,1.555406593886065991e+01,1.553160126128171292e+01,1.550919313225854879e+01,1.548684011632192536e+01,1.546454097484385670e+01,1.544242536995322723e+01,1.542022671838434000e+01,1.539807911687010389e+01,1.537598032788818969e+01,1.535393047469959171e+01,1.533192856576788188e+01,1.530997362602743728e+01,1.528806293245752812e+01,1.526619787669088524e+01,1.524437649575556364e+01,1.522259541432564234e+01,1.520085664337729803e+01,0.000000000000000000e+00,0.000000000000000000e+00,0.000000000000000000e+00,0.000000000000000000e+00,0.000000000000000000e+00,0.000000000000000000e+00,0.000000000000000000e+00,0.000000000000000000e+00,0.000000000000000000e+00,0.000000000000000000e+00,0.000000000000000000e+00,0.000000000000000000e+00,0.000000000000000000e+00,0.000000000000000000e+00,0.000000000000000000e+00,0.000000000000000000e+00,0.000000000000000000e+00,0.000000000000000000e+00,0.000000000000000000e+00,0.000000000000000000e+00
1.560938672976435271e+01,1.558681928527908767e+01,1.556423194103379792e+01,1.554170299583839920e+01,1.551923122801993316e+01,1.549681532527763395e+01,1.547445379737074056e+01,1.545214603446500234e+01,1.543001880823427108e+01,1.540781046203369264e+01,1.538565155308569210e+01,1.536354254440728795e+01,1.534148154599601455e+01,1.531946817539854422e+01,1.529749949742536330e+01,1.527557689450185663e+01,1.525369941889025327e+01,1.523186166584117807e+01,1.521006715646295149e+01,1.518831443676488036e+01,0.000000000000000000e+00,0.000000000000000000e+00,0.000000000000000000e+00,0.000000000000000000e+00,0.000000000000000000e+00,0.000000000000000000e+00,0.000000000000000000e+00,0.000000000000000000e+00,0.000000000000000000e+00,0.000000000000000000e+00,0.000000000000000000e+00,0.000000000000000000e+00,0.000000000000000000e+00,0.000000000000000000e+00,0.000000000000000000e+00,0.000000000000000000e+00,0.000000000000000000e+00,0.000000000000000000e+00,0.000000000000000000e+00,0.000000000000000000e+00
1.559698418324209612e+01,1.557441053294041566e+01,1.555181703505204993e+01,1.552928135978499391e+01,1.550680220654860264e+01,1.548437809598069670e+01,1.546200827714653414e+01,1.543982188860714544e+01,1.541755259949938583e+01,1.539533324924329705e+01,1.537316438137368380e+01,1.535104456674787698e+01,1.532897248088312026e+01,1.530694565899482562e+01,1.528496522192213192e+01,1.526303069710543703e+01,1.524113690031266088e+01,1.521928641921173764e+01,1.519747768824692002e+01,1.517570709580862598e+01,0.000000000000000000e+00,0.000000000000000000e+00,0.000000000000000000e+00,0.000000000000000000e+00,0.000000000000000000e+00,0.000000000000000000e+00,0.000000000000000000e+00,0.000000000000000000e+00,0.000000000000000000e+00,0.000000000000000000e+00,0.000000000000000000e+00,0.000000000000000000e+00,0.000000000000000000e+00,0.000000000000000000e+00,0.000000000000000000e+00,0.000000000000000000e+00,0.000000000000000000e+00,0.000000000000000000e+00,0.000000000000000000e+00,0.000000000000000000e+00
1.558452344401892375e+01,1.556194334977891458e+01,1.553934349490613087e+01,1.551680082174942577e+01,1.549431378759878264e+01,1.547188171302280502e+01,1.544950338765939080e+01,1.542730550678650303e+01,1.540502545615423813e+01,1.538279646536210521e+01,1.536061718465127868e+01,1.533848659073576570e+01,1.531640141497480734e+01,1.529436286595834105e+01,1.527237083147499064e+01,1.525042066002315622e+01,1.522851393888830529e+01,1.520664938815907874e+01,1.518482357363897606e+01,1.516303758713423377e+01,0.000000000000000000e+00,0.000000000000000000e+00,0.000000000000000000e+00,0.000000000000000000e+00,0.000000000000000000e+00,0.000000000000000000e+00,0.000000000000000000e+00,0.000000000000000000e+00,0.000000000000000000e+00,0.000000000000000000e+00,0.000000000000000000e+00,0.000000000000000000e+00,0.000000000000000000e+00,0.000000000000000000e+00,0.000000000000000000e+00,0.000000000000000000e+00,0.000000000000000000e+00,0.000000000000000000e+00,0.000000000000000000e+00,0.000000000000000000e+00
1.557200431480539393e+01,1.554941759292182013e+01,1.552681114419663189e+01,1.550426091214059809e+01,1.548176623311308120e+01,1.545932601187593747e+01,1.543693897390881276e+01,1.541472814531735658e+01,1.539243871419369469e+01,1.537019977054378828e+01,1.534800996570072940e+01,1.532586647572729888e+01,1.530376978000771615e+01,1.528172000141997700e+01,1.525971295922533599e+01,1.523774975888644079e+01,1.521582953482500855e+01,1.519394799134413887e+01,1.517210655884707649e+01,1.515030892992209743e+01,0.000000000000000000e+00,0.000000000000000000e+00,0.000000000000000000e+00,0.000000000000000000e+00,0.000000000000000000e+00,0.000000000000000000e+00,0.000000000000000000e+00,0.000000000000000000e+00,0.000000000000000000e+00,0.000000000000000000e+00,0.000000000000000000e+00,0.000000000000000000e+00,0.000000000000000000e+00,0.000000000000000000e+00,0.000000000000000000e+00,0.000000000000000000e+00,0.000000000000000000e+00,0.000000000000000000e+00,0.000000000000000000e+00,0.000000000000000000e+00
1.555942667604977814e+01,1.553683310617916291e+01,1.551421942852921809e+01,1.549166189063135590e+01,1.546915942038311798e+01,1.544671082293733022e+01,1.542444128744719123e+01,1.540209112772102884e+01,1.537979229710492213e+01,1.535754295142087855e+01,1.533534060780808161e+01,1.531318596698280388e+01,1.529107818514235362e+01,1.526901402492845428e+01,1.524699380194663689e+01,1.522501801600892080e+01,1.520308044269449610e+01,1.518118344157140598e+01,1.515933085280504855e+01,1.513751824661940049e+01,0.000000000000000000e+00,0.000000000000000000e+00,0.000000000000000000e+00,0.000000000000000000e+00,0.000000000000000000e+00,0.000000000000000000e+00,0.000000000000000000e+00,0.000000000000000000e+00,0.000000000000000000e+00,0.000000000000000000e+00,0.000000000000000000e+00,0.000000000000000000e+00,0.000000000000000000e+00,0.000000000000000000e+00,0.000000000000000000e+00,0.000000000000000000e+00,0.000000000000000000e+00,0.000000000000000000e+00,0.000000000000000000e+00,0.000000000000000000e+00
1.554679036631274336e+01,1.552418928497688455e+01,1.550156865141012830e+01,1.547900366836143249e+01,1.545649319164683888e+01,1.543403560180733791e+01,1.541175371176629838e+01,1.538939460985721652e+01,1.536708560202506391e+01,1.534482407450071939e+01,1.532261112346326826e+01,1.530044535941626904e+01,1.527832380566157155e+01,1.525624636136533852e+01,1.523421416937733142e+01,1.521222101249370340e+01,1.519026818747255625e+01,1.516836023377975806e+01,1.514649323474140452e+01,1.512466837732501901e+01,0.000000000000000000e+00,0.000000000000000000e+00,0.000000000000000000e+00,0.000000000000000000e+00,0.000000000000000000e+00,0.000000000000000000e+00,0.000000000000000000e+00,0.000000000000000000e+00,0.000000000000000000e+00,0.000000000000000000e+00,0.000000000000000000e+00,0.000000000000000000e+00,0.000000000000000000e+00,0.000000000000000000e+00,0.000000000000000000e+00,0.000000000000000000e+00,0.000000000000000000e+00,0.000000000000000000e+00,0.000000000000000000e+00,0.000000000000000000e+00
1.553409478677416899e+01,1.551148647876553355e+01,1.548885872528750696e+01,1.546628608690686590e+01,1.544376703425871433e+01,1.542142643395845347e+01,1.539900671273870714e+01,1.537663788209547633e+01,1.535431691350045647e+01,1.533204520402599513e+01,1.530982133285041158e+01,1.528764229723725165e+01,1.526550740664738726e+01,1.524341856542954332e+01,1.522136927063129264e+01,1.519936081535807659e+01,1.517739721852644585e+01,1.515547522369898559e+01,1.513359623041269941e+01,1.511175816725859278e+01,0.000000000000000000e+00,0.000000000000000000e+00,0.000000000000000000e+00,0.000000000000000000e+00,0.000000000000000000e+00,0.000000000000000000e+00,0.000000000000000000e+00,0.000000000000000000e+00,0.000000000000000000e+00,0.000000000000000000e+00,0.000000000000000000e+00,0.000000000000000000e+00,0.000000000000000000e+00,0.000000000000000000e+00,0.000000000000000000e+00,0.000000000000000000e+00,0.000000000000000000e+00,0.000000000000000000e+00,0.000000000000000000e+00,0.000000000000000000e+00
1.552134027735625921e+01,1.549872455589480325e+01,1.547608950296273456e+01,1.545350869682649630e+01,1.543110912822858793e+01,1.540862865114655023e+01,1.538619975828718012e+01,1.536381910298555908e+01,1.534148839379100870e+01,1.531920593159134469e+01,1.529696943602730030e+01,1.527477690751038608e+01,1.525263120952078211e+01,1.523052539969311781e+01,1.520846108396188967e+01,1.518644177406008922e+01,1.516446455938890203e+01,1.514253114250860754e+01,1.512063893443823481e+01,1.509878581602175629e+01,0.000000000000000000e+00,0.000000000000000000e+00,0.000000000000000000e+00,0.000000000000000000e+00,0.000000000000000000e+00,0.000000000000000000e+00,0.000000000000000000e+00,0.000000000000000000e+00,0.000000000000000000e+00,0.000000000000000000e+00,0.000000000000000000e+00,0.000000000000000000e+00,0.000000000000000000e+00,0.000000000000000000e+00,0.000000000000000000e+00,0.000000000000000000e+00,0.000000000000000000e+00,0.000000000000000000e+00,0.000000000000000000e+00,0.000000000000000000e+00
1.550852669754655366e+01,1.548590340097242546e+01,1.546326056211671940e+01,1.544067137911073750e+01,1.541826037740377942e+01,1.539577116025771630e+01,1.537333061868405082e+01,1.535094067334944512e+01,1.532859937794231797e+01,1.530630464114673650e+01,1.528405483522919006e+01,1.526185194915820276e+01,1.523968949475552392e+01,1.521756873438639346e+01,1.519549388021284564e+01,1.517346120741008875e+01,1.515147291012009312e+01,1.512952661275534538e+01,1.510761957383710907e+01,1.508584700895725206e+01,0.000000000000000000e+00,0.000000000000000000e+00,0.000000000000000000e+00,0.000000000000000000e+00,0.000000000000000000e+00,0.000000000000000000e+00,0.000000000000000000e+00,0.000000000000000000e+00,0.000000000000000000e+00,0.000000000000000000e+00,0.000000000000000000e+00,0.000000000000000000e+00,0.000000000000000000e+00,0.000000000000000000e+00,0.000000000000000000e+00,0.000000000000000000e+00,0.000000000000000000e+00,0.000000000000000000e+00,0.000000000000000000e+00,0.000000000000000000e+00
1.549565394785444816e+01,1.547302261001145141e+01,1.545037172479609744e+01,1.542790157917807647e+01,1.540535204188958573e+01,1.538285143232083030e+01,1.536040181594928278e+01,1.533800159821058884e+01,1.531564842720741737e+01,1.529334079702441151e+01,1.527108062404710864e+01,1.524886151362281694e+01,1.522668409288894154e+01,1.520455323222592980e+01,1.518246513735154402e+01,1.516042165890828741e+01,1.513842116640464042e+01,1.511645997204409753e+01,1.509463576504845150e+01,1.507554729493509527e+01,0.000000000000000000e+00,0.000000000000000000e+00,0.000000000000000000e+00,0.000000000000000000e+00,0.000000000000000000e+00,0.000000000000000000e+00,0.000000000000000000e+00,0.000000000000000000e+00,0.000000000000000000e+00,0.000000000000000000e+00,0.000000000000000000e+00,0.000000000000000000e+00,0.000000000000000000e+00,0.000000000000000000e+00,0.000000000000000000e+00,0.000000000000000000e+00,0.000000000000000000e+00,0.000000000000000000e+00,0.000000000000000000e+00,0.000000000000000000e+00
1.548272163327397166e+01,1.546008198457193572e+01,1.543742329192869533e+01,1.541494205720894684e+01,1.539238151494229534e+01,1.536987196293564217e+01,1.534741259271242697e+01,1.532500076259229260e+01,1.530263496664093203e+01,1.528031733081388310e+01,1.525804133968763843e+01,1.523580712931480363e+01,1.521361991250759260e+01,1.519147628250175330e+01,1.516937752689200991e+01,1.514732233271037742e+01,1.512530698509817029e+01,1.510343091303771956e+01,1.508429840705306013e+01,1.506519301670487820e+01,0.000000000000000000e+00,0.000000000000000000e+00,0.000000000000000000e+00,0.000000000000000000e+00,0.000000000000000000e+00,0.000000000000000000e+00,0.000000000000000000e+00,0.000000000000000000e+00,0.000000000000000000e+00,0.000000000000000000e+00,0.000000000000000000e+00,0.000000000000000000e+00,0.000000000000000000e+00,0.000000000000000000e+00,0.000000000000000000e+00,0.000000000000000000e+00,0.000000000000000000e+00,0.000000000000000000e+00,0.000000000000000000e+00,0.000000000000000000e+00
1.546972954186775695e+01,1.544708178587963232e+01,1.542454144797325100e+01,1.540192062655750682e+01,1.537935108503604731e+01,1.535683233699736761e+01,1.533436160569331363e+01,1.531193742065144647e+01,1.528956186770743031e+01,1.526722904592278773e+01,1.524493781266398429e+01,1.522269397641890620e+01,1.520049442124483718e+01,1.517834038040448519e+01,1.515623021352725708e+01,1.513416057543300575e+01,1.511223243049733966e+01,1.509305571829579051e+01,1.507390645841651988e+01,1.563519814669991703e+01,0.000000000000000000e+00,0.000000000000000000e+00,0.000000000000000000e+00,0.000000000000000000e+00,0.000000000000000000e+00,0.000000000000000000e+00,0.000000000000000000e+00,0.000000000000000000e+00,0.000000000000000000e+00,0.000000000000000000e+00,0.000000000000000000e+00,0.000000000000000000e+00,0.000000000000000000e+00,0.000000000000000000e+00,0.000000000000000000e+00,0.000000000000000000e+00,0.000000000000000000e+00,0.000000000000000000e+00,0.000000000000000000e+00,0.000000000000000000e+00
1.545667792834295717e+01,1.543402191695284742e+01,1.541146876489795403e+01,1.538883911220116474e+01,1.536626079843308545e+01,1.534373093266742316e+01,1.532124813056551815e+01,1.529881442754942000e+01,1.527642435376625230e+01,1.525407610827688032e+01,1.523177543378331933e+01,1.520951966519454501e+01,1.518731017998293709e+01,1.516514483195673257e+01,1.514302070760570373e+01,1.512104027839435716e+01,1.510181920641377928e+01,1.508262590781971113e+01,1.564580344003203471e+01,1.537599527648227316e+01,0.000000000000000000e+00,0.000000000000000000e+00,0.000000000000000000e+00,0.000000000000000000e+00,0.000000000000000000e+00,0.000000000000000000e+00,0.000000000000000000e+00,0.000000000000000000e+00,0.000000000000000000e+00,0.000000000000000000e+00,0.000000000000000000e+00,0.000000000000000000e+00,0.000000000000000000e+00,0.000000000000000000e+00,0.000000000000000000e+00,0.000000000000000000e+00,0.000000000000000000e+00,0.000000000000000000e+00,0.000000000000000000e+00,0.000000000000000000e+00
1.544356670729071723e+01,1.542102602345841333e+01,1.539833580759920650e+01,1.537569794413867186e+01,1.535310866194598489e+01,1.533056706981903972e+01,1.530807494540393421e+01,1.528562736563417701e+01,1.526322197398307701e+01,1.524086420943257991e+01,1.521855202766091253e+01,1.519628678299031321e+01,1.517406615432905781e+01,1.515188734552190830e+01,1.512985441726077340e+01,1.511058883265800645e+01,1.509135134377526022e+01,1.565642304986523214e+01,1.538803805000365443e+01,1.536531016220201451e+01,0.000000000000000000e+00,0.000000000000000000e+00,0.000000000000000000e+00,0.000000000000000000e+00,0.000000000000000000e+00,0.000000000000000000e+00,0.000000000000000000e+00,0.000000000000000000e+00,0.000000000000000000e+00,0.000000000000000000e+00,0.000000000000000000e+00,0.000000000000000000e+00,0.000000000000000000e+00,0.000000000000000000e+00,0.000000000000000000e+00,0.000000000000000000e+00,0.000000000000000000e+00,0.000000000000000000e+00,0.000000000000000000e+00,0.000000000000000000e+00
1.543052131899272084e+01,1.540784134483982371e+01,1.538514352753454517e+01,1.536249480060863704e+01,1.533989419782136210e+01,1.531734339759244534e+01,1.529483813901918055e+01,1.527237510866736514e+01,1.524996027351377492e+01,1.522759147697811244e+01,1.520527013801204319e+01,1.518299414239286627e+01,1.516076037630222473e+01,1.513856515545810133e+01,1.511936455737011720e+01,1.510008272692933673e+01,1.566705733066574879e+01,1.540008864082881601e+01,1.537729641408789227e+01,1.535456932486928849e+01,0.000000000000000000e+00,0.000000000000000000e+00,0.000000000000000000e+00,0.000000000000000000e+00,0.000000000000000000e+00,0.000000000000000000e+00,0.000000000000000000e+00,0.000000000000000000e+00,0.000000000000000000e+00,0.000000000000000000e+00,0.000000000000000000e+00,0.000000000000000000e+00,0.000000000000000000e+00,0.000000000000000000e+00,0.000000000000000000e+00,0.000000000000000000e+00,0.000000000000000000e+00,0.000000000000000000e+00,0.000000000000000000e+00,0.000000000000000000e+00
1.541728529256617719e+01,1.539459750387939607e+01,1.537188927343607858e+01,1.534922947846812136e+01,1.532661975355515693e+01,1.530405662532026057e+01,1.528153563019550987e+01,1.525906361508848263e+01,1.523663795354477912e+01,1.521426032638351700e+01,1.519192877139935050e+01,1.516963974294980488e+01,1.514738983036078324e+01,1.512803790982934515e+01,1.510882001792178286e+01,1.567770632434231359e+01,1.541214715209036612e+01,1.538929017440192126e+01,1.536649908569079592e+01,1.534353946779071620e+01,0.000000000000000000e+00,0.000000000000000000e+00,0.000000000000000000e+00,0.000000000000000000e+00,0.000000000000000000e+00,0.000000000000000000e+00,0.000000000000000000e+00,0.000000000000000000e+00,0.000000000000000000e+00,0.000000000000000000e+00,0.000000000000000000e+00,0.000000000000000000e+00,0.000000000000000000e+00,0.000000000000000000e+00,0.000000000000000000e+00,0.000000000000000000e+00,0.000000000000000000e+00,0.000000000000000000e+00,0.000000000000000000e+00,0.000000000000000000e+00
1.540399021801610857e+01,1.538129189679842312e+01,1.535857287716522990e+01,1.533590400511910090e+01,1.531328278858433123e+01,1.529070353198148524e+01,1.526817398556849703e+01,1.524569143304501040e+01,1.522325731302969842e+01,1.520087000601235694e+01,1.517852547634767468e+01,1.515622060955051609e+01,1.513682382997948039e+01,1.511745598186689854e+01,1.568837006046375748e+01,1.542409094901017674e+01,1.540129150712403572e+01,1.537843603441209872e+01,1.535541233431413843e+01,1.533245802030096527e+01,0.000000000000000000e+00,0.000000000000000000e+00,0.000000000000000000e+00,0.000000000000000000e+00,0.000000000000000000e+00,0.000000000000000000e+00,0.000000000000000000e+00,0.000000000000000000e+00,0.000000000000000000e+00,0.000000000000000000e+00,0.000000000000000000e+00,0.000000000000000000e+00,0.000000000000000000e+00,0.000000000000000000e+00,0.000000000000000000e+00,0.000000000000000000e+00,0.000000000000000000e+00,0.000000000000000000e+00,0.000000000000000000e+00,0.000000000000000000e+00
1.539063357806476517e+01,1.536792416145716089e+01,1.534519609326719625e+01,1.532251660598031684e+01,1.529987882247240449e+01,1.527729153399352491e+01,1.525475189577059609e+01,1.523226105531459140e+01,1.520981767151003083e+01,1.518741755597692844e+01,1.516505753874274198e+01,1.514561565975208346e+01,1.512620313068642908e+01,1.569904804409116039e+01,1.543616269523779927e+01,1.541330075953299428e+01,1.539038019895896880e+01,1.536729201124524735e+01,1.534427402397233919e+01,1.532132479201013808e+01,0.000000000000000000e+00,0.000000000000000000e+00,0.000000000000000000e+00,0.000000000000000000e+00,0.000000000000000000e+00,0.000000000000000000e+00,0.000000000000000000e+00,0.000000000000000000e+00,0.000000000000000000e+00,0.000000000000000000e+00,0.000000000000000000e+00,0.000000000000000000e+00,0.000000000000000000e+00,0.000000000000000000e+00,0.000000000000000000e+00,0.000000000000000000e+00,0.000000000000000000e+00,0.000000000000000000e+00,0.000000000000000000e+00,0.000000000000000000e+00
1.537721464196132359e+01,1.535449597553913570e+01,1.533175800951905998e+01,1.530906146558876557e+01,1.528641623984045239e+01,1.526381923948586206e+01,1.524127151426199234e+01,1.521877183520514620e+01,1.519631595282282888e+01,1.517390058252135532e+01,1.515441344833041981e+01,1.513495599666519453e+01,1.570974060009294959e+01,1.544824234159680643e+01,1.542519338656632755e+01,1.540233195828979618e+01,1.537917852398758711e+01,1.535609652258491664e+01,1.533308388477504280e+01,1.531013927127668950e+01,0.000000000000000000e+00,0.000000000000000000e+00,0.000000000000000000e+00,0.000000000000000000e+00,0.000000000000000000e+00,0.000000000000000000e+00,0.000000000000000000e+00,0.000000000000000000e+00,0.000000000000000000e+00,0.000000000000000000e+00,0.000000000000000000e+00,0.000000000000000000e+00,0.000000000000000000e+00,0.000000000000000000e+00,0.000000000000000000e+00,0.000000000000000000e+00,0.000000000000000000e+00,0.000000000000000000e+00,0.000000000000000000e+00,0.000000000000000000e+00
1.536373550345203398e+01,1.534100683171948631e+01,1.531825143376620879e+01,1.529554806599039196e+01,1.527289340419186559e+01,1.525028865902218733e+01,1.522773248320316242e+01,1.520522063145452485e+01,1.518274970731413021e+01,1.516321715975454154e+01,1.514371463150154540e+01,1.572044779237329948e+01,1.546032961292431551e+01,1.543721495919939102e+01,1.541416844107102513e+01,1.539107231162815737e+01,1.536792546121137804e+01,1.534484936381916143e+01,1.532184159106577148e+01,1.529890145025845172e+01,0.000000000000000000e+00,0.000000000000000000e+00,0.000000000000000000e+00,0.000000000000000000e+00,0.000000000000000000e+00,0.000000000000000000e+00,0.000000000000000000e+00,0.000000000000000000e+00,0.000000000000000000e+00,0.000000000000000000e+00,0.000000000000000000e+00,0.000000000000000000e+00,0.000000000000000000e+00,0.000000000000000000e+00,0.000000000000000000e+00,0.000000000000000000e+00,0.000000000000000000e+00,0.000000000000000000e+00,0.000000000000000000e+00,0.000000000000000000e+00
1.535019550377658248e+01,1.532744867854098025e+01,1.530468697068823047e+01,1.528197443483246865e+01,1.525931248842631227e+01,1.523669958206028596e+01,1.521413155762645886e+01,1.519160487820277083e+01,1.517202676069027589e+01,1.515247899918979968e+01,1.573116967048087034e+01,1.547242463353477859e+01,1.544924380509489836e+01,1.542613196401854125e+01,1.540285240196956629e+01,1.537976133475569540e+01,1.535662080302009080e+01,1.533355016267566384e+01,1.531054694129533367e+01,1.528761130847443361e+01,0.000000000000000000e+00,0.000000000000000000e+00,0.000000000000000000e+00,0.000000000000000000e+00,0.000000000000000000e+00,0.000000000000000000e+00,0.000000000000000000e+00,0.000000000000000000e+00,0.000000000000000000e+00,0.000000000000000000e+00,0.000000000000000000e+00,0.000000000000000000e+00,0.000000000000000000e+00,0.000000000000000000e+00,0.000000000000000000e+00,0.000000000000000000e+00,0.000000000000000000e+00,0.000000000000000000e+00,0.000000000000000000e+00,0.000000000000000000e+00
1.533658636471414027e+01,1.531383291547024150e+01,1.529106228190089212e+01,1.526834293834571632e+01,1.524567309615054000e+01,1.522304869602383803e+01,1.520046606025371183e+01,1.518084221646840071e+01,1.516124906707593389e+01,1.574190617681341564e+01,1.548452733895053512e+01,1.546128006595989923e+01,1.543810242065055327e+01,1.541475740095049929e+01,1.539160408590607432e+01,1.536839883969748399e+01,1.534526432987403410e+01,1.532219848870029111e+01,1.529920004556743152e+01,1.527626865246469379e+01,0.000000000000000000e+00,0.000000000000000000e+00,0.000000000000000000e+00,0.000000000000000000e+00,0.000000000000000000e+00,0.000000000000000000e+00,0.000000000000000000e+00,0.000000000000000000e+00,0.000000000000000000e+00,0.000000000000000000e+00,0.000000000000000000e+00,0.000000000000000000e+00,0.000000000000000000e+00,0.000000000000000000e+00,0.000000000000000000e+00,0.000000000000000000e+00,0.000000000000000000e+00,0.000000000000000000e+00,0.000000000000000000e+00,0.000000000000000000e+00
1.532291967457748960e+01,1.530015690625470626e+01,1.527737987380042028e+01,1.525465296979054841e+01,1.523197200780894178e+01,1.520933321726561083e+01,1.518966349215031997e+01,1.517002480023461786e+01,1.575265692525090877e+01,1.549663763955212303e+01,1.547332367314477963e+01,1.545007995973180748e+01,1.542666903768566300e+01,1.540333159805943453e+01,1.538018343595804716e+01,1.535698462838687917e+01,1.533385529515468448e+01,1.531079458374288649e+01,1.528780069767252314e+01,1.526487323369229188e+01,0.000000000000000000e+00,0.000000000000000000e+00,0.000000000000000000e+00,0.000000000000000000e+00,0.000000000000000000e+00,0.000000000000000000e+00,0.000000000000000000e+00,0.000000000000000000e+00,0.000000000000000000e+00,0.000000000000000000e+00,0.000000000000000000e+00,0.000000000000000000e+00,0.000000000000000000e+00,0.000000000000000000e+00,0.000000000000000000e+00,0.000000000000000000e+00,0.000000000000000000e+00,0.000000000000000000e+00,0.000000000000000000e+00,0.000000000000000000e+00
1.530919273795347380e+01,1.528642333675859177e+01,1.526363916838666590e+01,1.524090145337475377e+01,1.521820631334965057e+01,1.519849055177987118e+01,1.517880616359920865e+01,1.576342219283876744e+01,1.550875549002657294e+01,1.548537454731277307e+01,1.546206451026184325e+01,1.543858741208120833e+01,1.541518448926903950e+01,1.539185437037626158e+01,1.536871113457944915e+01,1.534551803940250281e+01,1.532239410582659467e+01,1.529933829475804608e+01,1.527634869985255683e+01,1.525342480301500458e+01,0.000000000000000000e+00,0.000000000000000000e+00,0.000000000000000000e+00,0.000000000000000000e+00,0.000000000000000000e+00,0.000000000000000000e+00,0.000000000000000000e+00,0.000000000000000000e+00,0.000000000000000000e+00,0.000000000000000000e+00,0.000000000000000000e+00,0.000000000000000000e+00,0.000000000000000000e+00,0.000000000000000000e+00,0.000000000000000000e+00,0.000000000000000000e+00,0.000000000000000000e+00,0.000000000000000000e+00,0.000000000000000000e+00,0.000000000000000000e+00
1.529540839604587887e+01,1.527263166554590157e+01,1.524983695570806574e+01,1.522708530816488093e+01,1.520732335957640302e+01,1.518759312172323561e+01,1.577420207739795188e+01,1.552088073169160509e+01,1.549743262829769108e+01,1.547405600276803561e+01,1.545051246650707810e+01,1.542704379457916630e+01,1.540364859389499053e+01,1.538032551860868224e+01,1.535718661138024999e+01,1.533399923554172695e+01,1.531088059384256184e+01,1.528782942709396941e+01,1.526484386344071709e+01,1.524192328032250643e+01,0.000000000000000000e+00,0.000000000000000000e+00,0.000000000000000000e+00,0.000000000000000000e+00,0.000000000000000000e+00,0.000000000000000000e+00,0.000000000000000000e+00,0.000000000000000000e+00,0.000000000000000000e+00,0.000000000000000000e+00,0.000000000000000000e+00,0.000000000000000000e+00,0.000000000000000000e+00,0.000000000000000000e+00,0.000000000000000000e+00,0.000000000000000000e+00,0.000000000000000000e+00,0.000000000000000000e+00,0.000000000000000000e+00,0.000000000000000000e+00
1.528156612850155938e+01,1.525877848185048613e+01,1.523597013394582333e+01,1.521616187956427169e+01,1.519638563896065975e+01,1.578499658369011627e+01,1.553301319263936797e+01,1.550949778661432532e+01,1.548605436450219308e+01,1.546244413625943537e+01,1.543890945231265022e+01,1.541544889808008989e+01,1.539206115359317728e+01,1.536886104578885082e+01,1.534560994347141971e+01,1.532242816745966962e+01,1.529931455596888767e+01,1.527626778192508716e+01,1.525328585912140866e+01,1.523036794915808656e+01,0.000000000000000000e+00,0.000000000000000000e+00,0.000000000000000000e+00,0.000000000000000000e+00,0.000000000000000000e+00,0.000000000000000000e+00,0.000000000000000000e+00,0.000000000000000000e+00,0.000000000000000000e+00,0.000000000000000000e+00,0.000000000000000000e+00,0.000000000000000000e+00,0.000000000000000000e+00,0.000000000000000000e+00,0.000000000000000000e+00,0.000000000000000000e+00,0.000000000000000000e+00,0.000000000000000000e+00,0.000000000000000000e+00,0.000000000000000000e+00
1.526766234180327508e+01,1.524486078481557527e+01,1.522500607527436856e+01,1.520518367956319494e+01,1.579580571519425902e+01,1.554515292879898780e+01,1.552156981988543905e+01,1.549805949056376519e+01,1.547438234330858720e+01,1.545078139292721886e+01,1.542725525268541098e+01,1.540380254214410272e+01,1.538042189781438118e+01,1.535722609403286931e+01,1.533398101545700953e+01,1.531080466262159945e+01,1.528769579785142341e+01,1.526465315287747870e+01,1.524167421864508043e+01,1.521875905486271918e+01,0.000000000000000000e+00,0.000000000000000000e+00,0.000000000000000000e+00,0.000000000000000000e+00,0.000000000000000000e+00,0.000000000000000000e+00,0.000000000000000000e+00,0.000000000000000000e+00,0.000000000000000000e+00,0.000000000000000000e+00,0.000000000000000000e+00,0.000000000000000000e+00,0.000000000000000000e+00,0.000000000000000000e+00,0.000000000000000000e+00,0.000000000000000000e+00,0.000000000000000000e+00,0.000000000000000000e+00,0.000000000000000000e+00,0.000000000000000000e+00
1.525369413200317581e+01,1.523385588052958184e+01,1.521398720693943396e+01,1.580662939187782356e+01,1.555729989481657682e+01,1.553364881747091530e+01,1.551007115645009549e+01,1.548632701598386063e+01,1.546265955181406326e+01,1.543906757339926727e+01,1.541554966738131505e+01,1.539210448397327724e+01,1.536873058892996546e+01,1.534553908708982206e+01,1.532229971848221872e+01,1.529912852508151921e+01,1.527602414287842691e+01,1.525298491465958861e+01,1.523000897970475442e+01,1.520709662602896550e+01,0.000000000000000000e+00,0.000000000000000000e+00,0.000000000000000000e+00,0.000000000000000000e+00,0.000000000000000000e+00,0.000000000000000000e+00,0.000000000000000000e+00,0.000000000000000000e+00,0.000000000000000000e+00,0.000000000000000000e+00,0.000000000000000000e+00,0.000000000000000000e+00,0.000000000000000000e+00,0.000000000000000000e+00,0.000000000000000000e+00,0.000000000000000000e+00,0.000000000000000000e+00,0.000000000000000000e+00,0.000000000000000000e+00,0.000000000000000000e+00
1.524264862621822658e+01,1.522279618289672243e+01,1.581746741308804793e+01,1.556945401341826418e+01,1.554573468819940985e+01,1.552208945423846842e+01,1.549827788946918794e+01,1.547454386492037415e+01,1.545088578604862306e+01,1.542730245878373196e+01,1.540379250434525638e+01,1.538035441707869033e+01,1.535710192803947116e+01,1.533379969187910419e+01,1.531056587711599448e+01,1.528739956485744500e+01,1.526429915729096898e+01,1.524126297234343674e+01,1.521829024540335595e+01,1.519538042614690454e+01,0.000000000000000000e+00,0.000000000000000000e+00,0.000000000000000000e+00,0.000000000000000000e+00,0.000000000000000000e+00,0.000000000000000000e+00,0.000000000000000000e+00,0.000000000000000000e+00,0.000000000000000000e+00,0.000000000000000000e+00,0.000000000000000000e+00,0.000000000000000000e+00,0.000000000000000000e+00,0.000000000000000000e+00,0.000000000000000000e+00,0.000000000000000000e+00,0.000000000000000000e+00,0.000000000000000000e+00,0.000000000000000000e+00,0.000000000000000000e+00
1.523154835075508018e+01,1.582831984702415262e+01,1.558161523210847044e+01,1.555782738062935167e+01,1.553411431985844260e+01,1.551023506793513818e+01,1.548643406101952635e+01,1.546270982444013598e+01,1.543906083673408958e+01,1.541548585853499276e+01,1.539198336631893049e+01,1.536855233898385720e+01,1.534530430863430794e+01,1.532200782892668656e+01,1.529877928426789957e+01,1.527561738688049431e+01,1.525252033875685953e+01,1.522948763227691771e+01,1.520651780653506080e+01,1.518361010841946168e+01,0.000000000000000000e+00,0.000000000000000000e+00,0.000000000000000000e+00,0.000000000000000000e+00,0.000000000000000000e+00,0.000000000000000000e+00,0.000000000000000000e+00,0.000000000000000000e+00,0.000000000000000000e+00,0.000000000000000000e+00,0.000000000000000000e+00,0.000000000000000000e+00,0.000000000000000000e+00,0.000000000000000000e+00,0.000000000000000000e+00,0.000000000000000000e+00,0.000000000000000000e+00,0.000000000000000000e+00,0.000000000000000000e+00,0.000000000000000000e+00
1.583909466475425276e+01,1.559378349109761785e+01,1.556992683383634102e+01,1.554614565960767258e+01,1.552219848443724004e+01,1.549833023519992281e+01,1.547453947026725984e+01,1.545082471501416421e+01,1.542718448908251361e+01,1.540361737217036264e+01,1.538012231680110986e+01,1.535669805100164709e+01,1.533345418756028167e+01,1.531016331663846941e+01,1.528693966854628883e+01,1.526378145427834276e+01,1.524068818216535526e+01,1.521765869766190704e+01,1.519469146433095119e+01,1.517178508949355020e+01,0.000000000000000000e+00,0.000000000000000000e+00,0.000000000000000000e+00,0.000000000000000000e+00,0.000000000000000000e+00,0.000000000000000000e+00,0.000000000000000000e+00,0.000000000000000000e+00,0.000000000000000000e+00,0.000000000000000000e+00,0.000000000000000000e+00,0.000000000000000000e+00,0.000000000000000000e+00,0.000000000000000000e+00,0.000000000000000000e+00,0.000000000000000000e+00,0.000000000000000000e+00,0.000000000000000000e+00,0.000000000000000000e+00,0.000000000000000000e+00
1.560587766251220287e+01,1.558203298634714784e+01,1.555818342269532906e+01,1.553416807740019223e+01,1.551023232507063199e+01,1.548637475075575409e+01,1.546259391373523684e+01,1.543888833366377611e+01,1.541525636345281924e+01,1.539169704261460581e+01,1.536820915428228496e+01,1.534490450740755563e+01,1.532155150079520034e+01,1.529826592720164768e+01,1.527504632934727447e+01,1.525189215768077489e+01,1.522880249996428859e+01,1.520577597429402772e+01,1.518281037094333463e+01,1.515990556745591533e+01,0.000000000000000000e+00,0.000000000000000000e+00,0.000000000000000000e+00,0.000000000000000000e+00,0.000000000000000000e+00,0.000000000000000000e+00,0.000000000000000000e+00,0.000000000000000000e+00,0.000000000000000000e+00,0.000000000000000000e+00,0.000000000000000000e+00,0.000000000000000000e+00,0.000000000000000000e+00,0.000000000000000000e+00,0.000000000000000000e+00,0.000000000000000000e+00,0.000000000000000000e+00,0.000000000000000000e+00,0.000000000000000000e+00,0.000000000000000000e+00
1.559406543222651109e+01,1.557022755455034257e+01,1.554614375529622627e+01,1.552214026522328183e+01,1.549821563341889430e+01,1.547436841473672686e+01,1.545059719358558326e+01,1.542690027528083618e+01,1.540327645387036171e+01,1.537972470385596147e+01,1.535624368608424817e+01,1.533294333118202601e+01,1.530959605715531424e+01,1.528631479394041648e+01,1.526309963890113153e+01,1.523994941314367679e+01,1.521686310305884859e+01,1.519383869427637634e+01,1.517087472536736925e+01,1.514797179192488485e+01,0.000000000000000000e+00,0.000000000000000000e+00,0.000000000000000000e+00,0.000000000000000000e+00,0.000000000000000000e+00,0.000000000000000000e+00,0.000000000000000000e+00,0.000000000000000000e+00,0.000000000000000000e+00,0.000000000000000000e+00,0.000000000000000000e+00,0.000000000000000000e+00,0.000000000000000000e+00,0.000000000000000000e+00,0.000000000000000000e+00,0.000000000000000000e+00,0.000000000000000000e+00,0.000000000000000000e+00,0.000000000000000000e+00,0.000000000000000000e+00
1.558219829274690582e+01,1.555812545859434337e+01,1.553405399393813191e+01,1.551006204777388220e+01,1.548614820477863319e+01,1.546231102567342219e+01,1.543854896908332464e+01,1.541486048155418231e+01,1.539124463473827475e+01,1.536770015669807776e+01,1.534433917717840856e+01,1.532092948769123630e+01,1.529758691926458347e+01,1.527431056395611009e+01,1.525109955666152928e+01,1.522795302952673779e+01,1.520486944828701503e+01,1.518184664843019860e+01,1.515888489367112690e+01,1.513598329064224046e+01,0.000000000000000000e+00,0.000000000000000000e+00,0.000000000000000000e+00,0.000000000000000000e+00,0.000000000000000000e+00,0.000000000000000000e+00,0.000000000000000000e+00,0.000000000000000000e+00,0.000000000000000000e+00,0.000000000000000000e+00,0.000000000000000000e+00,0.000000000000000000e+00,0.000000000000000000e+00,0.000000000000000000e+00,0.000000000000000000e+00,0.000000000000000000e+00,0.000000000000000000e+00,0.000000000000000000e+00,0.000000000000000000e+00,0.000000000000000000e+00
1.557003410154547751e+01,1.554597342747716837e+01,1.552191393017784904e+01,1.549793321776706811e+01,1.547402984119408131e+01,1.545020228666477280e+01,1.542644902098301074e+01,1.540276888597739102e+01,1.537916071447436828e+01,1.535562320294671323e+01,1.533226664720871923e+01,1.530886210921126889e+01,1.528552472245589300e+01,1.526225285996740766e+01,1.523904591328868818e+01,1.521590252676167587e+01,1.519282091167956672e+01,1.516980049857823332e+01,1.514684066312427646e+01,1.512393914396354688e+01,0.000000000000000000e+00,0.000000000000000000e+00,0.000000000000000000e+00,0.000000000000000000e+00,0.000000000000000000e+00,0.000000000000000000e+00,0.000000000000000000e+00,0.000000000000000000e+00,0.000000000000000000e+00,0.000000000000000000e+00,0.000000000000000000e+00,0.000000000000000000e+00,0.000000000000000000e+00,0.000000000000000000e+00,0.000000000000000000e+00,0.000000000000000000e+00,0.000000000000000000e+00,0.000000000000000000e+00,0.000000000000000000e+00,0.000000000000000000e+00
1.555782011016347433e+01,1.553377121801980465e+01,1.550972338490208813e+01,1.548575357196445701e+01,1.546186028208218310e+01,1.543804189909861435e+01,1.541429737560467039e+01,1.539062529329535778e+01,1.536702449686153571e+01,1.534349363151967260e+01,1.532014072316995623e+01,1.529674170907148678e+01,1.527340922745191065e+01,1.525014168117376379e+01,1.522693829094507123e+01,1.520379724790685572e+01,1.518071825628467586e+01,1.515770002389828974e+01,1.513474081596640985e+01,1.511183958718701348e+01,0.000000000000000000e+00,0.000000000000000000e+00,0.000000000000000000e+00,0.000000000000000000e+00,0.000000000000000000e+00,0.000000000000000000e+00,0.000000000000000000e+00,0.000000000000000000e+00,0.000000000000000000e+00,0.000000000000000000e+00,0.000000000000000000e+00,0.000000000000000000e+00,0.000000000000000000e+00,0.000000000000000000e+00,0.000000000000000000e+00,0.000000000000000000e+00,0.000000000000000000e+00,0.000000000000000000e+00,0.000000000000000000e+00,0.000000000000000000e+00
1.554555609359030477e+01,1.552151864234426881e+01,1.549748215177772259e+01,1.547352289862144303e+01,1.544963915276634125e+01,1.542582990186962988e+01,1.540209383391433562e+01,1.537842951409720627e+01,1.535483576925635063e+01,1.533142271799765055e+01,1.530796179931595979e+01,1.528456820989218912e+01,1.526124027194745558e+01,1.523797667688259949e+01,1.521477599385592328e+01,1.519163786613010814e+01,1.516856135752170864e+01,1.514554431633233733e+01,1.512258534318801928e+01,1.509968528938768628e+01,0.000000000000000000e+00,0.000000000000000000e+00,0.000000000000000000e+00,0.000000000000000000e+00,0.000000000000000000e+00,0.000000000000000000e+00,0.000000000000000000e+00,0.000000000000000000e+00,0.000000000000000000e+00,0.000000000000000000e+00,0.000000000000000000e+00,0.000000000000000000e+00,0.000000000000000000e+00,0.000000000000000000e+00,0.000000000000000000e+00,0.000000000000000000e+00,0.000000000000000000e+00,0.000000000000000000e+00,0.000000000000000000e+00,0.000000000000000000e+00
1.553324183159134719e+01,1.550921551365087403e+01,1.548519002946738610e+01,1.546124070357250169e+01,1.543736651493690637e+01,1.541356612477984456e+01,1.538983819856007251e+01,1.536618135501233340e+01,1.534259417438299877e+01,1.531918497900857190e+01,1.529572988964714675e+01,1.527234122992329368e+01,1.524901761326411176e+01,1.522575700287830713e+01,1.520255954448348135e+01,1.517942425074797086e+01,1.515634956945115164e+01,1.513333277585255665e+01,1.511037532544849249e+01,1.508747553033008515e+01,0.000000000000000000e+00,0.000000000000000000e+00,0.000000000000000000e+00,0.000000000000000000e+00,0.000000000000000000e+00,0.000000000000000000e+00,0.000000000000000000e+00,0.000000000000000000e+00,0.000000000000000000e+00,0.000000000000000000e+00,0.000000000000000000e+00,0.000000000000000000e+00,0.000000000000000000e+00,0.000000000000000000e+00,0.000000000000000000e+00,0.000000000000000000e+00,0.000000000000000000e+00,0.000000000000000000e+00,0.000000000000000000e+00,0.000000000000000000e+00
1.552087713958721338e+01,1.549686162730357708e+01,1.547284650468170142e+01,1.544890714412143673e+01,1.542504221009345144e+01,1.540125037865481517e+01,1.537753029769197610e+01,1.535388042188684921e+01,1.533041119040843547e+01,1.530689437029475819e+01,1.528344465196589219e+01,1.526006076074564177e+01,1.523674024988292075e+01,1.521348329905804064e+01,1.519028903382329077e+01,1.516715589639837702e+01,1.514408167262750737e+01,1.512106667733417531e+01,1.509810996911346592e+01,1.507520832327304561e+01,0.000000000000000000e+00,0.000000000000000000e+00,0.000000000000000000e+00,0.000000000000000000e+00,0.000000000000000000e+00,0.000000000000000000e+00,0.000000000000000000e+00,0.000000000000000000e+00,0.000000000000000000e+00,0.000000000000000000e+00,0.000000000000000000e+00,0.000000000000000000e+00,0.000000000000000000e+00,0.000000000000000000e+00,0.000000000000000000e+00,0.000000000000000000e+00,0.000000000000000000e+00,0.000000000000000000e+00,0.000000000000000000e+00,0.000000000000000000e+00
1.550846182316477950e+01,1.548445649370020050e+01,1.546045173298715980e+01,1.543652202531589168e+01,1.541266604907885807e+01,1.538888247532114306e+01,1.536516978038629233e+01,1.534152662527491806e+01,1.531806160052030918e+01,1.529455062537014953e+01,1.527110596523764841e+01,1.524772552913216472e+01,1.522440909029322853e+01,1.520115555558170861e+01,1.517796385701878492e+01,1.515483152039693771e+01,1.513175938764712569e+01,1.510874559100860814e+01,1.508578715182420638e+01,1.506288542097656880e+01,0.000000000000000000e+00,0.000000000000000000e+00,0.000000000000000000e+00,0.000000000000000000e+00,0.000000000000000000e+00,0.000000000000000000e+00,0.000000000000000000e+00,0.000000000000000000e+00,0.000000000000000000e+00,0.000000000000000000e+00,0.000000000000000000e+00,0.000000000000000000e+00,0.000000000000000000e+00,0.000000000000000000e+00,0.000000000000000000e+00,0.000000000000000000e+00,0.000000000000000000e+00,0.000000000000000000e+00,0.000000000000000000e+00,0.000000000000000000e+00
1.549599539889111099e+01,1.547200019324555775e+01,1.544800550403004102e+01,1.542408516961430820e+01,1.540023784593533662e+01,1.537646212122629308e+01,1.535275642659794038e+01,1.532923152004014433e+01,1.530565903412299988e+01,1.528215343045431851e+01,1.525871264421576612e+01,1.523533671044086901e+01,1.521202382336428727e+01,1.518877338208902472e+01,1.516558274179880250e+01,1.514245272943266230e+01,1.511938231297731150e+01,1.509636684485109726e+01,1.507340891543297090e+01,1.505050710367113354e+01,0.000000000000000000e+00,0.000000000000000000e+00,0.000000000000000000e+00,0.000000000000000000e+00,0.000000000000000000e+00,0.000000000000000000e+00,0.000000000000000000e+00,0.000000000000000000e+00,0.000000000000000000e+00,0.000000000000000000e+00,0.000000000000000000e+00,0.000000000000000000e+00,0.000000000000000000e+00,0.000000000000000000e+00,0.000000000000000000e+00,0.000000000000000000e+00,0.000000000000000000e+00,0.000000000000000000e+00,0.000000000000000000e+00,0.000000000000000000e+00
1.548347790705009785e+01,1.545949258604021459e+01,1.543550766833717702e+01,1.541159638674579568e+01,1.538775733591996797e+01,1.536398896097108135e+01,1.534029034352538901e+01,1.531676981062063092e+01,1.529320311321489356e+01,1.526970172858712971e+01,1.524626574998189632e+01,1.522289373815623215e+01,1.519958433593396663e+01,1.517633528019000622e+01,1.515314717123142074e+01,1.513001937366532346e+01,1.510694740561460492e+01,1.508393310788196295e+01,1.506097495275633591e+01,1.503806973869600583e+01,0.000000000000000000e+00,0.000000000000000000e+00,0.000000000000000000e+00,0.000000000000000000e+00,0.000000000000000000e+00,0.000000000000000000e+00,0.000000000000000000e+00,0.000000000000000000e+00,0.000000000000000000e+00,0.000000000000000000e+00,0.000000000000000000e+00,0.000000000000000000e+00,0.000000000000000000e+00,0.000000000000000000e+00,0.000000000000000000e+00,0.000000000000000000e+00,0.000000000000000000e+00,0.000000000000000000e+00,0.000000000000000000e+00,0.000000000000000000e+00
1.547090925759172109e+01,1.544693348412684486e+01,1.542295803249363928e+01,1.539905544582468266e+01,1.537522411231241470e+01,1.535146318262842158e+01,1.532777133580897555e+01,1.530425495275687986e+01,1.528069277180821040e+01,1.525719654828318284e+01,1.523376490084821455e+01,1.521039671649703173e+01,1.518708908775629496e+01,1.516384267414762732e+01,1.514065713060573515e+01,1.511752841418552862e+01,1.509445754516028693e+01,1.507144322315855689e+01,1.504848239589967207e+01,1.502557567578022102e+01,0.000000000000000000e+00,0.000000000000000000e+00,0.000000000000000000e+00,0.000000000000000000e+00,0.000000000000000000e+00,0.000000000000000000e+00,0.000000000000000000e+00,0.000000000000000000e+00,0.000000000000000000e+00,0.000000000000000000e+00,0.000000000000000000e+00,0.000000000000000000e+00,0.000000000000000000e+00,0.000000000000000000e+00,0.000000000000000000e+00,0.000000000000000000e+00,0.000000000000000000e+00,0.000000000000000000e+00,0.000000000000000000e+00,0.000000000000000000e+00
1.545828922609494782e+01,1.543432271133333344e+01,1.541035639156742931e+01,1.538646188536637638e+01,1.536263835739577033e+01,1.533888459486662548e+01,1.531530886472552666e+01,1.529168570902455215e+01,1.526812899588231787e+01,1.524463756674232862e+01,1.522121004737762640e+01,1.519784388754967175e+01,1.517453915678749610e+01,1.515129569084997740e+01,1.512810983681321630e+01,1.510498221833180210e+01,1.508191186955357388e+01,1.505889502407715952e+01,1.503593258252569420e+01,1.501302738008741144e+01,0.000000000000000000e+00,0.000000000000000000e+00,0.000000000000000000e+00,0.000000000000000000e+00,0.000000000000000000e+00,0.000000000000000000e+00,0.000000000000000000e+00,0.000000000000000000e+00,0.000000000000000000e+00,0.000000000000000000e+00,0.000000000000000000e+00,0.000000000000000000e+00,0.000000000000000000e+00,0.000000000000000000e+00,0.000000000000000000e+00,0.000000000000000000e+00,0.000000000000000000e+00,0.000000000000000000e+00,0.000000000000000000e+00,0.000000000000000000e+00
1.544561765617547522e+01,1.542166008031810875e+01,1.539770220952247826e+01,1.537381588613695271e+01,1.534999991581808665e+01,1.532625299966690946e+01,1.530268047866291248e+01,1.527906305447509183e+01,1.525551167347142822e+01,1.523202456459232934e+01,1.520859944890766258e+01,1.518523657937704918e+01,1.516193499455197369e+01,1.513869181817291754e+01,1.511550701743745151e+01,1.509238075391735379e+01,1.506930766275994316e+01,1.504628941787083996e+01,1.502332897212065532e+01,1.500042242055508446e+01,0.000000000000000000e+00,0.000000000000000000e+00,0.000000000000000000e+00,0.000000000000000000e+00,0.000000000000000000e+00,0.000000000000000000e+00,0.000000000000000000e+00,0.000000000000000000e+00,0.000000000000000000e+00,0.000000000000000000e+00,0.000000000000000000e+00,0.000000000000000000e+00,0.000000000000000000e+00,0.000000000000000000e+00,0.000000000000000000e+00,0.000000000000000000e+00,0.000000000000000000e+00,0.000000000000000000e+00,0.000000000000000000e+00,0.000000000000000000e+00
1.543289435534877185e+01,1.540894500709541859e+01,1.538499570607375944e+01,1.536111732183596956e+01,1.533730860134492247e+01,1.531367702391114172e+01,1.528999869019930813e+01,1.526638705838553278e+01,1.524284027148949860e+01,1.521935594589005625e+01,1.519593465296002144e+01,1.517257498205297850e+01,1.514927427150461980e+01,1.512603214399605456e+01,1.510284928169735963e+01,1.507972034108212789e+01,1.505664610196631514e+01,1.503363008739933093e+01,1.501066883959943254e+01,1.498776313537988258e+01,0.000000000000000000e+00,0.000000000000000000e+00,0.000000000000000000e+00,0.000000000000000000e+00,0.000000000000000000e+00,0.000000000000000000e+00,0.000000000000000000e+00,0.000000000000000000e+00,0.000000000000000000e+00,0.000000000000000000e+00,0.000000000000000000e+00,0.000000000000000000e+00,0.000000000000000000e+00,0.000000000000000000e+00,0.000000000000000000e+00,0.000000000000000000e+00,0.000000000000000000e+00,0.000000000000000000e+00,0.000000000000000000e+00,0.000000000000000000e+00
1.542011874384360937e+01,1.539617775280648715e+01,1.537223675419041058e+01,1.534836600472601731e+01,1.532456391521339967e+01,1.530093583948599445e+01,1.527726368635623011e+01,1.525365710304353861e+01,1.523011337127690012e+01,1.520663329989595880e+01,1.518321545855500965e+01,1.515985715397553335e+01,1.513655753311873653e+01,1.511331789036119844e+01,1.509013265726599684e+01,1.506700260776213263e+01,1.504393081125087761e+01,1.502091437306822641e+01,1.499795425543419647e+01,1.497504853172293693e+01,0.000000000000000000e+00,0.000000000000000000e+00,0.000000000000000000e+00,0.000000000000000000e+00,0.000000000000000000e+00,0.000000000000000000e+00,0.000000000000000000e+00,0.000000000000000000e+00,0.000000000000000000e+00,0.000000000000000000e+00,0.000000000000000000e+00,0.000000000000000000e+00,0.000000000000000000e+00,0.000000000000000000e+00,0.000000000000000000e+00,0.000000000000000000e+00,0.000000000000000000e+00,0.000000000000000000e+00,0.000000000000000000e+00,0.000000000000000000e+00
1.540729107168461809e+01,1.538335815146536234e+01,1.535942517619387893e+01,1.533556149116146372e+01,1.531187433620626237e+01,1.528814156099898725e+01,1.526447499662441842e+01,1.524087167128253562e+01,1.521733263650031986e+01,1.519385624476021235e+01,1.517044037619144703e+01,1.514708312173718241e+01,1.512378654477644879e+01,1.510054472418835125e+01,1.507735868896119058e+01,1.505423107567444063e+01,1.503115928191683182e+01,1.500814452840863567e+01,1.498518444135049066e+01,1.496227704839836470e+01,0.000000000000000000e+00,0.000000000000000000e+00,0.000000000000000000e+00,0.000000000000000000e+00,0.000000000000000000e+00,0.000000000000000000e+00,0.000000000000000000e+00,0.000000000000000000e+00,0.000000000000000000e+00,0.000000000000000000e+00,0.000000000000000000e+00,0.000000000000000000e+00,0.000000000000000000e+00,0.000000000000000000e+00,0.000000000000000000e+00,0.000000000000000000e+00,0.000000000000000000e+00,0.000000000000000000e+00,0.000000000000000000e+00,0.000000000000000000e+00
1.539441116654399977e+01,1.537048605231945153e+01,1.534656055088935034e+01,1.532281401868406157e+01,1.529902060900512950e+01,1.527529385943049078e+01,1.525163079075671035e+01,1.522803261213832116e+01,1.520449748537467372e+01,1.518102342857892495e+01,1.515760885029417793e+01,1.513425508360332827e+01,1.511095658251947427e+01,1.508771408651825752e+01,1.506453082689962919e+01,1.504140349827710033e+01,1.501833373836845453e+01,1.499531936520306985e+01,1.497235785919833440e+01,1.494952665315405049e+01,0.000000000000000000e+00,0.000000000000000000e+00,0.000000000000000000e+00,0.000000000000000000e+00,0.000000000000000000e+00,0.000000000000000000e+00,0.000000000000000000e+00,0.000000000000000000e+00,0.000000000000000000e+00,0.000000000000000000e+00,0.000000000000000000e+00,0.000000000000000000e+00,0.000000000000000000e+00,0.000000000000000000e+00,0.000000000000000000e+00,0.000000000000000000e+00,0.000000000000000000e+00,0.000000000000000000e+00,0.000000000000000000e+00,0.000000000000000000e+00
1.538147888985757206e+01,1.535756104933546951e+01,1.533364267250471613e+01,1.530990054709281267e+01,1.528611362440472732e+01,1.526239067386196524e+01,1.523873301163055416e+01,1.521513908413081317e+01,1.519160669724238844e+01,1.516813435654124831e+01,1.514472333826287098e+01,1.512136816236110981e+01,1.509806904471841094e+01,1.507482976779927597e+01,1.505164695919595630e+01,1.502852195739034258e+01,1.500545323505684436e+01,1.498243743809366890e+01,1.495955403414878226e+01,1.493934055697466867e+01,0.000000000000000000e+00,0.000000000000000000e+00,0.000000000000000000e+00,0.000000000000000000e+00,0.000000000000000000e+00,0.000000000000000000e+00,0.000000000000000000e+00,0.000000000000000000e+00,0.000000000000000000e+00,0.000000000000000000e+00,0.000000000000000000e+00,0.000000000000000000e+00,0.000000000000000000e+00,0.000000000000000000e+00,0.000000000000000000e+00,0.000000000000000000e+00,0.000000000000000000e+00,0.000000000000000000e+00,0.000000000000000000e+00,0.000000000000000000e+00
1.536849384321166667e+01,1.534458291857254864e+01,1.532078153353515049e+01,1.529693398299727036e+01,1.527315126612041674e+01,1.524943391633465239e+01,1.522578100988372540e+01,1.520219012363247657e+01,1.517865975358243702e+01,1.515519135298944420e+01,1.513177933022259580e+01,1.510842350393684974e+01,1.508512793448335643e+01,1.506188957222020086e+01,1.503870927251962186e+01,1.501558578315195192e+01,1.499251572684434741e+01,1.496957996408763414e+01,1.494932346999872053e+01,1.492910448853073646e+01,0.000000000000000000e+00,0.000000000000000000e+00,0.000000000000000000e+00,0.000000000000000000e+00,0.000000000000000000e+00,0.000000000000000000e+00,0.000000000000000000e+00,0.000000000000000000e+00,0.000000000000000000e+00,0.000000000000000000e+00,0.000000000000000000e+00,0.000000000000000000e+00,0.000000000000000000e+00,0.000000000000000000e+00,0.000000000000000000e+00,0.000000000000000000e+00,0.000000000000000000e+00,0.000000000000000000e+00,0.000000000000000000e+00,0.000000000000000000e+00
1.535545578912872955e+01,1.533155183983689618e+01,1.530775509900087883e+01,1.528391234101162510e+01,1.526013527327138775e+01,1.523642321353568008e+01,1.521277364282431499e+01,1.518918507314949551e+01,1.516565892789529713e+01,1.514219011669525550e+01,1.511877740533990178e+01,1.509542534165414196e+01,1.507213111150615248e+01,1.504889553393371848e+01,1.502571706623498571e+01,1.500259265905335582e+01,1.497960438341817380e+01,1.495930475635051060e+01,1.493904293825857366e+01,1.548026565349334582e+01,0.000000000000000000e+00,0.000000000000000000e+00,0.000000000000000000e+00,0.000000000000000000e+00,0.000000000000000000e+00,0.000000000000000000e+00,0.000000000000000000e+00,0.000000000000000000e+00,0.000000000000000000e+00,0.000000000000000000e+00,0.000000000000000000e+00,0.000000000000000000e+00,0.000000000000000000e+00,0.000000000000000000e+00,0.000000000000000000e+00,0.000000000000000000e+00,0.000000000000000000e+00,0.000000000000000000e+00,0.000000000000000000e+00,0.000000000000000000e+00
1.534236490283412024e+01,1.531857696061138263e+01,1.529467387125753319e+01,1.527083699628662039e+01,1.524706564047870394e+01,1.522335720632589684e+01,1.519971026159393368e+01,1.517612619381917582e+01,1.515260025930782994e+01,1.512913068838626884e+01,1.510572196765708775e+01,1.508237164296761534e+01,1.505908067496168101e+01,1.503584707291625122e+01,1.501266817047744695e+01,1.498962722396135483e+01,1.496928435904845500e+01,1.494897958822054207e+01,1.549235000123619344e+01,1.530063848189854525e+01,0.000000000000000000e+00,0.000000000000000000e+00,0.000000000000000000e+00,0.000000000000000000e+00,0.000000000000000000e+00,0.000000000000000000e+00,0.000000000000000000e+00,0.000000000000000000e+00,0.000000000000000000e+00,0.000000000000000000e+00,0.000000000000000000e+00,0.000000000000000000e+00,0.000000000000000000e+00,0.000000000000000000e+00,0.000000000000000000e+00,0.000000000000000000e+00,0.000000000000000000e+00,0.000000000000000000e+00,0.000000000000000000e+00,0.000000000000000000e+00
1.532922106028814468e+01,1.530543590616818150e+01,1.528153886420064644e+01,1.525770823625089889e+01,1.523394071644795211e+01,1.521023526753511490e+01,1.518659306560895850e+01,1.516300981390117641e+01,1.513948329066535337e+01,1.511601771506844827e+01,1.509261114919538826e+01,1.506926454035390250e+01,1.504597574310112051e+01,1.502274219861813265e+01,1.499964842143404908e+01,1.497926221061202057e+01,1.495891438368881055e+01,1.550444007056347928e+01,1.531386035978500004e+01,1.528964449070709719e+01,0.000000000000000000e+00,0.000000000000000000e+00,0.000000000000000000e+00,0.000000000000000000e+00,0.000000000000000000e+00,0.000000000000000000e+00,0.000000000000000000e+00,0.000000000000000000e+00,0.000000000000000000e+00,0.000000000000000000e+00,0.000000000000000000e+00,0.000000000000000000e+00,0.000000000000000000e+00,0.000000000000000000e+00,0.000000000000000000e+00,0.000000000000000000e+00,0.000000000000000000e+00,0.000000000000000000e+00,0.000000000000000000e+00,0.000000000000000000e+00
1.531613139616036534e+01,1.529224099299524653e+01,1.526835077308997057e+01,1.524452415514453563e+01,1.522076003247379106e+01,1.519705949853145022e+01,1.517341880178053160e+01,1.514983492725045977e+01,1.512631253036357037e+01,1.510284957437541564e+01,1.507944705574569610e+01,1.505610301492035852e+01,1.503281461323421908e+01,1.500966791049020799e+01,1.498923824690806939e+01,1.496884725755703016e+01,1.551653611773678776e+01,1.532697381961121508e+01,1.530280198757950316e+01,1.527860088839757324e+01,0.000000000000000000e+00,0.000000000000000000e+00,0.000000000000000000e+00,0.000000000000000000e+00,0.000000000000000000e+00,0.000000000000000000e+00,0.000000000000000000e+00,0.000000000000000000e+00,0.000000000000000000e+00,0.000000000000000000e+00,0.000000000000000000e+00,0.000000000000000000e+00,0.000000000000000000e+00,0.000000000000000000e+00,0.000000000000000000e+00,0.000000000000000000e+00,0.000000000000000000e+00,0.000000000000000000e+00,0.000000000000000000e+00,0.000000000000000000e+00
1.530287694587912739e+01,1.527899319210000328e+01,1.525510743432118232e+01,1.523128450187940608e+01,1.520752544325672062e+01,1.518382715630293944e+01,1.516018567534108286e+01,1.513660638070878406e+01,1.511308683985798673e+01,1.508962826692806303e+01,1.506622883955918368e+01,1.504288533563940788e+01,1.501959458851004747e+01,1.499921240513481990e+01,1.497877814635162608e+01,1.552863812117876208e+01,1.534018732855704847e+01,1.531585209198775033e+01,1.529169409610709529e+01,1.526731231282590429e+01,0.000000000000000000e+00,0.000000000000000000e+00,0.000000000000000000e+00,0.000000000000000000e+00,0.000000000000000000e+00,0.000000000000000000e+00,0.000000000000000000e+00,0.000000000000000000e+00,0.000000000000000000e+00,0.000000000000000000e+00,0.000000000000000000e+00,0.000000000000000000e+00,0.000000000000000000e+00,0.000000000000000000e+00,0.000000000000000000e+00,0.000000000000000000e+00,0.000000000000000000e+00,0.000000000000000000e+00,0.000000000000000000e+00,0.000000000000000000e+00
1.528956977241390192e+01,1.526569038027560765e+01,1.524180862433404471e+01,1.521799086928661104e+01,1.519423482369923484e+01,1.517053550404492412e+01,1.514689902700450475e+01,1.512332289996269452e+01,1.509980811818363833e+01,1.507635316019827876e+01,1.505295436931523057e+01,1.502960884091228166e+01,1.500909460139153850e+01,1.498870698921371236e+01,1.554074604794531567e+01,1.535339816892610898e+01,1.532900074261361745e+01,1.530468091177284862e+01,1.528034106342591691e+01,1.525597835655488943e+01,0.000000000000000000e+00,0.000000000000000000e+00,0.000000000000000000e+00,0.000000000000000000e+00,0.000000000000000000e+00,0.000000000000000000e+00,0.000000000000000000e+00,0.000000000000000000e+00,0.000000000000000000e+00,0.000000000000000000e+00,0.000000000000000000e+00,0.000000000000000000e+00,0.000000000000000000e+00,0.000000000000000000e+00,0.000000000000000000e+00,0.000000000000000000e+00,0.000000000000000000e+00,0.000000000000000000e+00,0.000000000000000000e+00,0.000000000000000000e+00
1.527620781688980856e+01,1.525233218577292504e+01,1.522845570629408840e+01,1.520464176043968152e+01,1.518088439411424773e+01,1.515719057397731362e+01,1.513355771517681703e+01,1.510998654734374824e+01,1.508647579674264350e+01,1.506302167163190830e+01,1.503962121367316129e+01,1.501906321729121707e+01,1.499854473345610018e+01,1.555285938894097164e+01,1.536660623236724632e+01,1.534214644492865531e+01,1.531776478577858747e+01,1.529336615027234103e+01,1.526894274695806786e+01,1.524459880435234105e+01,0.000000000000000000e+00,0.000000000000000000e+00,0.000000000000000000e+00,0.000000000000000000e+00,0.000000000000000000e+00,0.000000000000000000e+00,0.000000000000000000e+00,0.000000000000000000e+00,0.000000000000000000e+00,0.000000000000000000e+00,0.000000000000000000e+00,0.000000000000000000e+00,0.000000000000000000e+00,0.000000000000000000e+00,0.000000000000000000e+00,0.000000000000000000e+00,0.000000000000000000e+00,0.000000000000000000e+00,0.000000000000000000e+00,0.000000000000000000e+00
1.526279041514426638e+01,1.523891989788226553e+01,1.521504789095815369e+01,1.519123229351099624e+01,1.516748098327952121e+01,1.514379117408698328e+01,1.512016349820661176e+01,1.509659678769657276e+01,1.507308719387017248e+01,1.504963165206149434e+01,1.502902978655829713e+01,1.500846773238971466e+01,1.556497838791461419e+01,1.537981138883841581e+01,1.535528909886646787e+01,1.533084544030510799e+01,1.530628335013406449e+01,1.528190320921193290e+01,1.525749886556569912e+01,1.523317318020266065e+01,0.000000000000000000e+00,0.000000000000000000e+00,0.000000000000000000e+00,0.000000000000000000e+00,0.000000000000000000e+00,0.000000000000000000e+00,0.000000000000000000e+00,0.000000000000000000e+00,0.000000000000000000e+00,0.000000000000000000e+00,0.000000000000000000e+00,0.000000000000000000e+00,0.000000000000000000e+00,0.000000000000000000e+00,0.000000000000000000e+00,0.000000000000000000e+00,0.000000000000000000e+00,0.000000000000000000e+00,0.000000000000000000e+00,0.000000000000000000e+00
1.524931918968164624e+01,1.522545305402501903e+01,1.520157916095499928e+01,1.517777020434720114e+01,1.515402320442746387e+01,1.513033892707388617e+01,1.510671610088193972e+01,1.508315088366304835e+01,1.505964010472754211e+01,1.503899425483884045e+01,1.501838851929987406e+01,1.557710304815481450e+01,1.539301332345742956e+01,1.536842859464476163e+01,1.534392277649663683e+01,1.531929873063530678e+01,1.529475687677646434e+01,1.527039490292614587e+01,1.524600909371255852e+01,1.522170141522899200e+01,0.000000000000000000e+00,0.000000000000000000e+00,0.000000000000000000e+00,0.000000000000000000e+00,0.000000000000000000e+00,0.000000000000000000e+00,0.000000000000000000e+00,0.000000000000000000e+00,0.000000000000000000e+00,0.000000000000000000e+00,0.000000000000000000e+00,0.000000000000000000e+00,0.000000000000000000e+00,0.000000000000000000e+00,0.000000000000000000e+00,0.000000000000000000e+00,0.000000000000000000e+00,0.000000000000000000e+00,0.000000000000000000e+00,0.000000000000000000e+00
1.523579355547731851e+01,1.521192493857495620e+01,1.518805818276774033e+01,1.516425382756516349e+01,1.514051281205320620e+01,1.511683368745442024e+01,1.509321269114775887e+01,1.506964652097243373e+01,1.504895657212234816e+01,1.502830704084637681e+01,1.558923336241168656e+01,1.540621217854822333e+01,1.538156458016765527e+01,1.535699670239885961e+01,1.533231053045703263e+01,1.530770711180267440e+01,1.528318513746783935e+01,1.525884086668872186e+01,1.523447320584089582e+01,1.521018342945331270e+01,0.000000000000000000e+00,0.000000000000000000e+00,0.000000000000000000e+00,0.000000000000000000e+00,0.000000000000000000e+00,0.000000000000000000e+00,0.000000000000000000e+00,0.000000000000000000e+00,0.000000000000000000e+00,0.000000000000000000e+00,0.000000000000000000e+00,0.000000000000000000e+00,0.000000000000000000e+00,0.000000000000000000e+00,0.000000000000000000e+00,0.000000000000000000e+00,0.000000000000000000e+00,0.000000000000000000e+00,0.000000000000000000e+00,0.000000000000000000e+00
1.522220660515940516e+01,1.519834486915936544e+01,1.517448298511530425e+01,1.515068508053476926e+01,1.512694949858969906e+01,1.510327256717488886e+01,1.507965085080349965e+01,1.505891668833749186e+01,1.503822324810199795e+01,1.560136923365374173e+01,1.541940788494156145e+01,1.539469721437557936e+01,1.537006684116797928e+01,1.534531865196891331e+01,1.532065350656468894e+01,1.529607035767265977e+01,1.527166795363515206e+01,1.524724069227949030e+01,1.522289122754402158e+01,1.519861900694613865e+01,0.000000000000000000e+00,0.000000000000000000e+00,0.000000000000000000e+00,0.000000000000000000e+00,0.000000000000000000e+00,0.000000000000000000e+00,0.000000000000000000e+00,0.000000000000000000e+00,0.000000000000000000e+00,0.000000000000000000e+00,0.000000000000000000e+00,0.000000000000000000e+00,0.000000000000000000e+00,0.000000000000000000e+00,0.000000000000000000e+00,0.000000000000000000e+00,0.000000000000000000e+00,0.000000000000000000e+00,0.000000000000000000e+00,0.000000000000000000e+00
1.520856781602552843e+01,1.518471062293847851e+01,1.516085559619320122e+01,1.513706346994499441e+01,1.511333046122477164e+01,1.508965304556927833e+01,1.506887455474848281e+01,1.504813709190252879e+01,1.561351025918132507e+01,1.543260034561533445e+01,1.540782642609771003e+01,1.538313336037211698e+01,1.535832275186646712e+01,1.533359595663366548e+01,1.530895147789136246e+01,1.528438824202845403e+01,1.526000321607413923e+01,1.523559450902250489e+01,1.521126293041619704e+01,1.518700788587510075e+01,0.000000000000000000e+00,0.000000000000000000e+00,0.000000000000000000e+00,0.000000000000000000e+00,0.000000000000000000e+00,0.000000000000000000e+00,0.000000000000000000e+00,0.000000000000000000e+00,0.000000000000000000e+00,0.000000000000000000e+00,0.000000000000000000e+00,0.000000000000000000e+00,0.000000000000000000e+00,0.000000000000000000e+00,0.000000000000000000e+00,0.000000000000000000e+00,0.000000000000000000e+00,0.000000000000000000e+00,0.000000000000000000e+00,0.000000000000000000e+00
1.519487491063407703e+01,1.517102438349968807e+01,1.514717555591730402e+01,1.512338632336776456e+01,1.509965305814658265e+01,1.507883012367651787e+01,1.505804852435492336e+01,1.562565664352051797e+01,1.544578952339798938e+01,1.542095213128248687e+01,1.539619618667781076e+01,1.537132294864209037e+01,1.534653415607705185e+01,1.532182840267394397e+01,1.529720421885894943e+01,1.527266040249529944e+01,1.524829260042297818e+01,1.522390213001584414e+01,1.519958809030236146e+01,1.517534980163879510e+01,0.000000000000000000e+00,0.000000000000000000e+00,0.000000000000000000e+00,0.000000000000000000e+00,0.000000000000000000e+00,0.000000000000000000e+00,0.000000000000000000e+00,0.000000000000000000e+00,0.000000000000000000e+00,0.000000000000000000e+00,0.000000000000000000e+00,0.000000000000000000e+00,0.000000000000000000e+00,0.000000000000000000e+00,0.000000000000000000e+00,0.000000000000000000e+00,0.000000000000000000e+00,0.000000000000000000e+00,0.000000000000000000e+00,0.000000000000000000e+00
1.518113020692984705e+01,1.515728572109943073e+01,1.513344007023488658e+01,1.510965083882600801e+01,1.508878334858943226e+01,1.506795749896834202e+01,1.563780843451325708e+01,1.545897524920841093e+01,1.543407427514984320e+01,1.540925524875238573e+01,1.538431918464790193e+01,1.535946818774402445e+01,1.533470084070147266e+01,1.531001576023681565e+01,1.528541138784342834e+01,1.526098596991881351e+01,1.523653590979757233e+01,1.521216333601305770e+01,1.518786649475810435e+01,1.516364463148557107e+01,0.000000000000000000e+00,0.000000000000000000e+00,0.000000000000000000e+00,0.000000000000000000e+00,0.000000000000000000e+00,0.000000000000000000e+00,0.000000000000000000e+00,0.000000000000000000e+00,0.000000000000000000e+00,0.000000000000000000e+00,0.000000000000000000e+00,0.000000000000000000e+00,0.000000000000000000e+00,0.000000000000000000e+00,0.000000000000000000e+00,0.000000000000000000e+00,0.000000000000000000e+00,0.000000000000000000e+00,0.000000000000000000e+00,0.000000000000000000e+00
1.516733329372249450e+01,1.514349166028721783e+01,1.511964631583891006e+01,1.509873418481871710e+01,1.507786396973634169e+01,1.564996559626470152e+01,1.547215734000640097e+01,1.544719272458089776e+01,1.542231047673571709e+01,1.539731139706742624e+01,1.537239799436425969e+01,1.534756883735743038e+01,1.532282257615266197e+01,1.529815768899698014e+01,1.527357284562579665e+01,1.524916469579530443e+01,1.522473291400004314e+01,1.520037790325459781e+01,1.517609781513783318e+01,1.515189173000438672e+01,0.000000000000000000e+00,0.000000000000000000e+00,0.000000000000000000e+00,0.000000000000000000e+00,0.000000000000000000e+00,0.000000000000000000e+00,0.000000000000000000e+00,0.000000000000000000e+00,0.000000000000000000e+00,0.000000000000000000e+00,0.000000000000000000e+00,0.000000000000000000e+00,0.000000000000000000e+00,0.000000000000000000e+00,0.000000000000000000e+00,0.000000000000000000e+00,0.000000000000000000e+00,0.000000000000000000e+00,0.000000000000000000e+00,0.000000000000000000e+00
1.515348102942030373e+01,1.512963947220938365e+01,1.510868258821475507e+01,1.508776789352587500e+01,1.566212809608092726e+01,1.548533588066799283e+01,1.546030726263233035e+01,1.543536176768542845e+01,1.541029950593700804e+01,1.538532350909616220e+01,1.536043236880568585e+01,1.533562468349492036e+01,1.531089906301570203e+01,1.528625400412196633e+01,1.526168840044496555e+01,1.523729725936193802e+01,1.521288339339158746e+01,1.518854560183624614e+01,1.516428161209263337e+01,1.514009123844983762e+01,0.000000000000000000e+00,0.000000000000000000e+00,0.000000000000000000e+00,0.000000000000000000e+00,0.000000000000000000e+00,0.000000000000000000e+00,0.000000000000000000e+00,0.000000000000000000e+00,0.000000000000000000e+00,0.000000000000000000e+00,0.000000000000000000e+00,0.000000000000000000e+00,0.000000000000000000e+00,0.000000000000000000e+00,0.000000000000000000e+00,0.000000000000000000e+00,0.000000000000000000e+00,0.000000000000000000e+00,0.000000000000000000e+00,0.000000000000000000e+00
1.513957077229462200e+01,1.511862849092099381e+01,1.509766922670877776e+01,1.567429582334615823e+01,1.549851083621160264e+01,1.547341801006640338e+01,1.544840888062909912e+01,1.542328344901895321e+01,1.539824467026457100e+01,1.537329135618125520e+01,1.534842207524353164e+01,1.532363545268133720e+01,1.529893003375133986e+01,1.527430458391935808e+01,1.524985633174684629e+01,1.522538343845535636e+01,1.520098714242141469e+01,1.517666586163961995e+01,1.515241785541767072e+01,1.512824312057865583e+01,0.000000000000000000e+00,0.000000000000000000e+00,0.000000000000000000e+00,0.000000000000000000e+00,0.000000000000000000e+00,0.000000000000000000e+00,0.000000000000000000e+00,0.000000000000000000e+00,0.000000000000000000e+00,0.000000000000000000e+00,0.000000000000000000e+00,0.000000000000000000e+00,0.000000000000000000e+00,0.000000000000000000e+00,0.000000000000000000e+00,0.000000000000000000e+00,0.000000000000000000e+00,0.000000000000000000e+00,0.000000000000000000e+00,0.000000000000000000e+00
1.512851279347367495e+01,1.510756792643220869e+01,1.568646854759966303e+01,1.551168213783644845e+01,1.548652488826398610e+01,1.546145194132297185e+01,1.543626294014662292e+01,1.541116142049171245e+01,1.538614573108419847e+01,1.536121468533092127e+01,1.533636688705916384e+01,1.531160080933460144e+01,1.528691539373845565e+01,1.526230917100337514e+01,1.523787794875095969e+01,1.521342301487895732e+01,1.518904374807493340e+01,1.516473854738721982e+01,1.514050656769504144e+01,1.511634712838675476e+01,0.000000000000000000e+00,0.000000000000000000e+00,0.000000000000000000e+00,0.000000000000000000e+00,0.000000000000000000e+00,0.000000000000000000e+00,0.000000000000000000e+00,0.000000000000000000e+00,0.000000000000000000e+00,0.000000000000000000e+00,0.000000000000000000e+00,0.000000000000000000e+00,0.000000000000000000e+00,0.000000000000000000e+00,0.000000000000000000e+00,0.000000000000000000e+00,0.000000000000000000e+00,0.000000000000000000e+00,0.000000000000000000e+00,0.000000000000000000e+00
1.511740528929114191e+01,1.569864630629892055e+01,1.552484975347992879e+01,1.549962785492142636e+01,1.547449089768362107e+01,1.544923812067015589e+01,1.542407346870680307e+01,1.539899543108891855e+01,1.537400244292546247e+01,1.534909327217649277e+01,1.532426637944165115e+01,1.529952071373118017e+01,1.527485492832796510e+01,1.525026757787238196e+01,1.522585308958939265e+01,1.520141560458471730e+01,1.517705273520368969e+01,1.515276384570869439e+01,1.512854751711450518e+01,1.510440291802561141e+01,0.000000000000000000e+00,0.000000000000000000e+00,0.000000000000000000e+00,0.000000000000000000e+00,0.000000000000000000e+00,0.000000000000000000e+00,0.000000000000000000e+00,0.000000000000000000e+00,0.000000000000000000e+00,0.000000000000000000e+00,0.000000000000000000e+00,0.000000000000000000e+00,0.000000000000000000e+00,0.000000000000000000e+00,0.000000000000000000e+00,0.000000000000000000e+00,0.000000000000000000e+00,0.000000000000000000e+00,0.000000000000000000e+00,0.000000000000000000e+00
1.571074291187145455e+01,1.553801364142312558e+01,1.551272686797413591e+01,1.548752567150300052e+01,1.546220893634272642e+01,1.543698094560213008e+01,1.541184022654913832e+01,1.538678526945148661e+01,1.536181455893891190e+01,1.533692668591150365e+01,1.531212057633568335e+01,1.528739493439466202e+01,1.526274838619990959e+01,1.523827736975933433e+01,1.521378147128542579e+01,1.518936071084046091e+01,1.516501444984663038e+01,1.514074153774696541e+01,1.511654048588328614e+01,1.509240995454151602e+01,0.000000000000000000e+00,0.000000000000000000e+00,0.000000000000000000e+00,0.000000000000000000e+00,0.000000000000000000e+00,0.000000000000000000e+00,0.000000000000000000e+00,0.000000000000000000e+00,0.000000000000000000e+00,0.000000000000000000e+00,0.000000000000000000e+00,0.000000000000000000e+00,0.000000000000000000e+00,0.000000000000000000e+00,0.000000000000000000e+00,0.000000000000000000e+00,0.000000000000000000e+00,0.000000000000000000e+00,0.000000000000000000e+00,0.000000000000000000e+00
1.555109416119329069e+01,1.552582188647482120e+01,1.550055622399036537e+01,1.547517534172230924e+01,1.544988380490115532e+01,1.542468017220674170e+01,1.539956297454546075e+01,1.537453069552861429e+01,1.534958166759904330e+01,1.532471493070062962e+01,1.529992924334553450e+01,1.527522322798581200e+01,1.525059558522059078e+01,1.522614127379783433e+01,1.520166246418942535e+01,1.517725858180617138e+01,1.515292867774649110e+01,1.512867140605904126e+01,1.510448472079291093e+01,1.508036834332470022e+01,0.000000000000000000e+00,0.000000000000000000e+00,0.000000000000000000e+00,0.000000000000000000e+00,0.000000000000000000e+00,0.000000000000000000e+00,0.000000000000000000e+00,0.000000000000000000e+00,0.000000000000000000e+00,0.000000000000000000e+00,0.000000000000000000e+00,0.000000000000000000e+00,0.000000000000000000e+00,0.000000000000000000e+00,0.000000000000000000e+00,0.000000000000000000e+00,0.000000000000000000e+00,0.000000000000000000e+00,0.000000000000000000e+00,0.000000000000000000e+00
1.553883401359673577e+01,1.551358252535553461e+01,1.548813726191172790e+01,1.546278199753186655e+01,1.543751525556383086e+01,1.541233556166621455e+01,1.538724147768591877e+01,1.536223127112137199e+01,1.533730372435329414e+01,1.531245780539922663e+01,1.528769215410859061e+01,1.526300538141967778e+01,1.523839631197452960e+01,1.521395784256051087e+01,1.518949629660485634e+01,1.516510909461029044e+01,1.514079520550608216e+01,1.511655275517959041e+01,1.509238032695173182e+01,1.506827823275246558e+01,0.000000000000000000e+00,0.000000000000000000e+00,0.000000000000000000e+00,0.000000000000000000e+00,0.000000000000000000e+00,0.000000000000000000e+00,0.000000000000000000e+00,0.000000000000000000e+00,0.000000000000000000e+00,0.000000000000000000e+00,0.000000000000000000e+00,0.000000000000000000e+00,0.000000000000000000e+00,0.000000000000000000e+00,0.000000000000000000e+00,0.000000000000000000e+00,0.000000000000000000e+00,0.000000000000000000e+00,0.000000000000000000e+00,0.000000000000000000e+00
1.552652634195230874e+01,1.550109465702203693e+01,1.547567548105185509e+01,1.545034542314985870e+01,1.542510304264374454e+01,1.539994687610507818e+01,1.537487536076505990e+01,1.534988690118134258e+01,1.532498056707367518e+01,1.530015507636008110e+01,1.527540904750185824e+01,1.525074120069421113e+01,1.522624690087262067e+01,1.520172752863699550e+01,1.517728287642374774e+01,1.515291203194704295e+01,1.512861353044108625e+01,1.510438535970039986e+01,1.508022755091439038e+01,1.505613917966778814e+01,0.000000000000000000e+00,0.000000000000000000e+00,0.000000000000000000e+00,0.000000000000000000e+00,0.000000000000000000e+00,0.000000000000000000e+00,0.000000000000000000e+00,0.000000000000000000e+00,0.000000000000000000e+00,0.000000000000000000e+00,0.000000000000000000e+00,0.000000000000000000e+00,0.000000000000000000e+00,0.000000000000000000e+00,0.000000000000000000e+00,0.000000000000000000e+00,0.000000000000000000e+00,0.000000000000000000e+00,0.000000000000000000e+00,0.000000000000000000e+00
1.551396998830385776e+01,1.548856418972288473e+01,1.546317063148509874e+01,1.543786536946020505e+01,1.541264693095727090e+01,1.538751378119752644e+01,1.536246436510969815e+01,1.533749748095428345e+01,1.531261196863771090e+01,1.528780651151488534e+01,1.526307973907005966e+01,1.523843025483825286e+01,1.521395209603099019e+01,1.518944995855169111e+01,1.516502200938264266e+01,1.514066694281427061e+01,1.511638307158877126e+01,1.509216970798436108e+01,1.506802615928421574e+01,1.504395035634475519e+01,0.000000000000000000e+00,0.000000000000000000e+00,0.000000000000000000e+00,0.000000000000000000e+00,0.000000000000000000e+00,0.000000000000000000e+00,0.000000000000000000e+00,0.000000000000000000e+00,0.000000000000000000e+00,0.000000000000000000e+00,0.000000000000000000e+00,0.000000000000000000e+00,0.000000000000000000e+00,0.000000000000000000e+00,0.000000000000000000e+00,0.000000000000000000e+00,0.000000000000000000e+00,0.000000000000000000e+00,0.000000000000000000e+00,0.000000000000000000e+00
1.550137123057916178e+01,1.547599084028372474e+01,1.545062249358355899e+01,1.542534159347425771e+01,1.540014662121796540e+01,1.537503594203073121e+01,1.535000847859727813e+01,1.532506277879167200e+01,1.530019769740548696e+01,1.527541186563381004e+01,1.525070381737037906e+01,1.522616966631815671e+01,1.520161024784983539e+01,1.517712507030413782e+01,1.515271329297144298e+01,1.512837322439526488e+01,1.510410440117128239e+01,1.507990556374516800e+01,1.505577508809061804e+01,1.503171190834905602e+01,0.000000000000000000e+00,0.000000000000000000e+00,0.000000000000000000e+00,0.000000000000000000e+00,0.000000000000000000e+00,0.000000000000000000e+00,0.000000000000000000e+00,0.000000000000000000e+00,0.000000000000000000e+00,0.000000000000000000e+00,0.000000000000000000e+00,0.000000000000000000e+00,0.000000000000000000e+00,0.000000000000000000e+00,0.000000000000000000e+00,0.000000000000000000e+00,0.000000000000000000e+00,0.000000000000000000e+00,0.000000000000000000e+00,0.000000000000000000e+00
1.548872980198964555e+01,1.546337437395094305e+01,1.543803081871873317e+01,1.541277384419492691e+01,1.538760170183351761e+01,1.536251335375375682e+01,1.533750746470194493e+01,1.531258256901335812e+01,1.528773750619611071e+01,1.526297075299985551e+01,1.523828126521815918e+01,1.521376337226012154e+01,1.518922116149435908e+01,1.516475252295851917e+01,1.514035609646679781e+01,1.511603136723422125e+01,1.509177736452756591e+01,1.506759211249110919e+01,1.504347425998847854e+01,1.501942434506895196e+01,0.000000000000000000e+00,0.000000000000000000e+00,0.000000000000000000e+00,0.000000000000000000e+00,0.000000000000000000e+00,0.000000000000000000e+00,0.000000000000000000e+00,0.000000000000000000e+00,0.000000000000000000e+00,0.000000000000000000e+00,0.000000000000000000e+00,0.000000000000000000e+00,0.000000000000000000e+00,0.000000000000000000e+00,0.000000000000000000e+00,0.000000000000000000e+00,0.000000000000000000e+00,0.000000000000000000e+00,0.000000000000000000e+00,0.000000000000000000e+00
1.547604543959338841e+01,1.545071456344134653e+01,1.542539536573824321e+01,1.540016159044075295e+01,1.537501219295290511e+01,1.534994580906302630e+01,1.532496108720527594e+01,1.530005662164401770e+01,1.527523100727117544e+01,1.525048312732227274e+01,1.522590940189080655e+01,1.520130988987866871e+01,1.517678457077136756e+01,1.515233156315725616e+01,1.512795077985141567e+01,1.510364120629259688e+01,1.507940137042931639e+01,1.505522880178361333e+01,1.503112453365096002e+01,1.500708701458497174e+01,0.000000000000000000e+00,0.000000000000000000e+00,0.000000000000000000e+00,0.000000000000000000e+00,0.000000000000000000e+00,0.000000000000000000e+00,0.000000000000000000e+00,0.000000000000000000e+00,0.000000000000000000e+00,0.000000000000000000e+00,0.000000000000000000e+00,0.000000000000000000e+00,0.000000000000000000e+00,0.000000000000000000e+00,0.000000000000000000e+00,0.000000000000000000e+00,0.000000000000000000e+00,0.000000000000000000e+00,0.000000000000000000e+00,0.000000000000000000e+00
1.546331790933535721e+01,1.543801116249474603e+01,1.541271558295235167e+01,1.538750494570354377e+01,1.536237789358235162e+01,1.533733308134481987e+01,1.531236913982416148e+01,1.528748451166905298e+01,1.526267809193242186e+01,1.523794887690086597e+01,1.521339134402147764e+01,1.518880914918896963e+01,1.516429960391730880e+01,1.513986264819396332e+01,1.511549736755526752e+01,1.509120227197764663e+01,1.506697533770921460e+01,1.504281662961356147e+01,1.501872519854895138e+01,1.499469816358195118e+01,0.000000000000000000e+00,0.000000000000000000e+00,0.000000000000000000e+00,0.000000000000000000e+00,0.000000000000000000e+00,0.000000000000000000e+00,0.000000000000000000e+00,0.000000000000000000e+00,0.000000000000000000e+00,0.000000000000000000e+00,0.000000000000000000e+00,0.000000000000000000e+00,0.000000000000000000e+00,0.000000000000000000e+00,0.000000000000000000e+00,0.000000000000000000e+00,0.000000000000000000e+00,0.000000000000000000e+00,0.000000000000000000e+00,0.000000000000000000e+00
1.545054697721539050e+01,1.542526364166364772e+01,1.539999158102807542e+01,1.537480367478455356e+01,1.534969857595692666e+01,1.532467494420849263e+01,1.529973123755319442e+01,1.527486611130421323e+01,1.525007871117342617e+01,1.522546559960300883e+01,1.520082612691135182e+01,1.517626004424590569e+01,1.515176693685996057e+01,1.512734571169462328e+01,1.510299529427152976e+01,1.507871342964245898e+01,1.505450065499477752e+01,1.503035519101283768e+01,1.500627439664165763e+01,1.498225922256851206e+01,0.000000000000000000e+00,0.000000000000000000e+00,0.000000000000000000e+00,0.000000000000000000e+00,0.000000000000000000e+00,0.000000000000000000e+00,0.000000000000000000e+00,0.000000000000000000e+00,0.000000000000000000e+00,0.000000000000000000e+00,0.000000000000000000e+00,0.000000000000000000e+00,0.000000000000000000e+00,0.000000000000000000e+00,0.000000000000000000e+00,0.000000000000000000e+00,0.000000000000000000e+00,0.000000000000000000e+00,0.000000000000000000e+00,0.000000000000000000e+00
1.543773211848995608e+01,1.541247203747803951e+01,1.538722311012104882e+01,1.536205755781666227e+01,1.533697401689776640e+01,1.531197106753693760e+01,1.528704712465599869e+01,1.526220138898722922e+01,1.523743263585314267e+01,1.521283568150311716e+01,1.518821271941121154e+01,1.516366347313326912e+01,1.513918625429271714e+01,1.511478037946653785e+01,1.509044344376759739e+01,1.506617597205743486e+01,1.504197692139363696e+01,1.501784217513102604e+01,1.499377378252147963e+01,1.496977039899604378e+01,0.000000000000000000e+00,0.000000000000000000e+00,0.000000000000000000e+00,0.000000000000000000e+00,0.000000000000000000e+00,0.000000000000000000e+00,0.000000000000000000e+00,0.000000000000000000e+00,0.000000000000000000e+00,0.000000000000000000e+00,0.000000000000000000e+00,0.000000000000000000e+00,0.000000000000000000e+00,0.000000000000000000e+00,0.000000000000000000e+00,0.000000000000000000e+00,0.000000000000000000e+00,0.000000000000000000e+00,0.000000000000000000e+00,0.000000000000000000e+00
1.542487332963649216e+01,1.539963616732686091e+01,1.537440997788170094e+01,1.534926636470826544e+01,1.532420391263734416e+01,1.529922106235230927e+01,1.527431686443085823e+01,1.524949013152024690e+01,1.522473960181805097e+01,1.520015774425305111e+01,1.517555191350410482e+01,1.515101891186407634e+01,1.512655740645803704e+01,1.510216533072738088e+01,1.507784299686252005e+01,1.505358972342337154e+01,1.502940150944495734e+01,1.500527977747599806e+01,1.498122307221730054e+01,1.495722848425586982e+01,0.000000000000000000e+00,0.000000000000000000e+00,0.000000000000000000e+00,0.000000000000000000e+00,0.000000000000000000e+00,0.000000000000000000e+00,0.000000000000000000e+00,0.000000000000000000e+00,0.000000000000000000e+00,0.000000000000000000e+00,0.000000000000000000e+00,0.000000000000000000e+00,0.000000000000000000e+00,0.000000000000000000e+00,0.000000000000000000e+00,0.000000000000000000e+00,0.000000000000000000e+00,0.000000000000000000e+00,0.000000000000000000e+00,0.000000000000000000e+00
1.541197047588994451e+01,1.538675580179996771e+01,1.536155194838477023e+01,1.533642982629152129e+01,1.531138782237390927e+01,1.528642507094627057e+01,1.526154022195239790e+01,1.523673209436261011e+01,1.521209512117574647e+01,1.518743255378135260e+01,1.516284334501704478e+01,1.513832638626081462e+01,1.511387905166890455e+01,1.508950169862265511e+01,1.506519389624065042e+01,1.504095203070659892e+01,1.501677680870434628e+01,1.499266696094529294e+01,1.496861972142222008e+01,1.494463540855855399e+01,0.000000000000000000e+00,0.000000000000000000e+00,0.000000000000000000e+00,0.000000000000000000e+00,0.000000000000000000e+00,0.000000000000000000e+00,0.000000000000000000e+00,0.000000000000000000e+00,0.000000000000000000e+00,0.000000000000000000e+00,0.000000000000000000e+00,0.000000000000000000e+00,0.000000000000000000e+00,0.000000000000000000e+00,0.000000000000000000e+00,0.000000000000000000e+00,0.000000000000000000e+00,0.000000000000000000e+00,0.000000000000000000e+00,0.000000000000000000e+00
1.539902329149682636e+01,1.537383072085960478e+01,1.534864877510891468e+01,1.532354744511580336e+01,1.529852588334606622e+01,1.527358286356323624e+01,1.524871698128427511e+01,1.522392672355437604e+01,1.519930530444899119e+01,1.517465978260995740e+01,1.515008691233483873e+01,1.512558437671312461e+01,1.510115201349683645e+01,1.507678954832324969e+01,1.505249371274733150e+01,1.502826486818578111e+01,1.500410202928718384e+01,1.498000179355890360e+01,1.495596475824353888e+01,1.493199332220708797e+01,0.000000000000000000e+00,0.000000000000000000e+00,0.000000000000000000e+00,0.000000000000000000e+00,0.000000000000000000e+00,0.000000000000000000e+00,0.000000000000000000e+00,0.000000000000000000e+00,0.000000000000000000e+00,0.000000000000000000e+00,0.000000000000000000e+00,0.000000000000000000e+00,0.000000000000000000e+00,0.000000000000000000e+00,0.000000000000000000e+00,0.000000000000000000e+00,0.000000000000000000e+00,0.000000000000000000e+00,0.000000000000000000e+00,0.000000000000000000e+00
1.538603157544662103e+01,1.536086069471118698e+01,1.533569988662101480e+01,1.531061935838023302e+01,1.528561790067535142e+01,1.526069419981336495e+01,1.523584654218118573e+01,1.521117014690040392e+01,1.518646818252150155e+01,1.516183919837594729e+01,1.513728110618258427e+01,1.511279391462253230e+01,1.508837663419754449e+01,1.506402668959426094e+01,1.503974385764226440e+01,1.501552815703513843e+01,1.499137475105657380e+01,1.496728494504664653e+01,1.494326123101288673e+01,1.491930002136164291e+01,0.000000000000000000e+00,0.000000000000000000e+00,0.000000000000000000e+00,0.000000000000000000e+00,0.000000000000000000e+00,0.000000000000000000e+00,0.000000000000000000e+00,0.000000000000000000e+00,0.000000000000000000e+00,0.000000000000000000e+00,0.000000000000000000e+00,0.000000000000000000e+00,0.000000000000000000e+00,0.000000000000000000e+00,0.000000000000000000e+00,0.000000000000000000e+00,0.000000000000000000e+00,0.000000000000000000e+00,0.000000000000000000e+00,0.000000000000000000e+00
1.537299509154591348e+01,1.534784509897131066e+01,1.532270545989504562e+01,1.529764539750926033e+01,1.527266364841809754e+01,1.524775853016125637e+01,1.522302706699736419e+01,1.519826841856215793e+01,1.517358325632673655e+01,1.514896940587133578e+01,1.512442715386194081e+01,1.509995511115112521e+01,1.507555088673827370e+01,1.505121396516951293e+01,1.502694480705644153e+01,1.500273862572421102e+01,1.497859590414758557e+01,1.495451963241952953e+01,1.493050666048464947e+01,1.490655758723403679e+01,0.000000000000000000e+00,0.000000000000000000e+00,0.000000000000000000e+00,0.000000000000000000e+00,0.000000000000000000e+00,0.000000000000000000e+00,0.000000000000000000e+00,0.000000000000000000e+00,0.000000000000000000e+00,0.000000000000000000e+00,0.000000000000000000e+00,0.000000000000000000e+00,0.000000000000000000e+00,0.000000000000000000e+00,0.000000000000000000e+00,0.000000000000000000e+00,0.000000000000000000e+00,0.000000000000000000e+00,0.000000000000000000e+00,0.000000000000000000e+00
1.535991321782187669e+01,1.533478415308196574e+01,1.530966532412264236e+01,1.528462533579835281e+01,1.525966259165906536e+01,1.523477592346489828e+01,1.521006047138625661e+01,1.518531904540729371e+01,1.516064928129614664e+01,1.513605166935603386e+01,1.511152481748178644e+01,1.508706627686380841e+01,1.506267514406753349e+01,1.503835238942884978e+01,1.501409305690568807e+01,1.498989761799855636e+01,1.496576861817153414e+01,1.494170344342032664e+01,1.491770287185958566e+01,1.489376510643299056e+01,0.000000000000000000e+00,0.000000000000000000e+00,0.000000000000000000e+00,0.000000000000000000e+00,0.000000000000000000e+00,0.000000000000000000e+00,0.000000000000000000e+00,0.000000000000000000e+00,0.000000000000000000e+00,0.000000000000000000e+00,0.000000000000000000e+00,0.000000000000000000e+00,0.000000000000000000e+00,0.000000000000000000e+00,0.000000000000000000e+00,0.000000000000000000e+00,0.000000000000000000e+00,0.000000000000000000e+00,0.000000000000000000e+00,0.000000000000000000e+00
1.534678616022648256e+01,1.532167764899396900e+01,1.529657926146394864e+01,1.527155869129719079e+01,1.524661467761905698e+01,1.522184436407545327e+01,1.519704652655469346e+01,1.517232070190378934e+01,1.514766758161758453e+01,1.512308560492189180e+01,1.509857279583351186e+01,1.507412734921438613e+01,1.504975088327281263e+01,1.502543815654247794e+01,1.500118986086038220e+01,1.497700813461353064e+01,1.495289063458082524e+01,1.492883838463875534e+01,1.490484915778369235e+01,1.488092111143359908e+01,0.000000000000000000e+00,0.000000000000000000e+00,0.000000000000000000e+00,0.000000000000000000e+00,0.000000000000000000e+00,0.000000000000000000e+00,0.000000000000000000e+00,0.000000000000000000e+00,0.000000000000000000e+00,0.000000000000000000e+00,0.000000000000000000e+00,0.000000000000000000e+00,0.000000000000000000e+00,0.000000000000000000e+00,0.000000000000000000e+00,0.000000000000000000e+00,0.000000000000000000e+00,0.000000000000000000e+00,0.000000000000000000e+00,0.000000000000000000e+00
1.533361370649073052e+01,1.530852539287593217e+01,1.528344681150005613e+01,1.525844526990263361e+01,1.523351998810840513e+01,1.520876563265838044e+01,1.518398363572456766e+01,1.515927486415008296e+01,1.513463761767401117e+01,1.511007000882931450e+01,1.508557054161006938e+01,1.506114015985519394e+01,1.503677397108151226e+01,1.501247239858119187e+01,1.498823814481023398e+01,1.496406818029729635e+01,1.493996392478230462e+01,1.491592335125466917e+01,1.489194407325639702e+01,1.486809234314480932e+01,0.000000000000000000e+00,0.000000000000000000e+00,0.000000000000000000e+00,0.000000000000000000e+00,0.000000000000000000e+00,0.000000000000000000e+00,0.000000000000000000e+00,0.000000000000000000e+00,0.000000000000000000e+00,0.000000000000000000e+00,0.000000000000000000e+00,0.000000000000000000e+00,0.000000000000000000e+00,0.000000000000000000e+00,0.000000000000000000e+00,0.000000000000000000e+00,0.000000000000000000e+00,0.000000000000000000e+00,0.000000000000000000e+00,0.000000000000000000e+00
1.532039567279954539e+01,1.529532693895384554e+01,1.527026772819642275e+01,1.524528524408512098e+01,1.522047633186315707e+01,1.519563805147772584e+01,1.517087335211027899e+01,1.514618078132791013e+01,1.512155827016772847e+01,1.509700440105195973e+01,1.507252008419964184e+01,1.504810045270640373e+01,1.502374548056042514e+01,1.499945837803277371e+01,1.497523603525539393e+01,1.495107957747722338e+01,1.492698763325707390e+01,1.490295698334731256e+01,1.487905574350862459e+01,1.485779981345973866e+01,0.000000000000000000e+00,0.000000000000000000e+00,0.000000000000000000e+00,0.000000000000000000e+00,0.000000000000000000e+00,0.000000000000000000e+00,0.000000000000000000e+00,0.000000000000000000e+00,0.000000000000000000e+00,0.000000000000000000e+00,0.000000000000000000e+00,0.000000000000000000e+00,0.000000000000000000e+00,0.000000000000000000e+00,0.000000000000000000e+00,0.000000000000000000e+00,0.000000000000000000e+00,0.000000000000000000e+00,0.000000000000000000e+00,0.000000000000000000e+00
1.530713161994595062e+01,1.528208202340385924e+01,1.525704218332261597e+01,1.523207837763359507e+01,1.520728392320296685e+01,1.518246313108084422e+01,1.515771508988071048e+01,1.513303754665021295e+01,1.510842905440802042e+01,1.508389070348173888e+01,1.505941749071415714e+01,1.503500906722234731e+01,1.501066888445250846e+01,1.498639412234029678e+01,1.496218544489137336e+01,1.493804175047232619e+01,1.491395979953646389e+01,1.489000894420550836e+01,1.486871370220446664e+01,1.484746181278543808e+01,0.000000000000000000e+00,0.000000000000000000e+00,0.000000000000000000e+00,0.000000000000000000e+00,0.000000000000000000e+00,0.000000000000000000e+00,0.000000000000000000e+00,0.000000000000000000e+00,0.000000000000000000e+00,0.000000000000000000e+00,0.000000000000000000e+00,0.000000000000000000e+00,0.000000000000000000e+00,0.000000000000000000e+00,0.000000000000000000e+00,0.000000000000000000e+00,0.000000000000000000e+00,0.000000000000000000e+00,0.000000000000000000e+00,0.000000000000000000e+00
1.529382126938791941e+01,1.526879077681089036e+01,1.524376996501024806e+01,1.521892106508940756e+01,1.519404417647565353e+01,1.516924052307690474e+01,1.514450779958026416e+01,1.511984454860614946e+01,1.509525185206571862e+01,1.507072513562358651e+01,1.504626312152768008e+01,1.502186969784326109e+01,1.499754223925893015e+01,1.497328139795308743e+01,1.494908577747797551e+01,1.492495247195795649e+01,1.490095189435860412e+01,1.487961726108901317e+01,1.485832622274191550e+01,1.539040146078959914e+01,0.000000000000000000e+00,0.000000000000000000e+00,0.000000000000000000e+00,0.000000000000000000e+00,0.000000000000000000e+00,0.000000000000000000e+00,0.000000000000000000e+00,0.000000000000000000e+00,0.000000000000000000e+00,0.000000000000000000e+00,0.000000000000000000e+00,0.000000000000000000e+00,0.000000000000000000e+00,0.000000000000000000e+00,0.000000000000000000e+00,0.000000000000000000e+00,0.000000000000000000e+00,0.000000000000000000e+00,0.000000000000000000e+00,0.000000000000000000e+00
1.528046474869478999e+01,1.525545303083243276e+01,1.523054948218495142e+01,1.520561643502047922e+01,1.518075705600609027e+01,1.515596900848487749e+01,1.513125085639961398e+01,1.510660367200833676e+01,1.508202316451196623e+01,1.505750760665082311e+01,1.503306081627583701e+01,1.500868047184419751e+01,1.498436739081744662e+01,1.496011972285552005e+01,1.493593495515762370e+01,1.491181003039529074e+01,1.489051044365648124e+01,1.486918017503559852e+01,1.540359396890830723e+01,1.526517414157174457e+01,0.000000000000000000e+00,0.000000000000000000e+00,0.000000000000000000e+00,0.000000000000000000e+00,0.000000000000000000e+00,0.000000000000000000e+00,0.000000000000000000e+00,0.000000000000000000e+00,0.000000000000000000e+00,0.000000000000000000e+00,0.000000000000000000e+00,0.000000000000000000e+00,0.000000000000000000e+00,0.000000000000000000e+00,0.000000000000000000e+00,0.000000000000000000e+00,0.000000000000000000e+00,0.000000000000000000e+00,0.000000000000000000e+00,0.000000000000000000e+00
1.526706189282662507e+01,1.524206806761372235e+01,1.521717972753533310e+01,1.519226466503079465e+01,1.516742110308375935e+01,1.514264795166570821e+01,1.511794610332736966e+01,1.509331165039694511e+01,1.506874248705393882e+01,1.504424216496128963e+01,1.501980882457033672e+01,1.499544328941362004e+01,1.497114354742977582e+01,1.494690720668689110e+01,1.492273090296826865e+01,1.490131950146067652e+01,1.488002362679688773e+01,1.541678191380888485e+01,1.527915663237228827e+01,1.525376114485599466e+01,0.000000000000000000e+00,0.000000000000000000e+00,0.000000000000000000e+00,0.000000000000000000e+00,0.000000000000000000e+00,0.000000000000000000e+00,0.000000000000000000e+00,0.000000000000000000e+00,0.000000000000000000e+00,0.000000000000000000e+00,0.000000000000000000e+00,0.000000000000000000e+00,0.000000000000000000e+00,0.000000000000000000e+00,0.000000000000000000e+00,0.000000000000000000e+00,0.000000000000000000e+00,0.000000000000000000e+00,0.000000000000000000e+00,0.000000000000000000e+00
1.525361200591946442e+01,1.522873418747053442e+01,1.520376316757158541e+01,1.517886409702708050e+01,1.515403580860053623e+01,1.512927913114189771e+01,1.510459063689307690e+01,1.507996751522953360e+01,1.505541371342293289e+01,1.503092726653449951e+01,1.500650904069179603e+01,1.498215721195589722e+01,1.495786911448903211e+01,1.493364137974524652e+01,1.491219038573756350e+01,1.489078365677346127e+01,1.542996556481874393e+01,1.529312594279251947e+01,1.526767499287601382e+01,1.524230445495586039e+01,0.000000000000000000e+00,0.000000000000000000e+00,0.000000000000000000e+00,0.000000000000000000e+00,0.000000000000000000e+00,0.000000000000000000e+00,0.000000000000000000e+00,0.000000000000000000e+00,0.000000000000000000e+00,0.000000000000000000e+00,0.000000000000000000e+00,0.000000000000000000e+00,0.000000000000000000e+00,0.000000000000000000e+00,0.000000000000000000e+00,0.000000000000000000e+00,0.000000000000000000e+00,0.000000000000000000e+00,0.000000000000000000e+00,0.000000000000000000e+00
1.524021511120718486e+01,1.521525254416234318e+01,1.519029793509340109e+01,1.516541440504110838e+01,1.514060273887873720e+01,1.511586008705628714e+01,1.509118279539100271e+01,1.506657545992144520e+01,1.504203574560445134e+01,1.501756471643001589e+01,1.499316069230377835e+01,1.496882062116414325e+01,1.494454139726447650e+01,1.492305075237833378e+01,1.490160459347542066e+01,1.544314490723096256e+01,1.530708207787188257e+01,1.528157547817692574e+01,1.525614978084465889e+01,1.523064354730342096e+01,0.000000000000000000e+00,0.000000000000000000e+00,0.000000000000000000e+00,0.000000000000000000e+00,0.000000000000000000e+00,0.000000000000000000e+00,0.000000000000000000e+00,0.000000000000000000e+00,0.000000000000000000e+00,0.000000000000000000e+00,0.000000000000000000e+00,0.000000000000000000e+00,0.000000000000000000e+00,0.000000000000000000e+00,0.000000000000000000e+00,0.000000000000000000e+00,0.000000000000000000e+00,0.000000000000000000e+00,0.000000000000000000e+00,0.000000000000000000e+00
1.522666879189016065e+01,1.520172248651902613e+01,1.517678372251241292e+01,1.515191692580932781e+01,1.512711997837983624e+01,1.510238832368439077e+01,1.507772719724035682e+01,1.505313424301553304e+01,1.502861028784201913e+01,1.500415395701424615e+01,1.497976176014529770e+01,1.495543085995484844e+01,1.493390054369605480e+01,1.491241489273722820e+01,1.545631991105818059e+01,1.532102516245286061e+01,1.529546259052685819e+01,1.526998155901765308e+01,1.524442025963943870e+01,1.521894306698486510e+01,0.000000000000000000e+00,0.000000000000000000e+00,0.000000000000000000e+00,0.000000000000000000e+00,0.000000000000000000e+00,0.000000000000000000e+00,0.000000000000000000e+00,0.000000000000000000e+00,0.000000000000000000e+00,0.000000000000000000e+00,0.000000000000000000e+00,0.000000000000000000e+00,0.000000000000000000e+00,0.000000000000000000e+00,0.000000000000000000e+00,0.000000000000000000e+00,0.000000000000000000e+00,0.000000000000000000e+00,0.000000000000000000e+00,0.000000000000000000e+00
1.521307430261616744e+01,1.518814359437855366e+01,1.516322165791195076e+01,1.513837029605666373e+01,1.511358410133246366e+01,1.508886905605024253e+01,1.506422274853009924e+01,1.503964571856957733e+01,1.501513684802377213e+01,1.499069251340717557e+01,1.496630981908152336e+01,1.494473965852897379e+01,1.492321450182800646e+01,1.546949004086700263e+01,1.533495513598271032e+01,1.530933645816732636e+01,1.528379976865332424e+01,1.525818322696784790e+01,1.523265130942214540e+01,1.520720275994816717e+01,0.000000000000000000e+00,0.000000000000000000e+00,0.000000000000000000e+00,0.000000000000000000e+00,0.000000000000000000e+00,0.000000000000000000e+00,0.000000000000000000e+00,0.000000000000000000e+00,0.000000000000000000e+00,0.000000000000000000e+00,0.000000000000000000e+00,0.000000000000000000e+00,0.000000000000000000e+00,0.000000000000000000e+00,0.000000000000000000e+00,0.000000000000000000e+00,0.000000000000000000e+00,0.000000000000000000e+00,0.000000000000000000e+00,0.000000000000000000e+00
1.519943098246732660e+01,1.517451691344478704e+01,1.514961100443203357e+01,1.512477010862652094e+01,1.510000102970366598e+01,1.507530117988431329e+01,1.505067098161102557e+01,1.502610943498140372e+01,1.500161285988367688e+01,1.497717824623554961e+01,1.495556815252014715e+01,1.493400331520807356e+01,1.548265557258467240e+01,1.534887193202189337e+01,1.532319703312309400e+01,1.529760454741568410e+01,1.527193242112459082e+01,1.524634563030222267e+01,1.522084265243204015e+01,1.519542228200744205e+01,0.000000000000000000e+00,0.000000000000000000e+00,0.000000000000000000e+00,0.000000000000000000e+00,0.000000000000000000e+00,0.000000000000000000e+00,0.000000000000000000e+00,0.000000000000000000e+00,0.000000000000000000e+00,0.000000000000000000e+00,0.000000000000000000e+00,0.000000000000000000e+00,0.000000000000000000e+00,0.000000000000000000e+00,0.000000000000000000e+00,0.000000000000000000e+00,0.000000000000000000e+00,0.000000000000000000e+00,0.000000000000000000e+00,0.000000000000000000e+00
1.518574016258092030e+01,1.516084198241760106e+01,1.513594634104202719e+01,1.511112310038372541e+01,1.508636949574398578e+01,1.506168606834815904e+01,1.503707171704292200e+01,1.501252277572578109e+01,1.498803611859336726e+01,1.496638599833915961e+01,1.494478139226944435e+01,1.549581652093797857e+01,1.536277521095322918e+01,1.533704426697843815e+01,1.531139585194386044e+01,1.528566799778794660e+01,1.526002597121942372e+01,1.523446851112553091e+01,1.520899399593465162e+01,1.518360143639177018e+01,0.000000000000000000e+00,0.000000000000000000e+00,0.000000000000000000e+00,0.000000000000000000e+00,0.000000000000000000e+00,0.000000000000000000e+00,0.000000000000000000e+00,0.000000000000000000e+00,0.000000000000000000e+00,0.000000000000000000e+00,0.000000000000000000e+00,0.000000000000000000e+00,0.000000000000000000e+00,0.000000000000000000e+00,0.000000000000000000e+00,0.000000000000000000e+00,0.000000000000000000e+00,0.000000000000000000e+00,0.000000000000000000e+00,0.000000000000000000e+00
1.517200127670894005e+01,1.514711277886125984e+01,1.512223524905400041e+01,1.509742775274344950e+01,1.507269098778000149e+01,1.504802367693944198e+01,1.502342224232847201e+01,1.499888341475623932e+01,1.497719317505673864e+01,1.495554870710165574e+01,1.550897289104022647e+01,1.537666526181023663e+01,1.535087778147994086e+01,1.532517364978771468e+01,1.529938992579596047e+01,1.527369250670834333e+01,1.524808015769193048e+01,1.522255156245160279e+01,1.519710508421199435e+01,1.517174002493118934e+01,0.000000000000000000e+00,0.000000000000000000e+00,0.000000000000000000e+00,0.000000000000000000e+00,0.000000000000000000e+00,0.000000000000000000e+00,0.000000000000000000e+00,0.000000000000000000e+00,0.000000000000000000e+00,0.000000000000000000e+00,0.000000000000000000e+00,0.000000000000000000e+00,0.000000000000000000e+00,0.000000000000000000e+00,0.000000000000000000e+00,0.000000000000000000e+00,0.000000000000000000e+00,0.000000000000000000e+00,0.000000000000000000e+00,0.000000000000000000e+00
1.515820811409453839e+01,1.513333746237064048e+01,1.510847592861548350e+01,1.508368570171732692e+01,1.505896529845671239e+01,1.503431124153717136e+01,1.500972011591045074e+01,1.498798966170507541e+01,1.496630523929267298e+01,1.552212460506932956e+01,1.539054208480995811e+01,1.536469788224462008e+01,1.533893753742916743e+01,1.531309815847266087e+01,1.528734521671579749e+01,1.526167781497655440e+01,1.523609471640410540e+01,1.521059445541952115e+01,1.518517575767458183e+01,1.515983779935438847e+01,0.000000000000000000e+00,0.000000000000000000e+00,0.000000000000000000e+00,0.000000000000000000e+00,0.000000000000000000e+00,0.000000000000000000e+00,0.000000000000000000e+00,0.000000000000000000e+00,0.000000000000000000e+00,0.000000000000000000e+00,0.000000000000000000e+00,0.000000000000000000e+00,0.000000000000000000e+00,0.000000000000000000e+00,0.000000000000000000e+00,0.000000000000000000e+00,0.000000000000000000e+00,0.000000000000000000e+00,0.000000000000000000e+00,0.000000000000000000e+00
1.514436899718968554e+01,1.511951399603998780e+01,1.509467010430305578e+01,1.506989655215140189e+01,1.504518975691945926e+01,1.502054620506986105e+01,1.499877544124574769e+01,1.497705097039878908e+01,1.553527124589238895e+01,1.540440564007547941e+01,1.537850456757863782e+01,1.535268782961160028e+01,1.532679233474336300e+01,1.530098404860652117e+01,1.527526146698031440e+01,1.524962366320142237e+01,1.522406922173555799e+01,1.519859706414918321e+01,1.517320576363024287e+01,1.514798609198676971e+01,0.000000000000000000e+00,0.000000000000000000e+00,0.000000000000000000e+00,0.000000000000000000e+00,0.000000000000000000e+00,0.000000000000000000e+00,0.000000000000000000e+00,0.000000000000000000e+00,0.000000000000000000e+00,0.000000000000000000e+00,0.000000000000000000e+00,0.000000000000000000e+00,0.000000000000000000e+00,0.000000000000000000e+00,0.000000000000000000e+00,0.000000000000000000e+00,0.000000000000000000e+00,0.000000000000000000e+00,0.000000000000000000e+00,0.000000000000000000e+00
1.513048182768526218e+01,1.510564425942984812e+01,1.508081742796364466e+01,1.505605777243127363e+01,1.503136166897685477e+01,1.500955049843519973e+01,1.498778588404712941e+01,1.554841304790552670e+01,1.541825597716427509e+01,1.539229781440883116e+01,1.536642452032981154e+01,1.534047271094491016e+01,1.531460868582202295e+01,1.528883107723196844e+01,1.526313841880234889e+01,1.523752964215519867e+01,1.521200360824674291e+01,1.518655915318618099e+01,1.516119485418694524e+01,1.513600001374902071e+01,0.000000000000000000e+00,0.000000000000000000e+00,0.000000000000000000e+00,0.000000000000000000e+00,0.000000000000000000e+00,0.000000000000000000e+00,0.000000000000000000e+00,0.000000000000000000e+00,0.000000000000000000e+00,0.000000000000000000e+00,0.000000000000000000e+00,0.000000000000000000e+00,0.000000000000000000e+00,0.000000000000000000e+00,0.000000000000000000e+00,0.000000000000000000e+00,0.000000000000000000e+00,0.000000000000000000e+00,0.000000000000000000e+00,0.000000000000000000e+00
1.511654861419235729e+01,1.509172792703403232e+01,1.506691523702344959e+01,1.504216649332308897e+01,1.502031482066241708e+01,1.499850996651005630e+01,1.556155008853887622e+01,1.543209296381167661e+01,1.540607764644397726e+01,1.538014760432777450e+01,1.535413930050489384e+01,1.532821933390429336e+01,1.530238634327817238e+01,1.527663897906782609e+01,1.525097568538825321e+01,1.522539562063760954e+01,1.519989762823325208e+01,1.517448047590932703e+01,1.514914278440651785e+01,1.512397243476265984e+01,0.000000000000000000e+00,0.000000000000000000e+00,0.000000000000000000e+00,0.000000000000000000e+00,0.000000000000000000e+00,0.000000000000000000e+00,0.000000000000000000e+00,0.000000000000000000e+00,0.000000000000000000e+00,0.000000000000000000e+00,0.000000000000000000e+00,0.000000000000000000e+00,0.000000000000000000e+00,0.000000000000000000e+00,0.000000000000000000e+00,0.000000000000000000e+00,0.000000000000000000e+00,0.000000000000000000e+00,0.000000000000000000e+00,0.000000000000000000e+00
1.510256905100759361e+01,1.507776214599726039e+01,1.505296064312680393e+01,1.503106839834292607e+01,1.500922320601739202e+01,1.557468235625329456e+01,1.544591644617924686e+01,1.541984397970979792e+01,1.539385708197108116e+01,1.536779211126789590e+01,1.534181601229122904e+01,1.531592742117193851e+01,1.529012504184563426e+01,1.526440736334147097e+01,1.523877310213539005e+01,1.521322138859939699e+01,1.518775102396837795e+01,1.516236078319039038e+01,1.513714064446547525e+01,1.511190271500114868e+01,0.000000000000000000e+00,0.000000000000000000e+00,0.000000000000000000e+00,0.000000000000000000e+00,0.000000000000000000e+00,0.000000000000000000e+00,0.000000000000000000e+00,0.000000000000000000e+00,0.000000000000000000e+00,0.000000000000000000e+00,0.000000000000000000e+00,0.000000000000000000e+00,0.000000000000000000e+00,0.000000000000000000e+00,0.000000000000000000e+00,0.000000000000000000e+00,0.000000000000000000e+00,0.000000000000000000e+00,0.000000000000000000e+00,0.000000000000000000e+00
1.508854010685234748e+01,1.506374413787001032e+01,1.504181122403047510e+01,1.501992559477752032e+01,1.558780984724268137e+01,1.545972664204422209e+01,1.543359661602871569e+01,1.540755291066536969e+01,1.538143112296200599e+01,1.535539872399403905e+01,1.532945437137947131e+01,1.530359672431429630e+01,1.527782443942911605e+01,1.525213601996296298e+01,1.522653044753479179e+01,1.520100669631567669e+01,1.517556354735033608e+01,1.515019982536484022e+01,1.512500375835337252e+01,1.509979093755720037e+01,0.000000000000000000e+00,0.000000000000000000e+00,0.000000000000000000e+00,0.000000000000000000e+00,0.000000000000000000e+00,0.000000000000000000e+00,0.000000000000000000e+00,0.000000000000000000e+00,0.000000000000000000e+00,0.000000000000000000e+00,0.000000000000000000e+00,0.000000000000000000e+00,0.000000000000000000e+00,0.000000000000000000e+00,0.000000000000000000e+00,0.000000000000000000e+00,0.000000000000000000e+00,0.000000000000000000e+00,0.000000000000000000e+00,0.000000000000000000e+00
1.507445910157662183e+01,1.505254326835305001e+01,1.503061712601736311e+01,1.560093247244158121e+01,1.547352359493224938e+01,1.544733581426095625e+01,1.542123485991028886e+01,1.539505634966128866e+01,1.536896747473290503e+01,1.534296718373475699e+01,1.531705410842963744e+01,1.529122692837074737e+01,1.526548423006409116e+01,1.523982480364358594e+01,1.521424749333814930e+01,1.518875129287143722e+01,1.516333496038454243e+01,1.513799723164918376e+01,1.511282488754966380e+01,1.508763701796062406e+01,0.000000000000000000e+00,0.000000000000000000e+00,0.000000000000000000e+00,0.000000000000000000e+00,0.000000000000000000e+00,0.000000000000000000e+00,0.000000000000000000e+00,0.000000000000000000e+00,0.000000000000000000e+00,0.000000000000000000e+00,0.000000000000000000e+00,0.000000000000000000e+00,0.000000000000000000e+00,0.000000000000000000e+00,0.000000000000000000e+00,0.000000000000000000e+00,0.000000000000000000e+00,0.000000000000000000e+00,0.000000000000000000e+00,0.000000000000000000e+00
1.506320708940394582e+01,1.504129779486761542e+01,1.561404999512320835e+01,1.548730730504252762e+01,1.546106156995681857e+01,1.543490319451525039e+01,1.540866749991372586e+01,1.538252227835699060e+01,1.535646586037672279e+01,1.533049719792584398e+01,1.530461495948347128e+01,1.527881765181734153e+01,1.525310429221975639e+01,1.522747341922399045e+01,1.520192398895577490e+01,1.517645492859056766e+01,1.515106494281107885e+01,1.512584351749476674e+01,1.510060399694535604e+01,1.507544068709384000e+01,0.000000000000000000e+00,0.000000000000000000e+00,0.000000000000000000e+00,0.000000000000000000e+00,0.000000000000000000e+00,0.000000000000000000e+00,0.000000000000000000e+00,0.000000000000000000e+00,0.000000000000000000e+00,0.000000000000000000e+00,0.000000000000000000e+00,0.000000000000000000e+00,0.000000000000000000e+00,0.000000000000000000e+00,0.000000000000000000e+00,0.000000000000000000e+00,0.000000000000000000e+00,0.000000000000000000e+00,0.000000000000000000e+00,0.000000000000000000e+00
1.505191055406904965e+01,1.562716250121667727e+01,1.550107782944379409e+01,1.547477391382338752e+01,1.544855793853470516e+01,1.542226485902862265e+01,1.539606283806358711e+01,1.536995040171158955e+01,1.534392599256606715e+01,1.531798850579321325e+01,1.529213644369515279e+01,1.526636883810916068e+01,1.524068438153654270e+01,1.521508164695941900e+01,1.518955967965716169e+01,1.516411729071485581e+01,1.513875316686894124e+01,1.511355548207991006e+01,1.508834082251347830e+01,1.506320158389261010e+01,0.000000000000000000e+00,0.000000000000000000e+00,0.000000000000000000e+00,0.000000000000000000e+00,0.000000000000000000e+00,0.000000000000000000e+00,0.000000000000000000e+00,0.000000000000000000e+00,0.000000000000000000e+00,0.000000000000000000e+00,0.000000000000000000e+00,0.000000000000000000e+00,0.000000000000000000e+00,0.000000000000000000e+00,0.000000000000000000e+00,0.000000000000000000e+00,0.000000000000000000e+00,0.000000000000000000e+00,0.000000000000000000e+00,0.000000000000000000e+00
1.564018634243454287e+01,1.551483520698569407e+01,1.548847288567311864e+01,1.546219908777220198e+01,1.543584844820176372e+01,1.540958942403316101e+01,1.538342059413044538e+01,1.535734048012977837e+01,1.533134758958255617e+01,1.530544061744844342e+01,1.527961857470761764e+01,1.525388021700337049e+01,1.522822420936396171e+01,1.520264923776713673e+01,1.517715429087918011e+01,1.515173803304892175e+01,1.512649104744969719e+01,1.510122535025342394e+01,1.507603512618219277e+01,1.505091917495094123e+01,0.000000000000000000e+00,0.000000000000000000e+00,0.000000000000000000e+00,0.000000000000000000e+00,0.000000000000000000e+00,0.000000000000000000e+00,0.000000000000000000e+00,0.000000000000000000e+00,0.000000000000000000e+00,0.000000000000000000e+00,0.000000000000000000e+00,0.000000000000000000e+00,0.000000000000000000e+00,0.000000000000000000e+00,0.000000000000000000e+00,0.000000000000000000e+00,0.000000000000000000e+00,0.000000000000000000e+00,0.000000000000000000e+00,0.000000000000000000e+00
1.552849993358307046e+01,1.550215852857165011e+01,1.547582667707400894e+01,1.544941829966688829e+01,1.542310206845711562e+01,1.539687660439807004e+01,1.537074049004131027e+01,1.534469223211696587e+01,1.531873018237251216e+01,1.529285352540673060e+01,1.526706107958665726e+01,1.524135150638395508e+01,1.521572356133441062e+01,1.519017592808670614e+01,1.516470740991024257e+01,1.513931710663259622e+01,1.511409381450930667e+01,1.508885287525864172e+01,1.506368617877873461e+01,1.503859350644885318e+01,0.000000000000000000e+00,0.000000000000000000e+00,0.000000000000000000e+00,0.000000000000000000e+00,0.000000000000000000e+00,0.000000000000000000e+00,0.000000000000000000e+00,0.000000000000000000e+00,0.000000000000000000e+00,0.000000000000000000e+00,0.000000000000000000e+00,0.000000000000000000e+00,0.000000000000000000e+00,0.000000000000000000e+00,0.000000000000000000e+00,0.000000000000000000e+00,0.000000000000000000e+00,0.000000000000000000e+00,0.000000000000000000e+00,0.000000000000000000e+00
1.551575212256064518e+01,1.548944076447676821e+01,1.546297441141992657e+01,1.543660079863832912e+01,1.541031850981138973e+01,1.538412612168411364e+01,1.535802225216556316e+01,1.533200515727892110e+01,1.530607370893011066e+01,1.528022699286039732e+01,1.525446369516296841e+01,1.522878246166251159e+01,1.520318218832218093e+01,1.517766124382085735e+01,1.515221898530479905e+01,1.512685429188571362e+01,1.510165438712365216e+01,1.507643736500617493e+01,1.505129402264144289e+01,1.502622466271795076e+01,0.000000000000000000e+00,0.000000000000000000e+00,0.000000000000000000e+00,0.000000000000000000e+00,0.000000000000000000e+00,0.000000000000000000e+00,0.000000000000000000e+00,0.000000000000000000e+00,0.000000000000000000e+00,0.000000000000000000e+00,0.000000000000000000e+00,0.000000000000000000e+00,0.000000000000000000e+00,0.000000000000000000e+00,0.000000000000000000e+00,0.000000000000000000e+00,0.000000000000000000e+00,0.000000000000000000e+00,0.000000000000000000e+00,0.000000000000000000e+00
1.550296332368053243e+01,1.547651682235957438e+01,1.545008565106088838e+01,1.542374633058889444e+01,1.539749748336453905e+01,1.537133769783599924e+01,1.534526545062620428e+01,1.531927914059390616e+01,1.529337797553398559e+01,1.526756074814887043e+01,1.524182611782319086e+01,1.521617285397786290e+01,1.519059957966048557e+01,1.516510522581273612e+01,1.513968882520231141e+01,1.511443988053921927e+01,1.508917225986935584e+01,1.506397857481222502e+01,1.503885883607772911e+01,1.501381219673820233e+01,0.000000000000000000e+00,0.000000000000000000e+00,0.000000000000000000e+00,0.000000000000000000e+00,0.000000000000000000e+00,0.000000000000000000e+00,0.000000000000000000e+00,0.000000000000000000e+00,0.000000000000000000e+00,0.000000000000000000e+00,0.000000000000000000e+00,0.000000000000000000e+00,0.000000000000000000e+00,0.000000000000000000e+00,0.000000000000000000e+00,0.000000000000000000e+00,0.000000000000000000e+00,0.000000000000000000e+00,0.000000000000000000e+00,0.000000000000000000e+00
1.548996823435520653e+01,1.546355663125499014e+01,1.543716010228579449e+01,1.541085460295757770e+01,1.538463871557586948e+01,1.535851094815458850e+01,1.533246978181855980e+01,1.530651405217576233e+01,1.528064271672460350e+01,1.525485452059809255e+01,1.522914813128011602e+01,1.520352219712984088e+01,1.517797577485237426e+01,1.515250757240517210e+01,1.512711668816251631e+01,1.510189081809086353e+01,1.507664684813491540e+01,1.505147690214248790e+01,1.502638035685660967e+01,1.500135528827454579e+01,0.000000000000000000e+00,0.000000000000000000e+00,0.000000000000000000e+00,0.000000000000000000e+00,0.000000000000000000e+00,0.000000000000000000e+00,0.000000000000000000e+00,0.000000000000000000e+00,0.000000000000000000e+00,0.000000000000000000e+00,0.000000000000000000e+00,0.000000000000000000e+00,0.000000000000000000e+00,0.000000000000000000e+00,0.000000000000000000e+00,0.000000000000000000e+00,0.000000000000000000e+00,0.000000000000000000e+00,0.000000000000000000e+00,0.000000000000000000e+00
1.547693711188358989e+01,1.545055986384053881e+01,1.542419750876687701e+01,1.539792533158617616e+01,1.537174185933704607e+01,1.534564548837095899e+01,1.531963522053102267e+01,1.529370962043538995e+01,1.526786766228072878e+01,1.524210802600261871e+01,1.521642927045266269e+01,1.519083048807193848e+01,1.516531052248237188e+01,1.513986810027174101e+01,1.511459340077596636e+01,1.508929865105285373e+01,1.506407861752654043e+01,1.503893208612460874e+01,1.501385757289643763e+01,1.498885403516585768e+01,0.000000000000000000e+00,0.000000000000000000e+00,0.000000000000000000e+00,0.000000000000000000e+00,0.000000000000000000e+00,0.000000000000000000e+00,0.000000000000000000e+00,0.000000000000000000e+00,0.000000000000000000e+00,0.000000000000000000e+00,0.000000000000000000e+00,0.000000000000000000e+00,0.000000000000000000e+00,0.000000000000000000e+00,0.000000000000000000e+00,0.000000000000000000e+00,0.000000000000000000e+00,0.000000000000000000e+00,0.000000000000000000e+00,0.000000000000000000e+00
1.546386964601882852e+01,1.543752623759907472e+01,1.541119757768056786e+01,1.538495822339517360e+01,1.535880644380370263e+01,1.533274129434034627e+01,1.530676148954368898e+01,1.528086558108190474e+01,1.525505252448386351e+01,1.522932082133814546e+01,1.520366950101512415e+01,1.517809752321706185e+01,1.515260358741801916e+01,1.512718651457362284e+01,1.510193432713003858e+01,1.507666377158592752e+01,1.505146739146696433e+01,1.502634333016952795e+01,1.500129033213495156e+01,1.497630887057639981e+01,0.000000000000000000e+00,0.000000000000000000e+00,0.000000000000000000e+00,0.000000000000000000e+00,0.000000000000000000e+00,0.000000000000000000e+00,0.000000000000000000e+00,0.000000000000000000e+00,0.000000000000000000e+00,0.000000000000000000e+00,0.000000000000000000e+00,0.000000000000000000e+00,0.000000000000000000e+00,0.000000000000000000e+00,0.000000000000000000e+00,0.000000000000000000e+00,0.000000000000000000e+00,0.000000000000000000e+00,0.000000000000000000e+00,0.000000000000000000e+00
1.545076552897676869e+01,1.542445548803105027e+01,1.539816002704114695e+01,1.537195267304052493e+01,1.534583247765605130e+01,1.531979812321673506e+01,1.529384831076426998e+01,1.526798166465482254e+01,1.524219686305901789e+01,1.521649284374833755e+01,1.519086864349364774e+01,1.516532300107107645e+01,1.513985470584204940e+01,1.511455382491710608e+01,1.508923259324655319e+01,1.506398597240027115e+01,1.503881257976720320e+01,1.501371008551587138e+01,1.498867940458866954e+01,1.496371915642906103e+01,0.000000000000000000e+00,0.000000000000000000e+00,0.000000000000000000e+00,0.000000000000000000e+00,0.000000000000000000e+00,0.000000000000000000e+00,0.000000000000000000e+00,0.000000000000000000e+00,0.000000000000000000e+00,0.000000000000000000e+00,0.000000000000000000e+00,0.000000000000000000e+00,0.000000000000000000e+00,0.000000000000000000e+00,0.000000000000000000e+00,0.000000000000000000e+00,0.000000000000000000e+00,0.000000000000000000e+00,0.000000000000000000e+00,0.000000000000000000e+00
1.543762447774978774e+01,1.541134732659929085e+01,1.538508422797998776e+01,1.535890879298681355e+01,1.533281971902817986e+01,1.530681571005817077e+01,1.528089544434935121e+01,1.525505738937297551e+01,1.522930053582682319e+01,1.520362395504549369e+01,1.517802640845843598e+01,1.515250673315822638e+01,1.512706337227536579e+01,1.510178516193222720e+01,1.507648817511167394e+01,1.505126478864050021e+01,1.502611313985884856e+01,1.500103319570633076e+01,1.497602410594999967e+01,1.495108318201818420e+01,0.000000000000000000e+00,0.000000000000000000e+00,0.000000000000000000e+00,0.000000000000000000e+00,0.000000000000000000e+00,0.000000000000000000e+00,0.000000000000000000e+00,0.000000000000000000e+00,0.000000000000000000e+00,0.000000000000000000e+00,0.000000000000000000e+00,0.000000000000000000e+00,0.000000000000000000e+00,0.000000000000000000e+00,0.000000000000000000e+00,0.000000000000000000e+00,0.000000000000000000e+00,0.000000000000000000e+00,0.000000000000000000e+00,0.000000000000000000e+00
1.542444622164356005e+01,1.539820114829733910e+01,1.537197028909415764e+01,1.534582630645546786e+01,1.531976790000546274e+01,1.529379378858815741e+01,1.526790245045431504e+01,1.524209259702294261e+01,1.521636347745513618e+01,1.519071388102676146e+01,1.516514257189016668e+01,1.513964811473553240e+01,1.511432150414185038e+01,1.508897391171030300e+01,1.506370048931355399e+01,1.503849912216480966e+01,1.501337030618368829e+01,1.498831226888399648e+01,1.496332264387995714e+01,1.493840223960202529e+01,0.000000000000000000e+00,0.000000000000000000e+00,0.000000000000000000e+00,0.000000000000000000e+00,0.000000000000000000e+00,0.000000000000000000e+00,0.000000000000000000e+00,0.000000000000000000e+00,0.000000000000000000e+00,0.000000000000000000e+00,0.000000000000000000e+00,0.000000000000000000e+00,0.000000000000000000e+00,0.000000000000000000e+00,0.000000000000000000e+00,0.000000000000000000e+00,0.000000000000000000e+00,0.000000000000000000e+00,0.000000000000000000e+00,0.000000000000000000e+00
1.541123016012508273e+01,1.538501697966663784e+01,1.535881791884258796e+01,1.533270495139255019e+01,1.530667675983782416e+01,1.528073197803803929e+01,1.525486903226576985e+01,1.522908723167406642e+01,1.520338542011372240e+01,1.517776233939143005e+01,1.515221655555283320e+01,1.512674736875914050e+01,1.510144327456101543e+01,1.507611968695427329e+01,1.505086846888609031e+01,1.502569012929274450e+01,1.500058363892792457e+01,1.497554510870101829e+01,1.495057648437891551e+01,1.492567651826559327e+01,0.000000000000000000e+00,0.000000000000000000e+00,0.000000000000000000e+00,0.000000000000000000e+00,0.000000000000000000e+00,0.000000000000000000e+00,0.000000000000000000e+00,0.000000000000000000e+00,0.000000000000000000e+00,0.000000000000000000e+00,0.000000000000000000e+00,0.000000000000000000e+00,0.000000000000000000e+00,0.000000000000000000e+00,0.000000000000000000e+00,0.000000000000000000e+00,0.000000000000000000e+00,0.000000000000000000e+00,0.000000000000000000e+00,0.000000000000000000e+00
1.539797627497634558e+01,1.537179460202647974e+01,1.534562688503006456e+01,1.531954445499297357e+01,1.529354594643124798e+01,1.526762983578216648e+01,1.524179524081678849e+01,1.521604104570526594e+01,1.519036605900728532e+01,1.516476877937559564e+01,1.513924853882406296e+01,1.511389624095829376e+01,1.508852230970165031e+01,1.506322119162314266e+01,1.503799316787049811e+01,1.501283760179234150e+01,1.498775066019683599e+01,1.496273370471038788e+01,1.493778537116362415e+01,1.491290288535117980e+01,0.000000000000000000e+00,0.000000000000000000e+00,0.000000000000000000e+00,0.000000000000000000e+00,0.000000000000000000e+00,0.000000000000000000e+00,0.000000000000000000e+00,0.000000000000000000e+00,0.000000000000000000e+00,0.000000000000000000e+00,0.000000000000000000e+00,0.000000000000000000e+00,0.000000000000000000e+00,0.000000000000000000e+00,0.000000000000000000e+00,0.000000000000000000e+00,0.000000000000000000e+00,0.000000000000000000e+00,0.000000000000000000e+00,0.000000000000000000e+00
1.538468440047367736e+01,1.535853374435027519e+01,1.533239690856485993e+01,1.530634450591377949e+01,1.528037495842900384e+01,1.525448749940241200e+01,1.522868079620472415e+01,1.520295375473708077e+01,1.517730483127679975e+01,1.515173339134078923e+01,1.512623824065918399e+01,1.510090844756067696e+01,1.507555731153533429e+01,1.505027945499208286e+01,1.502507449054893840e+01,1.499993897635148521e+01,1.497487356221017940e+01,1.494987704480039881e+01,1.492494681705224480e+01,1.490008307238126051e+01,0.000000000000000000e+00,0.000000000000000000e+00,0.000000000000000000e+00,0.000000000000000000e+00,0.000000000000000000e+00,0.000000000000000000e+00,0.000000000000000000e+00,0.000000000000000000e+00,0.000000000000000000e+00,0.000000000000000000e+00,0.000000000000000000e+00,0.000000000000000000e+00,0.000000000000000000e+00,0.000000000000000000e+00,0.000000000000000000e+00,0.000000000000000000e+00,0.000000000000000000e+00,0.000000000000000000e+00,0.000000000000000000e+00,0.000000000000000000e+00
1.537135422554767139e+01,1.534523414414371167e+01,1.531912769764190685e+01,1.529310453835241290e+01,1.526716392874960349e+01,1.524130469728401494e+01,1.521552544707196297e+01,1.518982473641264441e+01,1.516420192648804388e+01,1.513865588836917553e+01,1.511327774015419401e+01,1.508787666994519583e+01,1.506254899036524364e+01,1.503729449719592637e+01,1.501211009201752589e+01,1.498699609773535180e+01,1.496195156350446709e+01,1.493697323653904263e+01,1.491206164824840386e+01,1.488721917142999729e+01,0.000000000000000000e+00,0.000000000000000000e+00,0.000000000000000000e+00,0.000000000000000000e+00,0.000000000000000000e+00,0.000000000000000000e+00,0.000000000000000000e+00,0.000000000000000000e+00,0.000000000000000000e+00,0.000000000000000000e+00,0.000000000000000000e+00,0.000000000000000000e+00,0.000000000000000000e+00,0.000000000000000000e+00,0.000000000000000000e+00,0.000000000000000000e+00,0.000000000000000000e+00,0.000000000000000000e+00,0.000000000000000000e+00,0.000000000000000000e+00
1.535798550823743369e+01,1.533189552868813443e+01,1.530581860557325768e+01,1.527982468851812925e+01,1.525391262477646848e+01,1.522808114147309411e+01,1.520232852040223293e+01,1.517665417717640963e+01,1.515105711868503846e+01,1.512553603388152723e+01,1.510017910558429932e+01,1.507480181184682877e+01,1.504949763933839080e+01,1.502426420963233689e+01,1.499910125849027409e+01,1.497400886208726689e+01,1.494898227647637867e+01,1.492402279855985014e+01,1.489913287705804379e+01,1.487430896825495630e+01,0.000000000000000000e+00,0.000000000000000000e+00,0.000000000000000000e+00,0.000000000000000000e+00,0.000000000000000000e+00,0.000000000000000000e+00,0.000000000000000000e+00,0.000000000000000000e+00,0.000000000000000000e+00,0.000000000000000000e+00,0.000000000000000000e+00,0.000000000000000000e+00,0.000000000000000000e+00,0.000000000000000000e+00,0.000000000000000000e+00,0.000000000000000000e+00,0.000000000000000000e+00,0.000000000000000000e+00,0.000000000000000000e+00,0.000000000000000000e+00
1.534457796820488795e+01,1.531851718637032533e+01,1.529246981597459154e+01,1.526650475017723352e+01,1.524062077922079439e+01,1.521481621724202782e+01,1.518909018511009457e+01,1.516344192424652704e+01,1.513787006854566641e+01,1.511246486265285327e+01,1.508703772056353820e+01,1.506168393902455094e+01,1.503640130732536484e+01,1.501118930887378689e+01,1.498604842276746041e+01,1.496097402410405763e+01,1.493596651705463074e+01,1.491102885201979156e+01,1.488615799454715116e+01,1.486135455151954687e+01,0.000000000000000000e+00,0.000000000000000000e+00,0.000000000000000000e+00,0.000000000000000000e+00,0.000000000000000000e+00,0.000000000000000000e+00,0.000000000000000000e+00,0.000000000000000000e+00,0.000000000000000000e+00,0.000000000000000000e+00,0.000000000000000000e+00,0.000000000000000000e+00,0.000000000000000000e+00,0.000000000000000000e+00,0.000000000000000000e+00,0.000000000000000000e+00,0.000000000000000000e+00,0.000000000000000000e+00,0.000000000000000000e+00,0.000000000000000000e+00
1.533113089650032279e+01,1.530509934894747559e+01,1.527908111710255490e+01,1.525314445512800532e+01,1.522728778299478236e+01,1.520150998458847624e+01,1.517581033909900690e+01,1.515018759319695185e+01,1.512473401579529764e+01,1.509925670890428506e+01,1.507385329139328967e+01,1.504852142363975176e+01,1.502326026569873463e+01,1.499807075459354166e+01,1.497294815546784896e+01,1.494789284950830677e+01,1.492290726872433204e+01,1.489798897946814549e+01,1.487313879304183217e+01,1.484835499219551380e+01,0.000000000000000000e+00,0.000000000000000000e+00,0.000000000000000000e+00,0.000000000000000000e+00,0.000000000000000000e+00,0.000000000000000000e+00,0.000000000000000000e+00,0.000000000000000000e+00,0.000000000000000000e+00,0.000000000000000000e+00,0.000000000000000000e+00,0.000000000000000000e+00,0.000000000000000000e+00,0.000000000000000000e+00,0.000000000000000000e+00,0.000000000000000000e+00,0.000000000000000000e+00,0.000000000000000000e+00,0.000000000000000000e+00,0.000000000000000000e+00
1.531764450605422567e+01,1.529164176845775813e+01,1.526565225175679075e+01,1.523974325384421569e+01,1.521391356409111317e+01,1.518816241779969900e+01,1.516248863717777695e+01,1.513689050150379067e+01,1.511145897915337066e+01,1.508600560153729830e+01,1.506062456382615089e+01,1.503531414715369330e+01,1.501007589917846374e+01,1.498490485262084349e+01,1.495980160201969156e+01,1.493476813278686421e+01,1.490980229461528239e+01,1.488490517949778180e+01,1.486007457981534685e+01,1.483530876783700592e+01,0.000000000000000000e+00,0.000000000000000000e+00,0.000000000000000000e+00,0.000000000000000000e+00,0.000000000000000000e+00,0.000000000000000000e+00,0.000000000000000000e+00,0.000000000000000000e+00,0.000000000000000000e+00,0.000000000000000000e+00,0.000000000000000000e+00,0.000000000000000000e+00,0.000000000000000000e+00,0.000000000000000000e+00,0.000000000000000000e+00,0.000000000000000000e+00,0.000000000000000000e+00,0.000000000000000000e+00,0.000000000000000000e+00,0.000000000000000000e+00
1.530411854727099730e+01,1.527814420974301868e+01,1.525218269247204894e+01,1.522630091350681880e+01,1.520049819360589360e+01,1.517477321998965323e+01,1.514912427731118427e+01,1.512364457492896008e+01,1.509814109374712388e+01,1.507271034700998058e+01,1.504735097908596586e+01,1.502206379606975695e+01,1.499684422810653217e+01,1.497169257877247972e+01,1.494661146875787239e+01,1.492159794455002597e+01,1.489665353999711250e+01,1.487177630328137745e+01,1.484696386201319385e+01,1.482221345011443248e+01,0.000000000000000000e+00,0.000000000000000000e+00,0.000000000000000000e+00,0.000000000000000000e+00,0.000000000000000000e+00,0.000000000000000000e+00,0.000000000000000000e+00,0.000000000000000000e+00,0.000000000000000000e+00,0.000000000000000000e+00,0.000000000000000000e+00,0.000000000000000000e+00,0.000000000000000000e+00,0.000000000000000000e+00,0.000000000000000000e+00,0.000000000000000000e+00,0.000000000000000000e+00,0.000000000000000000e+00,0.000000000000000000e+00,0.000000000000000000e+00
1.529055279525690025e+01,1.526460616263816306e+01,1.523867215127073393e+01,1.521281760773345582e+01,1.518704138168748585e+01,1.516134149903635375e+01,1.513581341015823156e+01,1.511025974892224077e+01,1.508477920130970418e+01,1.505937047375244831e+01,1.503403437746310090e+01,1.500876629740364265e+01,1.498356612892841255e+01,1.495843703535095415e+01,1.493337594460432172e+01,1.490838404736169664e+01,1.488346016716432629e+01,1.485860095330640007e+01,1.483380421694250906e+01,1.481171356890000368e+01,0.000000000000000000e+00,0.000000000000000000e+00,0.000000000000000000e+00,0.000000000000000000e+00,0.000000000000000000e+00,0.000000000000000000e+00,0.000000000000000000e+00,0.000000000000000000e+00,0.000000000000000000e+00,0.000000000000000000e+00,0.000000000000000000e+00,0.000000000000000000e+00,0.000000000000000000e+00,0.000000000000000000e+00,0.000000000000000000e+00,0.000000000000000000e+00,0.000000000000000000e+00,0.000000000000000000e+00,0.000000000000000000e+00,0.000000000000000000e+00
1.527694674645024975e+01,1.525102731998951100e+01,1.522512079566655352e+01,1.519929305708142664e+01,1.517354220602667070e+01,1.514786776613544284e+01,1.512236163415522761e+01,1.509683115971710521e+01,1.507137284552166889e+01,1.504598773727643746e+01,1.502067100215864137e+01,1.499542227502961289e+01,1.497024495654146214e+01,1.494513626675017370e+01,1.492009688022973002e+01,1.489512593383709316e+01,1.487022005952117532e+01,1.484537687859822519e+01,1.482325203085994403e+01,1.480117227561019533e+01,0.000000000000000000e+00,0.000000000000000000e+00,0.000000000000000000e+00,0.000000000000000000e+00,0.000000000000000000e+00,0.000000000000000000e+00,0.000000000000000000e+00,0.000000000000000000e+00,0.000000000000000000e+00,0.000000000000000000e+00,0.000000000000000000e+00,0.000000000000000000e+00,0.000000000000000000e+00,0.000000000000000000e+00,0.000000000000000000e+00,0.000000000000000000e+00,0.000000000000000000e+00,0.000000000000000000e+00,0.000000000000000000e+00,0.000000000000000000e+00
1.526330007620893525e+01,1.523740779977600646e+01,1.521152837603382935e+01,1.518572636857495972e+01,1.516000112337767369e+01,1.513444680149971155e+01,1.510886625060165755e+01,1.508335821206430616e+01,1.505792376198691152e+01,1.503255846971790888e+01,1.500726104385534398e+01,1.498203533951413746e+01,1.495687874636977632e+01,1.493179196084730265e+01,1.490677376157953837e+01,1.488182118897837469e+01,1.485693144810156419e+01,1.483477231441487731e+01,1.481265847874502128e+01,1.534153249749282466e+01,0.000000000000000000e+00,0.000000000000000000e+00,0.000000000000000000e+00,0.000000000000000000e+00,0.000000000000000000e+00,0.000000000000000000e+00,0.000000000000000000e+00,0.000000000000000000e+00,0.000000000000000000e+00,0.000000000000000000e+00,0.000000000000000000e+00,0.000000000000000000e+00,0.000000000000000000e+00,0.000000000000000000e+00,0.000000000000000000e+00,0.000000000000000000e+00,0.000000000000000000e+00,0.000000000000000000e+00,0.000000000000000000e+00,0.000000000000000000e+00
1.524961290250395507e+01,1.522374740328853093e+01,1.519789404324814797e+01,1.517211788221949220e+01,1.514651529560460830e+01,1.512088452105209058e+01,1.509532661191032155e+01,1.506984267659272980e+01,1.504442852466787173e+01,1.501908246174686568e+01,1.499380824787787958e+01,1.496860355350161242e+01,1.494346930390025818e+01,1.491840372983273255e+01,1.489340435494734294e+01,1.486846793779079690e+01,1.484627443329253893e+01,1.482412643142131969e+01,1.535545381511164464e+01,1.525119644668424179e+01,0.000000000000000000e+00,0.000000000000000000e+00,0.000000000000000000e+00,0.000000000000000000e+00,0.000000000000000000e+00,0.000000000000000000e+00,0.000000000000000000e+00,0.000000000000000000e+00,0.000000000000000000e+00,0.000000000000000000e+00,0.000000000000000000e+00,0.000000000000000000e+00,0.000000000000000000e+00,0.000000000000000000e+00,0.000000000000000000e+00,0.000000000000000000e+00,0.000000000000000000e+00,0.000000000000000000e+00,0.000000000000000000e+00,0.000000000000000000e+00
1.523588502526168043e+01,1.521004532082509897e+01,1.518421801959932793e+01,1.515846753215680565e+01,1.513288596020159815e+01,1.510727808473331635e+01,1.508174447895546599e+01,1.505628131230911748e+01,1.503088655966395493e+01,1.500556366224632221e+01,1.498031076166498110e+01,1.495512881964866736e+01,1.493001585930721120e+01,1.490496957432035607e+01,1.487998635828903282e+01,1.485775840059764263e+01,1.483557614830893989e+01,1.536936104555620020e+01,1.526560489803765996e+01,1.523938081303002789e+01,0.000000000000000000e+00,0.000000000000000000e+00,0.000000000000000000e+00,0.000000000000000000e+00,0.000000000000000000e+00,0.000000000000000000e+00,0.000000000000000000e+00,0.000000000000000000e+00,0.000000000000000000e+00,0.000000000000000000e+00,0.000000000000000000e+00,0.000000000000000000e+00,0.000000000000000000e+00,0.000000000000000000e+00,0.000000000000000000e+00,0.000000000000000000e+00,0.000000000000000000e+00,0.000000000000000000e+00,0.000000000000000000e+00,0.000000000000000000e+00
1.522211565892574470e+01,1.519630165338026018e+01,1.517050038069218765e+01,1.514487065815487554e+01,1.511921267514152234e+01,1.509362922524410422e+01,1.506811695127387196e+01,1.504267312832111791e+01,1.501730161201782821e+01,1.499200040323565730e+01,1.496677050855336688e+01,1.494161017270610969e+01,1.491651677808811982e+01,1.489148672692002506e+01,1.486922422994565451e+01,1.484700764385936012e+01,1.538325459623908564e+01,1.527999202841591497e+01,1.525371940792189029e+01,1.522752632361024716e+01,0.000000000000000000e+00,0.000000000000000000e+00,0.000000000000000000e+00,0.000000000000000000e+00,0.000000000000000000e+00,0.000000000000000000e+00,0.000000000000000000e+00,0.000000000000000000e+00,0.000000000000000000e+00,0.000000000000000000e+00,0.000000000000000000e+00,0.000000000000000000e+00,0.000000000000000000e+00,0.000000000000000000e+00,0.000000000000000000e+00,0.000000000000000000e+00,0.000000000000000000e+00,0.000000000000000000e+00,0.000000000000000000e+00,0.000000000000000000e+00
1.520830483817815804e+01,1.518251657241304287e+01,1.515683862364070222e+01,1.513113043022088178e+01,1.510549697043462025e+01,1.507993546929868423e+01,1.505444236516387946e+01,1.502902217100334070e+01,1.500367248850809077e+01,1.497839452739423294e+01,1.495318670924922166e+01,1.492804596417046170e+01,1.490296903324757594e+01,1.488067193966010215e+01,1.485842093381502238e+01,1.539713453084479156e+01,1.529435796445688389e+01,1.526803657668682490e+01,1.524179518911216924e+01,1.521550115742951093e+01,0.000000000000000000e+00,0.000000000000000000e+00,0.000000000000000000e+00,0.000000000000000000e+00,0.000000000000000000e+00,0.000000000000000000e+00,0.000000000000000000e+00,0.000000000000000000e+00,0.000000000000000000e+00,0.000000000000000000e+00,0.000000000000000000e+00,0.000000000000000000e+00,0.000000000000000000e+00,0.000000000000000000e+00,0.000000000000000000e+00,0.000000000000000000e+00,0.000000000000000000e+00,0.000000000000000000e+00,0.000000000000000000e+00,0.000000000000000000e+00
1.519445279832316231e+01,1.516878978379677356e+01,1.514303140197716857e+01,1.511734778360196074e+01,1.509173691190078692e+01,1.506619433026364874e+01,1.504072517051332980e+01,1.501532706373869530e+01,1.499000091111595623e+01,1.496474549972247203e+01,1.493955724735279489e+01,1.491443322323156906e+01,1.489210152531083509e+01,1.486981603760426296e+01,1.541100088881761287e+01,1.530870299008336310e+01,1.528233242518680512e+01,1.525604251862309724e+01,1.522970020636797628e+01,1.520344106619216618e+01,0.000000000000000000e+00,0.000000000000000000e+00,0.000000000000000000e+00,0.000000000000000000e+00,0.000000000000000000e+00,0.000000000000000000e+00,0.000000000000000000e+00,0.000000000000000000e+00,0.000000000000000000e+00,0.000000000000000000e+00,0.000000000000000000e+00,0.000000000000000000e+00,0.000000000000000000e+00,0.000000000000000000e+00,0.000000000000000000e+00,0.000000000000000000e+00,0.000000000000000000e+00,0.000000000000000000e+00,0.000000000000000000e+00,0.000000000000000000e+00
1.518055865986996622e+01,1.515491548101777042e+01,1.512918170053856670e+01,1.510352132953795490e+01,1.507792908240502072e+01,1.505241082869346059e+01,1.502696418479184182e+01,1.500158968287483496e+01,1.497628642072572447e+01,1.495105067265655130e+01,1.492587943461139055e+01,1.490351292659249971e+01,1.488119295733987180e+01,1.542485308029286273e+01,1.532302712701236125e+01,1.529660723989475102e+01,1.527026840216397829e+01,1.524387759208767434e+01,1.521757044063065578e+01,1.519134577074713910e+01,0.000000000000000000e+00,0.000000000000000000e+00,0.000000000000000000e+00,0.000000000000000000e+00,0.000000000000000000e+00,0.000000000000000000e+00,0.000000000000000000e+00,0.000000000000000000e+00,0.000000000000000000e+00,0.000000000000000000e+00,0.000000000000000000e+00,0.000000000000000000e+00,0.000000000000000000e+00,0.000000000000000000e+00,0.000000000000000000e+00,0.000000000000000000e+00,0.000000000000000000e+00,0.000000000000000000e+00,0.000000000000000000e+00,0.000000000000000000e+00
1.516672024431535348e+01,1.514099876790973198e+01,1.511528875905183256e+01,1.508964666855709424e+01,1.506407920813741264e+01,1.503858382267129912e+01,1.501316087909698105e+01,1.498780962621547985e+01,1.496252628179423283e+01,1.493730770054680335e+01,1.491490628517087380e+01,1.489255162585374137e+01,1.543869153684652851e+01,1.533733040619661203e+01,1.531086106002006986e+01,1.528447313741234126e+01,1.525803339187587859e+01,1.523167805136944786e+01,1.520540558406841924e+01,1.517921488663479224e+01,0.000000000000000000e+00,0.000000000000000000e+00,0.000000000000000000e+00,0.000000000000000000e+00,0.000000000000000000e+00,0.000000000000000000e+00,0.000000000000000000e+00,0.000000000000000000e+00,0.000000000000000000e+00,0.000000000000000000e+00,0.000000000000000000e+00,0.000000000000000000e+00,0.000000000000000000e+00,0.000000000000000000e+00,0.000000000000000000e+00,0.000000000000000000e+00,0.000000000000000000e+00,0.000000000000000000e+00,0.000000000000000000e+00,0.000000000000000000e+00
1.515273705819994632e+01,1.512703913839805914e+01,1.510134715899122426e+01,1.507573035762375113e+01,1.505018599753746678e+01,1.502471456336166256e+01,1.499931518504244110e+01,1.497398411480337188e+01,1.494871806208239207e+01,1.492628163516679862e+01,1.490389218895898971e+01,1.545251635139637258e+01,1.535161247172531418e+01,1.532509393223584837e+01,1.529865677081654951e+01,1.527216792429149628e+01,1.524576393016510778e+01,1.521944361326363371e+01,1.519320531563353427e+01,1.516704820100217432e+01,0.000000000000000000e+00,0.000000000000000000e+00,0.000000000000000000e+00,0.000000000000000000e+00,0.000000000000000000e+00,0.000000000000000000e+00,0.000000000000000000e+00,0.000000000000000000e+00,0.000000000000000000e+00,0.000000000000000000e+00,0.000000000000000000e+00,0.000000000000000000e+00,0.000000000000000000e+00,0.000000000000000000e+00,0.000000000000000000e+00,0.000000000000000000e+00,0.000000000000000000e+00,0.000000000000000000e+00,0.000000000000000000e+00,0.000000000000000000e+00
1.513871115414930557e+01,1.511303060353465355e+01,1.508736432618328394e+01,1.506177084824804524e+01,1.503625081255849416e+01,1.501080314528056903e+01,1.498542421730019925e+01,1.496011056102127412e+01,1.493763901877872158e+01,1.491521468186094701e+01,1.546632760414966334e+01,1.536587381944909936e+01,1.533930545751240970e+01,1.531281936233119012e+01,1.528628125465401943e+01,1.525982842064387235e+01,1.523345973061396208e+01,1.520717393651583471e+01,1.518096935446168416e+01,1.515484549951360904e+01,0.000000000000000000e+00,0.000000000000000000e+00,0.000000000000000000e+00,0.000000000000000000e+00,0.000000000000000000e+00,0.000000000000000000e+00,0.000000000000000000e+00,0.000000000000000000e+00,0.000000000000000000e+00,0.000000000000000000e+00,0.000000000000000000e+00,0.000000000000000000e+00,0.000000000000000000e+00,0.000000000000000000e+00,0.000000000000000000e+00,0.000000000000000000e+00,0.000000000000000000e+00,0.000000000000000000e+00,0.000000000000000000e+00,0.000000000000000000e+00
1.512463632502033484e+01,1.509898116867400120e+01,1.507333841934240581e+01,1.504776965348482776e+01,1.502227355652350482e+01,1.499684663654042716e+01,1.497148524273509196e+01,1.494897847891904163e+01,1.492651914780304168e+01,1.548012529021150563e+01,1.538011455043665165e+01,1.535349614761646109e+01,1.532696048438942427e+01,1.530037341813987695e+01,1.527387160022492019e+01,1.524745434140994149e+01,1.522112050130796490e+01,1.519486865545408527e+01,1.516869753015997802e+01,1.514260650810540554e+01,0.000000000000000000e+00,0.000000000000000000e+00,0.000000000000000000e+00,0.000000000000000000e+00,0.000000000000000000e+00,0.000000000000000000e+00,0.000000000000000000e+00,0.000000000000000000e+00,0.000000000000000000e+00,0.000000000000000000e+00,0.000000000000000000e+00,0.000000000000000000e+00,0.000000000000000000e+00,0.000000000000000000e+00,0.000000000000000000e+00,0.000000000000000000e+00,0.000000000000000000e+00,0.000000000000000000e+00,0.000000000000000000e+00,0.000000000000000000e+00
1.511052077443900465e+01,1.508488873793275609e+01,1.505927102528034744e+01,1.503372645478181013e+01,1.500825142062072537e+01,1.498284215495852401e+01,1.496030006216223995e+01,1.493780563094871283e+01,1.549390896548602115e+01,1.539433470901986034e+01,1.536766610069555128e+01,1.534108065815563293e+01,1.531444404060186493e+01,1.528789349792118024e+01,1.526142752743541564e+01,1.523504540150161368e+01,1.520874576532365552e+01,1.518252763419846829e+01,1.515638956379649471e+01,1.513033093531120699e+01,0.000000000000000000e+00,0.000000000000000000e+00,0.000000000000000000e+00,0.000000000000000000e+00,0.000000000000000000e+00,0.000000000000000000e+00,0.000000000000000000e+00,0.000000000000000000e+00,0.000000000000000000e+00,0.000000000000000000e+00,0.000000000000000000e+00,0.000000000000000000e+00,0.000000000000000000e+00,0.000000000000000000e+00,0.000000000000000000e+00,0.000000000000000000e+00,0.000000000000000000e+00,0.000000000000000000e+00,0.000000000000000000e+00,0.000000000000000000e+00
1.509636232805667433e+01,1.507075507581470930e+01,1.504516189646836644e+01,1.501963861917781706e+01,1.499418134911421774e+01,1.497160381708754429e+01,1.494907417860493837e+01,1.550767899093233382e+01,1.540853446221386136e+01,1.538181538218808342e+01,1.535517997470289231e+01,1.532849356957856557e+01,1.530189379398984251e+01,1.527537934019102650e+01,1.524894875372760339e+01,1.522260114132808795e+01,1.519633546042546435e+01,1.517015061747263260e+01,1.514404518181207493e+01,1.511801849675046405e+01,0.000000000000000000e+00,0.000000000000000000e+00,0.000000000000000000e+00,0.000000000000000000e+00,0.000000000000000000e+00,0.000000000000000000e+00,0.000000000000000000e+00,0.000000000000000000e+00,0.000000000000000000e+00,0.000000000000000000e+00,0.000000000000000000e+00,0.000000000000000000e+00,0.000000000000000000e+00,0.000000000000000000e+00,0.000000000000000000e+00,0.000000000000000000e+00,0.000000000000000000e+00,0.000000000000000000e+00,0.000000000000000000e+00,0.000000000000000000e+00
1.508216289179789982e+01,1.505657994993594251e+01,1.503100823588910728e+01,1.500550287620310641e+01,1.498288979604774340e+01,1.496032484073644042e+01,1.552143554381538237e+01,1.542271373217026564e+01,1.539594412204069229e+01,1.536925852257750336e+01,1.534252212050501285e+01,1.531587286463931008e+01,1.528930947340248281e+01,1.526283065095721980e+01,1.523643484574041196e+01,1.521012142462410566e+01,1.518388931357369387e+01,1.515773733377963595e+01,1.513166411263597411e+01,1.510566895433009549e+01,0.000000000000000000e+00,0.000000000000000000e+00,0.000000000000000000e+00,0.000000000000000000e+00,0.000000000000000000e+00,0.000000000000000000e+00,0.000000000000000000e+00,0.000000000000000000e+00,0.000000000000000000e+00,0.000000000000000000e+00,0.000000000000000000e+00,0.000000000000000000e+00,0.000000000000000000e+00,0.000000000000000000e+00,0.000000000000000000e+00,0.000000000000000000e+00,0.000000000000000000e+00,0.000000000000000000e+00,0.000000000000000000e+00,0.000000000000000000e+00
1.506792225658634621e+01,1.504236033328620259e+01,1.501680676642541457e+01,1.499415805507288724e+01,1.497155767035962270e+01,1.553517868968427251e+01,1.543687241214114536e+01,1.541005230593449227e+01,1.538331639701049980e+01,1.535652979839287546e+01,1.532983083650803202e+01,1.530321823790324132e+01,1.527669078648536782e+01,1.525024698934569578e+01,1.522388562810564139e+01,1.519760602088101997e+01,1.517140703671005930e+01,1.514528750740780971e+01,1.511924604518638837e+01,1.509328185839899206e+01,0.000000000000000000e+00,0.000000000000000000e+00,0.000000000000000000e+00,0.000000000000000000e+00,0.000000000000000000e+00,0.000000000000000000e+00,0.000000000000000000e+00,0.000000000000000000e+00,0.000000000000000000e+00,0.000000000000000000e+00,0.000000000000000000e+00,0.000000000000000000e+00,0.000000000000000000e+00,0.000000000000000000e+00,0.000000000000000000e+00,0.000000000000000000e+00,0.000000000000000000e+00,0.000000000000000000e+00,0.000000000000000000e+00,0.000000000000000000e+00
1.505363717581703931e+01,1.502809310632056494e+01,1.500540865182170158e+01,1.498277272432426699e+01,1.554890850553094239e+01,1.545101088831362546e+01,1.542413976782910368e+01,1.539735363836780735e+01,1.537051666741844969e+01,1.534376780891695624e+01,1.531710581018459649e+01,1.529052941611979399e+01,1.526403735153841623e+01,1.523762813042476694e+01,1.521130085854369796e+01,1.518505465398320098e+01,1.515888835606453711e+01,1.513280086130563262e+01,1.510679061087882857e+01,1.508085710188663597e+01,0.000000000000000000e+00,0.000000000000000000e+00,0.000000000000000000e+00,0.000000000000000000e+00,0.000000000000000000e+00,0.000000000000000000e+00,0.000000000000000000e+00,0.000000000000000000e+00,0.000000000000000000e+00,0.000000000000000000e+00,0.000000000000000000e+00,0.000000000000000000e+00,0.000000000000000000e+00,0.000000000000000000e+00,0.000000000000000000e+00,0.000000000000000000e+00,0.000000000000000000e+00,0.000000000000000000e+00,0.000000000000000000e+00,0.000000000000000000e+00
1.503930466771229035e+01,1.501664162170714079e+01,1.499397006128460319e+01,1.556262496228097092e+01,1.546512930571177691e+01,1.543820694151759909e+01,1.541137003702372432e+01,1.538448284207375494e+01,1.535768387846799676e+01,1.533097227381555783e+01,1.530434674499774772e+01,1.527780604943779608e+01,1.525134882944490045e+01,1.522497392038103925e+01,1.519868028531370641e+01,1.517246704581612349e+01,1.514633301060871950e+01,1.512027697770521684e+01,1.509429762191306956e+01,1.506839449763785943e+01,0.000000000000000000e+00,0.000000000000000000e+00,0.000000000000000000e+00,0.000000000000000000e+00,0.000000000000000000e+00,0.000000000000000000e+00,0.000000000000000000e+00,0.000000000000000000e+00,0.000000000000000000e+00,0.000000000000000000e+00,0.000000000000000000e+00,0.000000000000000000e+00,0.000000000000000000e+00,0.000000000000000000e+00,0.000000000000000000e+00,0.000000000000000000e+00,0.000000000000000000e+00,0.000000000000000000e+00,0.000000000000000000e+00,0.000000000000000000e+00
1.502780017561219594e+01,1.500514974189080242e+01,1.557632782649840308e+01,1.547922775262918194e+01,1.545225391692906847e+01,1.542536603310567500e+01,1.539842803126460424e+01,1.537157915457355983e+01,1.534481772448506653e+01,1.531814287074799097e+01,1.529155334951548539e+01,1.526504771146148443e+01,1.523862508887977540e+01,1.521228403207759960e+01,1.518602363066496430e+01,1.515984291944408824e+01,1.513374064244164785e+01,1.510771562498654319e+01,1.508176690844053702e+01,1.505589376536520518e+01,0.000000000000000000e+00,0.000000000000000000e+00,0.000000000000000000e+00,0.000000000000000000e+00,0.000000000000000000e+00,0.000000000000000000e+00,0.000000000000000000e+00,0.000000000000000000e+00,0.000000000000000000e+00,0.000000000000000000e+00,0.000000000000000000e+00,0.000000000000000000e+00,0.000000000000000000e+00,0.000000000000000000e+00,0.000000000000000000e+00,0.000000000000000000e+00,0.000000000000000000e+00,0.000000000000000000e+00,0.000000000000000000e+00,0.000000000000000000e+00
1.501625537402260768e+01,1.559001729604387876e+01,1.549330639382873542e+01,1.546628081759630291e+01,1.543934174773539958e+01,1.541235270158799864e+01,1.538545333985550556e+01,1.535864224789587595e+01,1.533191788600614558e+01,1.530527931264728458e+01,1.527872508247659411e+01,1.525225434986754713e+01,1.522586586414461962e+01,1.519955822260287803e+01,1.517333061184902299e+01,1.514718192194220592e+01,1.512111088627666788e+01,1.509511670535977501e+01,1.506919820040634939e+01,1.504335460357636833e+01,0.000000000000000000e+00,0.000000000000000000e+00,0.000000000000000000e+00,0.000000000000000000e+00,0.000000000000000000e+00,0.000000000000000000e+00,0.000000000000000000e+00,0.000000000000000000e+00,0.000000000000000000e+00,0.000000000000000000e+00,0.000000000000000000e+00,0.000000000000000000e+00,0.000000000000000000e+00,0.000000000000000000e+00,0.000000000000000000e+00,0.000000000000000000e+00,0.000000000000000000e+00,0.000000000000000000e+00,0.000000000000000000e+00,0.000000000000000000e+00
1.560361065942947789e+01,1.550736536752886607e+01,1.548028778323410215e+01,1.545329726785352520e+01,1.542625696920141998e+01,1.539930687978641899e+01,1.537244565457000434e+01,1.534567186574621545e+01,1.531898405639378424e+01,1.529238104776439044e+01,1.526586197307556603e+01,1.523942566353169958e+01,1.521307083657073989e+01,1.518679621574486660e+01,1.516060092360019418e+01,1.513448367041121045e+01,1.510844370418563187e+01,1.508247995282592413e+01,1.505659124546810013e+01,1.503086854376724446e+01,0.000000000000000000e+00,0.000000000000000000e+00,0.000000000000000000e+00,0.000000000000000000e+00,0.000000000000000000e+00,0.000000000000000000e+00,0.000000000000000000e+00,0.000000000000000000e+00,0.000000000000000000e+00,0.000000000000000000e+00,0.000000000000000000e+00,0.000000000000000000e+00,0.000000000000000000e+00,0.000000000000000000e+00,0.000000000000000000e+00,0.000000000000000000e+00,0.000000000000000000e+00,0.000000000000000000e+00,0.000000000000000000e+00,0.000000000000000000e+00
1.552132484488971187e+01,1.549427495693736745e+01,1.546723271947917056e+01,1.544014096232003652e+01,1.541313990339641826e+01,1.538622825360085500e+01,1.535940466965181272e+01,1.533266769617218372e+01,1.530601570807664302e+01,1.527944808040718527e+01,1.525296371860664202e+01,1.522656133830895797e+01,1.520023976774110253e+01,1.517399771830632105e+01,1.514783410058355884e+01,1.512174811929792817e+01,1.509573883133136718e+01,1.506980510356315150e+01,1.504394557405171717e+01,1.501824952204309938e+01,0.000000000000000000e+00,0.000000000000000000e+00,0.000000000000000000e+00,0.000000000000000000e+00,0.000000000000000000e+00,0.000000000000000000e+00,0.000000000000000000e+00,0.000000000000000000e+00,0.000000000000000000e+00,0.000000000000000000e+00,0.000000000000000000e+00,0.000000000000000000e+00,0.000000000000000000e+00,0.000000000000000000e+00,0.000000000000000000e+00,0.000000000000000000e+00,0.000000000000000000e+00,0.000000000000000000e+00,0.000000000000000000e+00,0.000000000000000000e+00
1.550816333492028498e+01,1.548114826503729802e+01,1.545400476629298048e+01,1.542695253241105036e+01,1.539999023182890880e+01,1.537311651737961782e+01,1.534633008331111270e+01,1.531962917501013521e+01,1.529301278246753881e+01,1.526648014991366864e+01,1.524003002687775066e+01,1.521366110663130655e+01,1.518737238223749841e+01,1.516116219624451489e+01,1.513503009191187232e+01,1.510897502322021069e+01,1.508299600461805667e+01,1.505709170584244205e+01,1.503135348259027282e+01,1.500559157930347709e+01,0.000000000000000000e+00,0.000000000000000000e+00,0.000000000000000000e+00,0.000000000000000000e+00,0.000000000000000000e+00,0.000000000000000000e+00,0.000000000000000000e+00,0.000000000000000000e+00,0.000000000000000000e+00,0.000000000000000000e+00,0.000000000000000000e+00,0.000000000000000000e+00,0.000000000000000000e+00,0.000000000000000000e+00,0.000000000000000000e+00,0.000000000000000000e+00,0.000000000000000000e+00,0.000000000000000000e+00,0.000000000000000000e+00,0.000000000000000000e+00
1.549496561993879240e+01,1.546784851485353585e+01,1.544074489789873894e+01,1.541373170096184353e+01,1.538680763601568557e+01,1.535997136417238984e+01,1.533322141437160724e+01,1.530655618592028766e+01,1.527997506862966048e+01,1.525347695444846252e+01,1.522706055790192003e+01,1.520072471562862404e+01,1.517446810270398672e+01,1.514828970527341490e+01,1.512218868926287207e+01,1.509616411820070425e+01,1.507021484074970630e+01,1.504433950192556679e+01,1.501862797833253893e+01,1.499289424004809135e+01,0.000000000000000000e+00,0.000000000000000000e+00,0.000000000000000000e+00,0.000000000000000000e+00,0.000000000000000000e+00,0.000000000000000000e+00,0.000000000000000000e+00,0.000000000000000000e+00,0.000000000000000000e+00,0.000000000000000000e+00,0.000000000000000000e+00,0.000000000000000000e+00,0.000000000000000000e+00,0.000000000000000000e+00,0.000000000000000000e+00,0.000000000000000000e+00,0.000000000000000000e+00,0.000000000000000000e+00,0.000000000000000000e+00,0.000000000000000000e+00
1.548159468199177269e+01,1.545451709028375475e+01,1.542745279043418805e+01,1.540047814566537809e+01,1.537359181541894060e+01,1.534679236563421334e+01,1.532007832455830787e+01,1.529344859115843747e+01,1.526690227246792375e+01,1.524043819367162200e+01,1.521405507467690654e+01,1.518775161651429428e+01,1.516152698155984169e+01,1.513537990664851129e+01,1.510930962300849245e+01,1.508331503913151650e+01,1.505739495619835822e+01,1.503154851578035434e+01,1.500586340934063223e+01,1.498015662140923254e+01,0.000000000000000000e+00,0.000000000000000000e+00,0.000000000000000000e+00,0.000000000000000000e+00,0.000000000000000000e+00,0.000000000000000000e+00,0.000000000000000000e+00,0.000000000000000000e+00,0.000000000000000000e+00,0.000000000000000000e+00,0.000000000000000000e+00,0.000000000000000000e+00,0.000000000000000000e+00,0.000000000000000000e+00,0.000000000000000000e+00,0.000000000000000000e+00,0.000000000000000000e+00,0.000000000000000000e+00,0.000000000000000000e+00,0.000000000000000000e+00
1.546819227473571701e+01,1.544115363155189158e+01,1.541412816567370037e+01,1.538719155343553524e+01,1.536034238412506703e+01,1.533357909317073187e+01,1.530690079793160585e+01,1.528030608970526671e+01,1.525379409317399571e+01,1.522736355230907179e+01,1.520101305430674010e+01,1.517474181471552441e+01,1.514854874310560540e+01,1.512243259744737145e+01,1.509639254809040843e+01,1.507042737855692671e+01,1.504453638627499501e+01,1.501880945813930879e+01,1.499305872725211231e+01,1.496737881983320939e+01,0.000000000000000000e+00,0.000000000000000000e+00,0.000000000000000000e+00,0.000000000000000000e+00,0.000000000000000000e+00,0.000000000000000000e+00,0.000000000000000000e+00,0.000000000000000000e+00,0.000000000000000000e+00,0.000000000000000000e+00,0.000000000000000000e+00,0.000000000000000000e+00,0.000000000000000000e+00,0.000000000000000000e+00,0.000000000000000000e+00,0.000000000000000000e+00,0.000000000000000000e+00,0.000000000000000000e+00,0.000000000000000000e+00,0.000000000000000000e+00
1.545475805753158838e+01,1.542775782401362505e+01,1.540077070061940923e+01,1.537387160039789080e+01,1.534705881412953232e+01,1.532033152808232757e+01,1.529368852691755620e+01,1.526712838774536785e+01,1.524065021161337441e+01,1.521425252705139641e+01,1.518793446646250445e+01,1.516169508550332345e+01,1.513553312532466499e+01,1.510944744948355734e+01,1.508343702678611464e+01,1.505750117655374609e+01,1.503163891030571442e+01,1.500593763521959012e+01,1.498021371155685699e+01,1.495456127666483681e+01,0.000000000000000000e+00,0.000000000000000000e+00,0.000000000000000000e+00,0.000000000000000000e+00,0.000000000000000000e+00,0.000000000000000000e+00,0.000000000000000000e+00,0.000000000000000000e+00,0.000000000000000000e+00,0.000000000000000000e+00,0.000000000000000000e+00,0.000000000000000000e+00,0.000000000000000000e+00,0.000000000000000000e+00,0.000000000000000000e+00,0.000000000000000000e+00,0.000000000000000000e+00,0.000000000000000000e+00,0.000000000000000000e+00,0.000000000000000000e+00
1.544129169144237324e+01,1.541432938115389994e+01,1.538738008439863947e+01,1.536051760510392405e+01,1.533374112936031608e+01,1.530704940361917821e+01,1.528044120081537116e+01,1.525391518620539344e+01,1.522747013360152124e+01,1.520110505938173162e+01,1.517481911322520283e+01,1.514861109314237986e+01,1.512247982884131048e+01,1.509642396429915223e+01,1.507044307777724335e+01,1.504453617190056569e+01,1.501879347172902435e+01,1.499302547932766316e+01,1.496732917149127395e+01,1.494170332385260025e+01,0.000000000000000000e+00,0.000000000000000000e+00,0.000000000000000000e+00,0.000000000000000000e+00,0.000000000000000000e+00,0.000000000000000000e+00,0.000000000000000000e+00,0.000000000000000000e+00,0.000000000000000000e+00,0.000000000000000000e+00,0.000000000000000000e+00,0.000000000000000000e+00,0.000000000000000000e+00,0.000000000000000000e+00,0.000000000000000000e+00,0.000000000000000000e+00,0.000000000000000000e+00,0.000000000000000000e+00,0.000000000000000000e+00,0.000000000000000000e+00
1.542779286134237715e+01,1.540086798490298570e+01,1.537395560930196581e+01,1.534712970945614252e+01,1.532038905833570297e+01,1.529373242803121968e+01,1.526715855856087778e+01,1.524066594465026547e+01,1.521425369901010072e+01,1.518792099879189195e+01,1.516166667315749095e+01,1.513548962687841559e+01,1.510938828535898182e+01,1.508336220541148975e+01,1.505741051210739911e+01,1.503162571062420483e+01,1.500581400981978497e+01,1.498007380543455369e+01,1.495440440255606340e+01,1.492880313167405504e+01,0.000000000000000000e+00,0.000000000000000000e+00,0.000000000000000000e+00,0.000000000000000000e+00,0.000000000000000000e+00,0.000000000000000000e+00,0.000000000000000000e+00,0.000000000000000000e+00,0.000000000000000000e+00,0.000000000000000000e+00,0.000000000000000000e+00,0.000000000000000000e+00,0.000000000000000000e+00,0.000000000000000000e+00,0.000000000000000000e+00,0.000000000000000000e+00,0.000000000000000000e+00,0.000000000000000000e+00,0.000000000000000000e+00,0.000000000000000000e+00
1.541426127328387707e+01,1.538737295447378806e+01,1.536049741076398156e+01,1.533370760671171240e+01,1.530700230586221089e+01,1.528038030483725862e+01,1.525384010661257506e+01,1.522738048993090487e+01,1.520100084591368628e+01,1.517470003919004284e+01,1.514847689597377212e+01,1.512232999973550385e+01,1.509625866393853499e+01,1.507026196800752516e+01,1.504433892126113825e+01,1.501857896037100915e+01,1.499279531121129772e+01,1.496708222648335962e+01,1.494143750939998583e+01,1.491586202965457275e+01,0.000000000000000000e+00,0.000000000000000000e+00,0.000000000000000000e+00,0.000000000000000000e+00,0.000000000000000000e+00,0.000000000000000000e+00,0.000000000000000000e+00,0.000000000000000000e+00,0.000000000000000000e+00,0.000000000000000000e+00,0.000000000000000000e+00,0.000000000000000000e+00,0.000000000000000000e+00,0.000000000000000000e+00,0.000000000000000000e+00,0.000000000000000000e+00,0.000000000000000000e+00,0.000000000000000000e+00,0.000000000000000000e+00,0.000000000000000000e+00
1.540069625207915038e+01,1.537384433216612756e+01,1.534700516872274001e+01,1.532025100395937400e+01,1.529358058446183577e+01,1.526699260900604571e+01,1.524048551470780666e+01,1.521405875998884127e+01,1.518771127529681308e+01,1.516144186735187738e+01,1.513524912839719327e+01,1.510913247391518865e+01,1.508309066230445694e+01,1.505712291037812811e+01,1.503132092369152595e+01,1.500549304364972159e+01,1.497973687308220647e+01,1.495404844926663834e+01,1.492842996024800684e+01,1.490288023848288468e+01,0.000000000000000000e+00,0.000000000000000000e+00,0.000000000000000000e+00,0.000000000000000000e+00,0.000000000000000000e+00,0.000000000000000000e+00,0.000000000000000000e+00,0.000000000000000000e+00,0.000000000000000000e+00,0.000000000000000000e+00,0.000000000000000000e+00,0.000000000000000000e+00,0.000000000000000000e+00,0.000000000000000000e+00,0.000000000000000000e+00,0.000000000000000000e+00,0.000000000000000000e+00,0.000000000000000000e+00,0.000000000000000000e+00,0.000000000000000000e+00
1.538709778903193026e+01,1.536028188003538908e+01,1.533347862430949249e+01,1.530675959862275626e+01,1.528012350043317014e+01,1.525356884489713849e+01,1.522709484754223297e+01,1.520070048441865040e+01,1.517438464804319942e+01,1.514814585913052980e+01,1.512198357363514489e+01,1.509589667213463393e+01,1.506988403481227223e+01,1.504394433463859215e+01,1.501816768730569862e+01,1.499236772320230848e+01,1.496663613979577434e+01,1.494097450492239076e+01,1.491538153087849494e+01,1.488985441260803100e+01,0.000000000000000000e+00,0.000000000000000000e+00,0.000000000000000000e+00,0.000000000000000000e+00,0.000000000000000000e+00,0.000000000000000000e+00,0.000000000000000000e+00,0.000000000000000000e+00,0.000000000000000000e+00,0.000000000000000000e+00,0.000000000000000000e+00,0.000000000000000000e+00,0.000000000000000000e+00,0.000000000000000000e+00,0.000000000000000000e+00,0.000000000000000000e+00,0.000000000000000000e+00,0.000000000000000000e+00,0.000000000000000000e+00,0.000000000000000000e+00
1.537346570631238585e+01,1.534668529798994996e+01,1.531991746727821457e+01,1.529323304637997971e+01,1.526663049245915360e+01,1.524010917518995001e+01,1.521366778905020745e+01,1.518730534528635800e+01,1.516102032814999490e+01,1.513481223601821846e+01,1.510867992699711060e+01,1.508262242141950438e+01,1.505663805283728252e+01,1.503081936036031863e+01,1.500497520326655021e+01,1.497920028084114819e+01,1.495349536972977589e+01,1.492785933071050053e+01,1.490228957460138659e+01,1.487678629285125709e+01,0.000000000000000000e+00,0.000000000000000000e+00,0.000000000000000000e+00,0.000000000000000000e+00,0.000000000000000000e+00,0.000000000000000000e+00,0.000000000000000000e+00,0.000000000000000000e+00,0.000000000000000000e+00,0.000000000000000000e+00,0.000000000000000000e+00,0.000000000000000000e+00,0.000000000000000000e+00,0.000000000000000000e+00,0.000000000000000000e+00,0.000000000000000000e+00,0.000000000000000000e+00,0.000000000000000000e+00,0.000000000000000000e+00,0.000000000000000000e+00
1.535979965907677069e+01,1.533305429357739413e+01,1.530632137183143016e+01,1.527967071026532153e+01,1.525310171821106664e+01,1.522661329657826101e+01,1.520020406151546588e+01,1.517387264232050725e+01,1.514761853583669904e+01,1.512144067454740792e+01,1.509533796759252056e+01,1.506930890306043835e+01,1.504344814134884700e+01,1.501755963219133783e+01,1.499174099269161964e+01,1.496599266355939051e+01,1.494031374310892701e+01,1.491470091846062118e+01,1.488915482958835668e+01,1.486367812664677679e+01,0.000000000000000000e+00,0.000000000000000000e+00,0.000000000000000000e+00,0.000000000000000000e+00,0.000000000000000000e+00,0.000000000000000000e+00,0.000000000000000000e+00,0.000000000000000000e+00,0.000000000000000000e+00,0.000000000000000000e+00,0.000000000000000000e+00,0.000000000000000000e+00,0.000000000000000000e+00,0.000000000000000000e+00,0.000000000000000000e+00,0.000000000000000000e+00,0.000000000000000000e+00,0.000000000000000000e+00,0.000000000000000000e+00,0.000000000000000000e+00
1.534609937885363529e+01,1.531938856416904926e+01,1.529268961135944593e+01,1.526607275566983546e+01,1.523953691895776785e+01,1.521308088169591421e+01,1.518670290883978780e+01,1.516040259051879069e+01,1.513417901683373934e+01,1.510803091628396899e+01,1.508195687736284185e+01,1.505595643596559974e+01,1.503012110679380697e+01,1.500425858855593475e+01,1.497846638749067338e+01,1.495274476664581087e+01,1.492708869535676364e+01,1.490149972790416122e+01,1.487598057798842888e+01,1.485052750162300761e+01,0.000000000000000000e+00,0.000000000000000000e+00,0.000000000000000000e+00,0.000000000000000000e+00,0.000000000000000000e+00,0.000000000000000000e+00,0.000000000000000000e+00,0.000000000000000000e+00,0.000000000000000000e+00,0.000000000000000000e+00,0.000000000000000000e+00,0.000000000000000000e+00,0.000000000000000000e+00,0.000000000000000000e+00,0.000000000000000000e+00,0.000000000000000000e+00,0.000000000000000000e+00,0.000000000000000000e+00,0.000000000000000000e+00,0.000000000000000000e+00
1.533236455378228058e+01,1.530568730450566406e+01,1.527902240724671756e+01,1.525243895148458506e+01,1.522593579622934712e+01,1.519951124354187222e+01,1.517316452625778744e+01,1.514689502160201506e+01,1.512070139316189099e+01,1.509458217977612193e+01,1.506853705260190779e+01,1.504265973018602409e+01,1.501675310982637512e+01,1.499091693224054112e+01,1.496515185640608436e+01,1.493945307122346122e+01,1.491382105623135601e+01,1.488825908848192192e+01,1.486276406865304089e+01,1.483733672768318890e+01,0.000000000000000000e+00,0.000000000000000000e+00,0.000000000000000000e+00,0.000000000000000000e+00,0.000000000000000000e+00,0.000000000000000000e+00,0.000000000000000000e+00,0.000000000000000000e+00,0.000000000000000000e+00,0.000000000000000000e+00,0.000000000000000000e+00,0.000000000000000000e+00,0.000000000000000000e+00,0.000000000000000000e+00,0.000000000000000000e+00,0.000000000000000000e+00,0.000000000000000000e+00,0.000000000000000000e+00,0.000000000000000000e+00,0.000000000000000000e+00
1.531859438408940122e+01,1.529195079284483505e+01,1.526531952135570158e+01,1.523876899949189578e+01,1.521229766119201088e+01,1.518590445768051467e+01,1.515958880245775475e+01,1.513334950240731125e+01,1.510718493793544326e+01,1.508109488042901347e+01,1.505517545115318967e+01,1.502922468056198824e+01,1.500334439372522866e+01,1.497753569845079724e+01,1.495179373561146718e+01,1.492611894488927859e+01,1.490051394984156019e+01,1.487497638279048928e+01,1.484950722926983246e+01,1.482410478477866889e+01,0.000000000000000000e+00,0.000000000000000000e+00,0.000000000000000000e+00,0.000000000000000000e+00,0.000000000000000000e+00,0.000000000000000000e+00,0.000000000000000000e+00,0.000000000000000000e+00,0.000000000000000000e+00,0.000000000000000000e+00,0.000000000000000000e+00,0.000000000000000000e+00,0.000000000000000000e+00,0.000000000000000000e+00,0.000000000000000000e+00,0.000000000000000000e+00,0.000000000000000000e+00,0.000000000000000000e+00,0.000000000000000000e+00,0.000000000000000000e+00
1.530478912079570364e+01,1.527817875256612723e+01,1.525158066722596395e+01,1.522506227943748591e+01,1.519862244125821071e+01,1.517226049854694914e+01,1.514597535135044026e+01,1.511976525920717407e+01,1.509363010173967368e+01,1.506756868855356579e+01,1.504167338661130060e+01,1.501574886686131904e+01,1.498989641444117638e+01,1.496411097769523835e+01,1.493839322482659071e+01,1.491274524365076459e+01,1.488716498601995397e+01,1.486165378857162978e+01,1.483620933873244851e+01,1.481082998902333969e+01,0.000000000000000000e+00,0.000000000000000000e+00,0.000000000000000000e+00,0.000000000000000000e+00,0.000000000000000000e+00,0.000000000000000000e+00,0.000000000000000000e+00,0.000000000000000000e+00,0.000000000000000000e+00,0.000000000000000000e+00,0.000000000000000000e+00,0.000000000000000000e+00,0.000000000000000000e+00,0.000000000000000000e+00,0.000000000000000000e+00,0.000000000000000000e+00,0.000000000000000000e+00,0.000000000000000000e+00,0.000000000000000000e+00,0.000000000000000000e+00
1.529094849117281818e+01,1.526437092072279356e+01,1.523780525097704874e+01,1.521131853290543745e+01,1.518491022135327029e+01,1.515857903435137288e+01,1.513232326063088884e+01,1.510614282941414466e+01,1.508003650102739002e+01,1.505409886685908205e+01,1.502813045569441641e+01,1.500223401905765108e+01,1.497640500346033932e+01,1.495064373274600911e+01,1.492495307079693845e+01,1.489932995630292822e+01,1.487377625980817619e+01,1.484829001676930815e+01,1.482286875646368074e+01,1.479750941335614556e+01,0.000000000000000000e+00,0.000000000000000000e+00,0.000000000000000000e+00,0.000000000000000000e+00,0.000000000000000000e+00,0.000000000000000000e+00,0.000000000000000000e+00,0.000000000000000000e+00,0.000000000000000000e+00,0.000000000000000000e+00,0.000000000000000000e+00,0.000000000000000000e+00,0.000000000000000000e+00,0.000000000000000000e+00,0.000000000000000000e+00,0.000000000000000000e+00,0.000000000000000000e+00,0.000000000000000000e+00,0.000000000000000000e+00,0.000000000000000000e+00
1.527707224154391241e+01,1.525052672415203503e+01,1.522399295277720555e+01,1.519753796340580010e+01,1.517116067395491896e+01,1.514485905618376727e+01,1.511863312432319262e+01,1.509248173789659830e+01,1.506650168008765434e+01,1.504048888154067143e+01,1.501454851530761836e+01,1.498867590180280551e+01,1.496287096762663005e+01,1.493713720489464336e+01,1.491147138448344833e+01,1.488587494411321011e+01,1.486034689627948424e+01,1.483488354729228398e+01,1.480948258592141364e+01,1.478678621873616095e+01,0.000000000000000000e+00,0.000000000000000000e+00,0.000000000000000000e+00,0.000000000000000000e+00,0.000000000000000000e+00,0.000000000000000000e+00,0.000000000000000000e+00,0.000000000000000000e+00,0.000000000000000000e+00,0.000000000000000000e+00,0.000000000000000000e+00,0.000000000000000000e+00,0.000000000000000000e+00,0.000000000000000000e+00,0.000000000000000000e+00,0.000000000000000000e+00,0.000000000000000000e+00,0.000000000000000000e+00,0.000000000000000000e+00,0.000000000000000000e+00
1.526315980746274903e+01,1.523664582218299124e+01,1.521014396518788558e+01,1.518372025691036242e+01,1.515737276338130890e+01,1.513110114221530367e+01,1.510490452485038304e+01,1.507888193750820349e+01,1.505282447843650218e+01,1.502684005997577010e+01,1.500092367226701029e+01,1.497507502737721552e+01,1.494929787018014267e+01,1.492358929908518661e+01,1.489795012230038651e+01,1.487237974239019778e+01,1.484687445523426419e+01,1.482143172584456714e+01,1.479870609227238809e+01,1.477602483991833537e+01,0.000000000000000000e+00,0.000000000000000000e+00,0.000000000000000000e+00,0.000000000000000000e+00,0.000000000000000000e+00,0.000000000000000000e+00,0.000000000000000000e+00,0.000000000000000000e+00,0.000000000000000000e+00,0.000000000000000000e+00,0.000000000000000000e+00,0.000000000000000000e+00,0.000000000000000000e+00,0.000000000000000000e+00,0.000000000000000000e+00,0.000000000000000000e+00,0.000000000000000000e+00,0.000000000000000000e+00,0.000000000000000000e+00,0.000000000000000000e+00
1.524921082825417606e+01,1.522272834755729853e+01,1.519625801090969652e+01,1.516986441035373545e+01,1.514354699902311019e+01,1.511730497934682482e+01,1.509113685440806307e+01,1.506513745561963269e+01,1.503910858533698303e+01,1.501314853911256542e+01,1.498725601288152731e+01,1.496143526984528904e+01,1.493568356736772174e+01,1.491000177327867426e+01,1.488438882862650381e+01,1.485884156023726277e+01,1.483335692073202239e+01,1.481060190217394990e+01,1.478789145712467601e+01,1.531606045980539932e+01,0.000000000000000000e+00,0.000000000000000000e+00,0.000000000000000000e+00,0.000000000000000000e+00,0.000000000000000000e+00,0.000000000000000000e+00,0.000000000000000000e+00,0.000000000000000000e+00,0.000000000000000000e+00,0.000000000000000000e+00,0.000000000000000000e+00,0.000000000000000000e+00,0.000000000000000000e+00,0.000000000000000000e+00,0.000000000000000000e+00,0.000000000000000000e+00,0.000000000000000000e+00,0.000000000000000000e+00,0.000000000000000000e+00,0.000000000000000000e+00
1.523522543864756429e+01,1.520877408386061092e+01,1.518233413548549748e+01,1.515597080409246900e+01,1.512968321998368992e+01,1.510346988664380063e+01,1.507742792620438266e+01,1.505135443154788533e+01,1.502535036262668200e+01,1.499941402510714994e+01,1.497354954562900708e+01,1.494775447228593634e+01,1.492202998440329509e+01,1.489637432438423303e+01,1.487078494775867910e+01,1.484525825394989518e+01,1.482247373652536204e+01,1.479973398118393391e+01,1.533041182036460626e+01,1.524708724109553160e+01,0.000000000000000000e+00,0.000000000000000000e+00,0.000000000000000000e+00,0.000000000000000000e+00,0.000000000000000000e+00,0.000000000000000000e+00,0.000000000000000000e+00,0.000000000000000000e+00,0.000000000000000000e+00,0.000000000000000000e+00,0.000000000000000000e+00,0.000000000000000000e+00,0.000000000000000000e+00,0.000000000000000000e+00,0.000000000000000000e+00,0.000000000000000000e+00,0.000000000000000000e+00,0.000000000000000000e+00,0.000000000000000000e+00,0.000000000000000000e+00
1.522120341696422052e+01,1.519478211877513729e+01,1.516837259101355073e+01,1.514203936767296987e+01,1.511578062695976143e+01,1.508969600423058210e+01,1.506357765947933558e+01,1.503752938155840724e+01,1.501154916892220115e+01,1.498564074146673164e+01,1.495980217182156480e+01,1.493403471017115081e+01,1.490833632255888652e+01,1.488270470565062986e+01,1.485713580725093585e+01,1.483432167909611010e+01,1.481155249992574596e+01,1.534474195467144142e+01,1.526170192478658549e+01,1.523494892908095366e+01,0.000000000000000000e+00,0.000000000000000000e+00,0.000000000000000000e+00,0.000000000000000000e+00,0.000000000000000000e+00,0.000000000000000000e+00,0.000000000000000000e+00,0.000000000000000000e+00,0.000000000000000000e+00,0.000000000000000000e+00,0.000000000000000000e+00,0.000000000000000000e+00,0.000000000000000000e+00,0.000000000000000000e+00,0.000000000000000000e+00,0.000000000000000000e+00,0.000000000000000000e+00,0.000000000000000000e+00,0.000000000000000000e+00,0.000000000000000000e+00
1.520714387997486838e+01,1.518075257311396697e+01,1.515437346120267037e+01,1.512806921232623836e+01,1.510194181018870552e+01,1.507577840529180691e+01,1.504968580596131389e+01,1.502366125986832657e+01,1.499770895488346412e+01,1.497182677112239801e+01,1.494601601255408774e+01,1.492027491785252735e+01,1.489460080957189803e+01,1.486898966887425644e+01,1.484614581385144305e+01,1.482334709802438866e+01,1.535905146947307998e+01,1.527629009696241624e+01,1.524949435478602666e+01,1.522277513106068625e+01,0.000000000000000000e+00,0.000000000000000000e+00,0.000000000000000000e+00,0.000000000000000000e+00,0.000000000000000000e+00,0.000000000000000000e+00,0.000000000000000000e+00,0.000000000000000000e+00,0.000000000000000000e+00,0.000000000000000000e+00,0.000000000000000000e+00,0.000000000000000000e+00,0.000000000000000000e+00,0.000000000000000000e+00,0.000000000000000000e+00,0.000000000000000000e+00,0.000000000000000000e+00,0.000000000000000000e+00,0.000000000000000000e+00,0.000000000000000000e+00
1.519304687512194008e+01,1.516668563214860299e+01,1.514033575289127498e+01,1.511416546744323242e+01,1.508795680240942971e+01,1.506181973439318256e+01,1.503575061291862980e+01,1.500975434592869462e+01,1.498382835112914435e+01,1.495797415472279113e+01,1.493219022205693847e+01,1.490647332125647218e+01,1.488081988765608088e+01,1.485794622938750642e+01,1.483511786128237020e+01,1.537334053759991903e+01,1.529085199918897864e+01,1.526401321048102844e+01,1.523725141053411747e+01,1.521045583086791098e+01,0.000000000000000000e+00,0.000000000000000000e+00,0.000000000000000000e+00,0.000000000000000000e+00,0.000000000000000000e+00,0.000000000000000000e+00,0.000000000000000000e+00,0.000000000000000000e+00,0.000000000000000000e+00,0.000000000000000000e+00,0.000000000000000000e+00,0.000000000000000000e+00,0.000000000000000000e+00,0.000000000000000000e+00,0.000000000000000000e+00,0.000000000000000000e+00,0.000000000000000000e+00,0.000000000000000000e+00,0.000000000000000000e+00,0.000000000000000000e+00
1.517891266009065632e+01,1.515258031232649927e+01,1.512625922027527992e+01,1.510011299729731959e+01,1.507393128607948718e+01,1.504781736075620024e+01,1.502177677425974345e+01,1.499580703030822981e+01,1.496990924380262911e+01,1.494408233857132906e+01,1.491832245610821239e+01,1.489262645446748579e+01,1.486972298236876355e+01,1.484686487888990669e+01,1.538760929184988591e+01,1.530538805883261944e+01,1.527850571077254571e+01,1.525170105461901926e+01,1.522486281077800285e+01,1.519810477273298943e+01,0.000000000000000000e+00,0.000000000000000000e+00,0.000000000000000000e+00,0.000000000000000000e+00,0.000000000000000000e+00,0.000000000000000000e+00,0.000000000000000000e+00,0.000000000000000000e+00,0.000000000000000000e+00,0.000000000000000000e+00,0.000000000000000000e+00,0.000000000000000000e+00,0.000000000000000000e+00,0.000000000000000000e+00,0.000000000000000000e+00,0.000000000000000000e+00,0.000000000000000000e+00,0.000000000000000000e+00,0.000000000000000000e+00,0.000000000000000000e+00
1.516474025716675200e+01,1.513843631430985859e+01,1.511224709895427409e+01,1.508602058351382702e+01,1.505986162653952221e+01,1.503377656899839643e+01,1.500776293921627591e+01,1.498182136909359841e+01,1.495595117157825982e+01,1.493014833081894821e+01,1.490440961268384079e+01,1.488147605407897700e+01,1.485858821500083948e+01,1.540185706479758565e+01,1.531989837623236284e+01,1.529297228618643700e+01,1.526612425790636252e+01,1.523924306877733770e+01,1.521244257453404813e+01,1.518572166429282433e+01,0.000000000000000000e+00,0.000000000000000000e+00,0.000000000000000000e+00,0.000000000000000000e+00,0.000000000000000000e+00,0.000000000000000000e+00,0.000000000000000000e+00,0.000000000000000000e+00,0.000000000000000000e+00,0.000000000000000000e+00,0.000000000000000000e+00,0.000000000000000000e+00,0.000000000000000000e+00,0.000000000000000000e+00,0.000000000000000000e+00,0.000000000000000000e+00,0.000000000000000000e+00,0.000000000000000000e+00,0.000000000000000000e+00,0.000000000000000000e+00
1.515052926056057814e+01,1.512435922586669257e+01,1.509808773818149064e+01,1.507188352956370458e+01,1.504575386732133424e+01,1.501969610076944051e+01,1.499371063642144009e+01,1.496779697803500042e+01,1.494195105813096092e+01,1.491616946555411971e+01,1.489320569209827028e+01,1.487028784172576934e+01,1.541608449713629980e+01,1.533438307027570247e+01,1.530741305699098120e+01,1.528052146264997546e+01,1.525359678197562019e+01,1.522675360043861659e+01,1.519999037724320701e+01,1.517330609276994480e+01,0.000000000000000000e+00,0.000000000000000000e+00,0.000000000000000000e+00,0.000000000000000000e+00,0.000000000000000000e+00,0.000000000000000000e+00,0.000000000000000000e+00,0.000000000000000000e+00,0.000000000000000000e+00,0.000000000000000000e+00,0.000000000000000000e+00,0.000000000000000000e+00,0.000000000000000000e+00,0.000000000000000000e+00,0.000000000000000000e+00,0.000000000000000000e+00,0.000000000000000000e+00,0.000000000000000000e+00,0.000000000000000000e+00,0.000000000000000000e+00
1.513638750653795029e+01,1.511013274231136094e+01,1.508388322054100961e+01,1.505770878971548754e+01,1.503160660152512840e+01,1.500557718796202522e+01,1.497961990488774120e+01,1.495373074813981518e+01,1.492790612500505176e+01,1.490491199985591919e+01,1.488196401096325872e+01,1.543029178371291721e+01,1.534884178251260245e+01,1.532182815665225917e+01,1.529489279827115489e+01,1.526792441651216414e+01,1.524103796873042604e+01,1.521423235357185177e+01,1.518750588020099812e+01,1.516085784046271279e+01,0.000000000000000000e+00,0.000000000000000000e+00,0.000000000000000000e+00,0.000000000000000000e+00,0.000000000000000000e+00,0.000000000000000000e+00,0.000000000000000000e+00,0.000000000000000000e+00,0.000000000000000000e+00,0.000000000000000000e+00,0.000000000000000000e+00,0.000000000000000000e+00,0.000000000000000000e+00,0.000000000000000000e+00,0.000000000000000000e+00,0.000000000000000000e+00,0.000000000000000000e+00,0.000000000000000000e+00,0.000000000000000000e+00,0.000000000000000000e+00
1.512209438007267970e+01,1.509586082124971007e+01,1.506964145650961839e+01,1.504349467325894096e+01,1.501742117603024695e+01,1.499142007052553893e+01,1.496548751726745685e+01,1.493961970286917129e+01,1.491659509021603824e+01,1.489361682577372292e+01,1.544447910024821624e+01,1.536327518553846616e+01,1.533621717750347813e+01,1.530923840966123883e+01,1.528222612536522185e+01,1.525529617480369993e+01,1.522844751835033961e+01,1.520167896579201461e+01,1.517498878899727544e+01,1.514837668766498879e+01,0.000000000000000000e+00,0.000000000000000000e+00,0.000000000000000000e+00,0.000000000000000000e+00,0.000000000000000000e+00,0.000000000000000000e+00,0.000000000000000000e+00,0.000000000000000000e+00,0.000000000000000000e+00,0.000000000000000000e+00,0.000000000000000000e+00,0.000000000000000000e+00,0.000000000000000000e+00,0.000000000000000000e+00,0.000000000000000000e+00,0.000000000000000000e+00,0.000000000000000000e+00,0.000000000000000000e+00,0.000000000000000000e+00,0.000000000000000000e+00
1.510775575046197972e+01,1.508155199369375055e+01,1.505536043086084241e+01,1.502924269465683693e+01,1.500319759494670180e+01,1.497722148217621196e+01,1.495131031417760070e+01,1.492825507521214234e+01,1.490524640002564816e+01,1.545864652689519048e+01,1.537768346936407582e+01,1.535058080949677617e+01,1.532355785709754414e+01,1.529650201947424826e+01,1.526952838573276949e+01,1.524263644012852126e+01,1.521582512454209990e+01,1.518909304647111291e+01,1.516243893375805207e+01,1.513586234501596373e+01,0.000000000000000000e+00,0.000000000000000000e+00,0.000000000000000000e+00,0.000000000000000000e+00,0.000000000000000000e+00,0.000000000000000000e+00,0.000000000000000000e+00,0.000000000000000000e+00,0.000000000000000000e+00,0.000000000000000000e+00,0.000000000000000000e+00,0.000000000000000000e+00,0.000000000000000000e+00,0.000000000000000000e+00,0.000000000000000000e+00,0.000000000000000000e+00,0.000000000000000000e+00,0.000000000000000000e+00,0.000000000000000000e+00,0.000000000000000000e+00
1.509338039086142835e+01,1.506720395741052521e+01,1.504104172251888016e+01,1.501495258287660661e+01,1.498893276027304111e+01,1.496297807543611569e+01,1.493989207047735768e+01,1.491685284642174736e+01,1.547279357991900994e+01,1.539206675344789943e+01,1.536491923795895076e+01,1.533785183926903883e+01,1.531075172142478635e+01,1.528373470462446804e+01,1.525679928946618880e+01,1.522994491386229043e+01,1.520317027192647075e+01,1.517647446142546741e+01,1.514985601989826591e+01,1.512331450414674450e+01,0.000000000000000000e+00,0.000000000000000000e+00,0.000000000000000000e+00,0.000000000000000000e+00,0.000000000000000000e+00,0.000000000000000000e+00,0.000000000000000000e+00,0.000000000000000000e+00,0.000000000000000000e+00,0.000000000000000000e+00,0.000000000000000000e+00,0.000000000000000000e+00,0.000000000000000000e+00,0.000000000000000000e+00,0.000000000000000000e+00,0.000000000000000000e+00,0.000000000000000000e+00,0.000000000000000000e+00,0.000000000000000000e+00,0.000000000000000000e+00
1.507896590183020180e+01,1.505281850159126833e+01,1.502668516020381695e+01,1.500062147002192425e+01,1.497462310726076318e+01,1.495150619333668374e+01,1.492843628106839660e+01,1.548692078022710561e+01,1.540642530467574645e+01,1.537923260614340748e+01,1.535212053287082412e+01,1.532497584352735842e+01,1.529791481713696299e+01,1.527093619756750087e+01,1.524403854240745027e+01,1.521722110037769227e+01,1.519048291274441809e+01,1.516382294603903702e+01,1.513723976020622430e+01,1.511073286411475713e+01,0.000000000000000000e+00,0.000000000000000000e+00,0.000000000000000000e+00,0.000000000000000000e+00,0.000000000000000000e+00,0.000000000000000000e+00,0.000000000000000000e+00,0.000000000000000000e+00,0.000000000000000000e+00,0.000000000000000000e+00,0.000000000000000000e+00,0.000000000000000000e+00,0.000000000000000000e+00,0.000000000000000000e+00,0.000000000000000000e+00,0.000000000000000000e+00,0.000000000000000000e+00,0.000000000000000000e+00,0.000000000000000000e+00,0.000000000000000000e+00
1.506451423459503047e+01,1.503839546492492474e+01,1.501228766882725196e+01,1.498624552892305140e+01,1.496309756425052484e+01,1.493999682162074549e+01,1.550102842452814400e+01,1.542075909498542430e+01,1.539352113563293223e+01,1.536636410794429075e+01,1.533917459016997142e+01,1.531206924639778855e+01,1.528504686256247425e+01,1.525810619014745839e+01,1.523124567905040294e+01,1.520446486932775443e+01,1.517776275935704078e+01,1.515113821554695406e+01,1.512458986742976741e+01,1.509811717539465548e+01,0.000000000000000000e+00,0.000000000000000000e+00,0.000000000000000000e+00,0.000000000000000000e+00,0.000000000000000000e+00,0.000000000000000000e+00,0.000000000000000000e+00,0.000000000000000000e+00,0.000000000000000000e+00,0.000000000000000000e+00,0.000000000000000000e+00,0.000000000000000000e+00,0.000000000000000000e+00,0.000000000000000000e+00,0.000000000000000000e+00,0.000000000000000000e+00,0.000000000000000000e+00,0.000000000000000000e+00,0.000000000000000000e+00,0.000000000000000000e+00
1.505002525481031839e+01,1.502393148954481639e+01,1.499784543646333645e+01,1.497466630752073158e+01,1.495153458896748688e+01,1.551511666682259794e+01,1.543506806311748214e+01,1.540778487288590171e+01,1.538058274237701184e+01,1.535334815079558979e+01,1.532619821287166317e+01,1.529913172920707254e+01,1.527214755277258718e+01,1.524524420655340684e+01,1.521842052404147694e+01,1.519167598179492629e+01,1.516500950710881135e+01,1.513841997968454400e+01,1.511190601072627970e+01,1.508546694539509758e+01,0.000000000000000000e+00,0.000000000000000000e+00,0.000000000000000000e+00,0.000000000000000000e+00,0.000000000000000000e+00,0.000000000000000000e+00,0.000000000000000000e+00,0.000000000000000000e+00,0.000000000000000000e+00,0.000000000000000000e+00,0.000000000000000000e+00,0.000000000000000000e+00,0.000000000000000000e+00,0.000000000000000000e+00,0.000000000000000000e+00,0.000000000000000000e+00,0.000000000000000000e+00,0.000000000000000000e+00,0.000000000000000000e+00,0.000000000000000000e+00
1.503549533551022677e+01,1.500942298658341656e+01,1.498621254837666328e+01,1.496304970750141550e+01,1.552918567272133821e+01,1.544935273264873921e+01,1.542202368591411599e+01,1.539477654739492252e+01,1.536749666372661949e+01,1.534030189826037827e+01,1.531319107451975725e+01,1.528616300782652004e+01,1.525921648167944511e+01,1.523235001828619950e+01,1.520556282695237904e+01,1.517885414688683277e+01,1.515222286704335097e+01,1.512566794462148323e+01,1.509918779312117820e+01,1.507278207651245694e+01,0.000000000000000000e+00,0.000000000000000000e+00,0.000000000000000000e+00,0.000000000000000000e+00,0.000000000000000000e+00,0.000000000000000000e+00,0.000000000000000000e+00,0.000000000000000000e+00,0.000000000000000000e+00,0.000000000000000000e+00,0.000000000000000000e+00,0.000000000000000000e+00,0.000000000000000000e+00,0.000000000000000000e+00,0.000000000000000000e+00,0.000000000000000000e+00,0.000000000000000000e+00,0.000000000000000000e+00,0.000000000000000000e+00,0.000000000000000000e+00
1.502092108066431564e+01,1.499773638746711235e+01,1.497454230296590794e+01,1.554323547906523117e+01,1.546361333155648410e+01,1.543623814941670425e+01,1.540894533754217122e+01,1.538162032778192589e+01,1.535438047900067815e+01,1.532722506276498819e+01,1.530015286609807390e+01,1.527316271255123681e+01,1.524625328996365070e+01,1.521942347418227826e+01,1.519267232476713758e+01,1.516599907189735674e+01,1.513940256703782516e+01,1.511288165769016167e+01,1.508643502189938701e+01,1.506006237655421032e+01,0.000000000000000000e+00,0.000000000000000000e+00,0.000000000000000000e+00,0.000000000000000000e+00,0.000000000000000000e+00,0.000000000000000000e+00,0.000000000000000000e+00,0.000000000000000000e+00,0.000000000000000000e+00,0.000000000000000000e+00,0.000000000000000000e+00,0.000000000000000000e+00,0.000000000000000000e+00,0.000000000000000000e+00,0.000000000000000000e+00,0.000000000000000000e+00,0.000000000000000000e+00,0.000000000000000000e+00,0.000000000000000000e+00,0.000000000000000000e+00
1.500918116948161440e+01,1.498601250274456120e+01,1.555726585260529404e+01,1.547785002199957027e+01,1.545042843237280117e+01,1.542308969519000073e+01,1.539571886016235780e+01,1.536843414476334857e+01,1.534123386983520732e+01,1.531411730622848921e+01,1.528708328303756758e+01,1.526013038701610114e+01,1.523325784860311494e+01,1.520646422794914798e+01,1.517974872455102542e+01,1.515311046411670759e+01,1.512654822289082901e+01,1.510006087917535567e+01,1.507364752208060210e+01,1.504730754646186774e+01,0.000000000000000000e+00,0.000000000000000000e+00,0.000000000000000000e+00,0.000000000000000000e+00,0.000000000000000000e+00,0.000000000000000000e+00,0.000000000000000000e+00,0.000000000000000000e+00,0.000000000000000000e+00,0.000000000000000000e+00,0.000000000000000000e+00,0.000000000000000000e+00,0.000000000000000000e+00,0.000000000000000000e+00,0.000000000000000000e+00,0.000000000000000000e+00,0.000000000000000000e+00,0.000000000000000000e+00,0.000000000000000000e+00,0.000000000000000000e+00
1.499740404985666586e+01,1.557127711511329871e+01,1.549206305531990147e+01,1.546459473450486044e+01,1.543720982158647104e+01,1.540979287342755555e+01,1.538246260512309860e+01,1.535521765473487577e+01,1.532805650014804044e+01,1.530097832988516515e+01,1.527398174141371179e+01,1.524706599278057162e+01,1.522022988279626965e+01,1.519347202614122239e+01,1.516679172820346011e+01,1.514018794385930988e+01,1.511365944322817967e+01,1.508720551630918649e+01,1.506082500613226216e+01,1.503451726454111181e+01,0.000000000000000000e+00,0.000000000000000000e+00,0.000000000000000000e+00,0.000000000000000000e+00,0.000000000000000000e+00,0.000000000000000000e+00,0.000000000000000000e+00,0.000000000000000000e+00,0.000000000000000000e+00,0.000000000000000000e+00,0.000000000000000000e+00,0.000000000000000000e+00,0.000000000000000000e+00,0.000000000000000000e+00,0.000000000000000000e+00,0.000000000000000000e+00,0.000000000000000000e+00,0.000000000000000000e+00,0.000000000000000000e+00,0.000000000000000000e+00
1.558518676739205233e+01,1.550625264966441996e+01,1.547873727684173062e+01,1.545130587824098356e+01,1.542384256235739670e+01,1.539646644707087475e+01,1.536917625314819702e+01,1.534197059664023222e+01,1.531484805195643695e+01,1.528780753883155441e+01,1.526084829425202827e+01,1.523396921258093428e+01,1.520716905574869848e+01,1.518044657777149453e+01,1.515380101149463776e+01,1.512723110256471237e+01,1.510073620281306717e+01,1.507431528767248530e+01,1.504796721055707209e+01,1.502169110893672510e+01,0.000000000000000000e+00,0.000000000000000000e+00,0.000000000000000000e+00,0.000000000000000000e+00,0.000000000000000000e+00,0.000000000000000000e+00,0.000000000000000000e+00,0.000000000000000000e+00,0.000000000000000000e+00,0.000000000000000000e+00,0.000000000000000000e+00,0.000000000000000000e+00,0.000000000000000000e+00,0.000000000000000000e+00,0.000000000000000000e+00,0.000000000000000000e+00,0.000000000000000000e+00,0.000000000000000000e+00,0.000000000000000000e+00,0.000000000000000000e+00
1.552033856338858087e+01,1.549285628218158806e+01,1.546537806667186210e+01,1.543786813405478142e+01,1.541044587984602643e+01,1.538311009026229215e+01,1.535585948551963398e+01,1.532869264410929588e+01,1.530160795835546672e+01,1.527460495802692009e+01,1.524768262269680896e+01,1.522083971342678943e+01,1.519407511914265285e+01,1.516738757273076033e+01,1.514077607009105542e+01,1.511423990753638336e+01,1.508777822078884157e+01,1.506138991311991226e+01,1.503507362272342718e+01,1.500882894975509174e+01,0.000000000000000000e+00,0.000000000000000000e+00,0.000000000000000000e+00,0.000000000000000000e+00,0.000000000000000000e+00,0.000000000000000000e+00,0.000000000000000000e+00,0.000000000000000000e+00,0.000000000000000000e+00,0.000000000000000000e+00,0.000000000000000000e+00,0.000000000000000000e+00,0.000000000000000000e+00,0.000000000000000000e+00,0.000000000000000000e+00,0.000000000000000000e+00,0.000000000000000000e+00,0.000000000000000000e+00,0.000000000000000000e+00,0.000000000000000000e+00
1.550687236083412657e+01,1.547942663180452705e+01,1.545186974468803953e+01,1.542440110176553247e+01,1.539701944297021896e+01,1.536972348550187562e+01,1.534251198804313177e+01,1.531538318930206266e+01,1.528833617387145694e+01,1.526137031620501361e+01,1.523448441967203237e+01,1.520767721740777390e+01,1.518094778277068002e+01,1.515429443074614291e+01,1.512771686415218397e+01,1.510121409925676517e+01,1.507478521889762391e+01,1.504842889886583635e+01,1.502214410866052319e+01,1.499593067916351607e+01,0.000000000000000000e+00,0.000000000000000000e+00,0.000000000000000000e+00,0.000000000000000000e+00,0.000000000000000000e+00,0.000000000000000000e+00,0.000000000000000000e+00,0.000000000000000000e+00,0.000000000000000000e+00,0.000000000000000000e+00,0.000000000000000000e+00,0.000000000000000000e+00,0.000000000000000000e+00,0.000000000000000000e+00,0.000000000000000000e+00,0.000000000000000000e+00,0.000000000000000000e+00,0.000000000000000000e+00,0.000000000000000000e+00,0.000000000000000000e+00
1.549337291794771687e+01,1.546584760412752857e+01,1.543833232096428532e+01,1.541090449758285530e+01,1.538356292085271093e+01,1.535630631316572803e+01,1.532913324682295908e+01,1.530204212447331713e+01,1.527503248274101466e+01,1.524810329553158539e+01,1.522125332348761795e+01,1.519448145915749393e+01,1.516778641768246239e+01,1.514116723218644722e+01,1.511462317938067201e+01,1.508815339850396064e+01,1.506175678295897669e+01,1.503543197415563526e+01,1.500917859815542421e+01,1.498299592796885804e+01,0.000000000000000000e+00,0.000000000000000000e+00,0.000000000000000000e+00,0.000000000000000000e+00,0.000000000000000000e+00,0.000000000000000000e+00,0.000000000000000000e+00,0.000000000000000000e+00,0.000000000000000000e+00,0.000000000000000000e+00,0.000000000000000000e+00,0.000000000000000000e+00,0.000000000000000000e+00,0.000000000000000000e+00,0.000000000000000000e+00,0.000000000000000000e+00,0.000000000000000000e+00,0.000000000000000000e+00,0.000000000000000000e+00,0.000000000000000000e+00
1.547972383538161978e+01,1.545223969626458249e+01,1.542476545899648066e+01,1.539737798613881736e+01,1.537007600104766780e+01,1.534285811800480381e+01,1.531572290483012111e+01,1.528866931558110309e+01,1.526169657646488886e+01,1.523480357971675403e+01,1.520798908803310212e+01,1.518125184403906758e+01,1.515459109925506276e+01,1.512800561332881166e+01,1.510149472927339431e+01,1.507505741213805806e+01,1.504869249961970290e+01,1.502239918177107469e+01,1.499617681987522388e+01,1.497012035008749109e+01,0.000000000000000000e+00,0.000000000000000000e+00,0.000000000000000000e+00,0.000000000000000000e+00,0.000000000000000000e+00,0.000000000000000000e+00,0.000000000000000000e+00,0.000000000000000000e+00,0.000000000000000000e+00,0.000000000000000000e+00,0.000000000000000000e+00,0.000000000000000000e+00,0.000000000000000000e+00,0.000000000000000000e+00,0.000000000000000000e+00,0.000000000000000000e+00,0.000000000000000000e+00,0.000000000000000000e+00,0.000000000000000000e+00,0.000000000000000000e+00
1.546604605258162479e+01,1.543860253298170448e+01,1.541116887413546621e+01,1.538382124137025642e+01,1.535655827605667412e+01,1.532937844577978304e+01,1.530228096432627360e+01,1.527526444651416426e+01,1.524832813827214295e+01,1.522147083561952741e+01,1.519469114837040635e+01,1.516798839441451463e+01,1.514136153883610092e+01,1.511480936362953820e+01,1.508833114336618308e+01,1.506192570026574629e+01,1.503559241937126600e+01,1.500933023832167734e+01,1.498313816848361846e+01,1.495710850154875615e+01,0.000000000000000000e+00,0.000000000000000000e+00,0.000000000000000000e+00,0.000000000000000000e+00,0.000000000000000000e+00,0.000000000000000000e+00,0.000000000000000000e+00,0.000000000000000000e+00,0.000000000000000000e+00,0.000000000000000000e+00,0.000000000000000000e+00,0.000000000000000000e+00,0.000000000000000000e+00,0.000000000000000000e+00,0.000000000000000000e+00,0.000000000000000000e+00,0.000000000000000000e+00,0.000000000000000000e+00,0.000000000000000000e+00,0.000000000000000000e+00
1.545233921660654097e+01,1.542493578638926621e+01,1.539754223026996982e+01,1.537023392547595080e+01,1.534300918129059532e+01,1.531586729256158108e+01,1.528880710163510059e+01,1.526182720905339707e+01,1.523492683131849645e+01,1.520810451789312623e+01,1.518135948785552003e+01,1.515469087671499437e+01,1.512809745917400051e+01,1.510157813274152261e+01,1.507513194804580792e+01,1.504875832292244553e+01,1.502245631404079163e+01,1.499622464196936278e+01,1.497015824215334945e+01,1.494405983007522210e+01,0.000000000000000000e+00,0.000000000000000000e+00,0.000000000000000000e+00,0.000000000000000000e+00,0.000000000000000000e+00,0.000000000000000000e+00,0.000000000000000000e+00,0.000000000000000000e+00,0.000000000000000000e+00,0.000000000000000000e+00,0.000000000000000000e+00,0.000000000000000000e+00,0.000000000000000000e+00,0.000000000000000000e+00,0.000000000000000000e+00,0.000000000000000000e+00,0.000000000000000000e+00,0.000000000000000000e+00,0.000000000000000000e+00,0.000000000000000000e+00
1.543860297559857386e+01,1.541123916316459841e+01,1.538388520335580090e+01,1.535661530441986855e+01,1.532942876346169037e+01,1.530232438125508310e+01,1.527530098935097769e+01,1.524835728783295963e+01,1.522149212351050807e+01,1.519470458031095461e+01,1.516799390169624573e+01,1.514135893344167805e+01,1.511479853876410218e+01,1.508831137861739791e+01,1.506189718114508835e+01,1.503555499756359204e+01,1.500928374688181322e+01,1.498318060831230802e+01,1.495704271988089928e+01,1.493097362207130452e+01,0.000000000000000000e+00,0.000000000000000000e+00,0.000000000000000000e+00,0.000000000000000000e+00,0.000000000000000000e+00,0.000000000000000000e+00,0.000000000000000000e+00,0.000000000000000000e+00,0.000000000000000000e+00,0.000000000000000000e+00,0.000000000000000000e+00,0.000000000000000000e+00,0.000000000000000000e+00,0.000000000000000000e+00,0.000000000000000000e+00,0.000000000000000000e+00,0.000000000000000000e+00,0.000000000000000000e+00,0.000000000000000000e+00,0.000000000000000000e+00
1.542483700049497131e+01,1.539751233219498516e+01,1.537019703169262286e+01,1.534296555500006320e+01,1.531581673746161698e+01,1.528874940750107925e+01,1.526176235743350418e+01,1.523485410126325235e+01,1.520802385037065818e+01,1.518127087178199019e+01,1.515459404941883648e+01,1.512799234384247349e+01,1.510146415987275148e+01,1.507500919026610831e+01,1.504862664414088691e+01,1.502231535683345243e+01,1.499607413672832479e+01,1.496999813176404004e+01,1.494388983285791639e+01,1.491784786785073535e+01,0.000000000000000000e+00,0.000000000000000000e+00,0.000000000000000000e+00,0.000000000000000000e+00,0.000000000000000000e+00,0.000000000000000000e+00,0.000000000000000000e+00,0.000000000000000000e+00,0.000000000000000000e+00,0.000000000000000000e+00,0.000000000000000000e+00,0.000000000000000000e+00,0.000000000000000000e+00,0.000000000000000000e+00,0.000000000000000000e+00,0.000000000000000000e+00,0.000000000000000000e+00,0.000000000000000000e+00,0.000000000000000000e+00,0.000000000000000000e+00
1.541104098958673241e+01,1.538375456155366727e+01,1.535647788400513392e+01,1.532928435576276627e+01,1.530217279443545486e+01,1.527514206051102974e+01,1.524819067608127199e+01,1.522131747279963676e+01,1.519452196140617595e+01,1.516780306721754812e+01,1.514115966661904089e+01,1.511459035471203549e+01,1.508809452872451118e+01,1.506167135161539861e+01,1.503531988916507878e+01,1.500903877877785675e+01,1.498292626696917473e+01,1.495677860390383529e+01,1.493069751621092323e+01,1.490468402225653044e+01,0.000000000000000000e+00,0.000000000000000000e+00,0.000000000000000000e+00,0.000000000000000000e+00,0.000000000000000000e+00,0.000000000000000000e+00,0.000000000000000000e+00,0.000000000000000000e+00,0.000000000000000000e+00,0.000000000000000000e+00,0.000000000000000000e+00,0.000000000000000000e+00,0.000000000000000000e+00,0.000000000000000000e+00,0.000000000000000000e+00,0.000000000000000000e+00,0.000000000000000000e+00,0.000000000000000000e+00,0.000000000000000000e+00,0.000000000000000000e+00
1.539721421811752222e+01,1.536996591727755046e+01,1.534272742603332773e+01,1.531557139878376006e+01,1.528849663517301849e+01,1.526150188592294299e+01,1.523458559564486947e+01,1.520774734668055572e+01,1.518098614011850245e+01,1.515430083502991110e+01,1.512769004136317186e+01,1.510115327453750922e+01,1.507468932248146309e+01,1.504829749410920670e+01,1.502197629533999645e+01,1.499572562493589700e+01,1.496964008625749365e+01,1.494351954593219922e+01,1.491746734222403248e+01,1.489148235874254667e+01,0.000000000000000000e+00,0.000000000000000000e+00,0.000000000000000000e+00,0.000000000000000000e+00,0.000000000000000000e+00,0.000000000000000000e+00,0.000000000000000000e+00,0.000000000000000000e+00,0.000000000000000000e+00,0.000000000000000000e+00,0.000000000000000000e+00,0.000000000000000000e+00,0.000000000000000000e+00,0.000000000000000000e+00,0.000000000000000000e+00,0.000000000000000000e+00,0.000000000000000000e+00,0.000000000000000000e+00,0.000000000000000000e+00,0.000000000000000000e+00
1.538335669534112071e+01,1.535614615592942300e+01,1.532894538823096831e+01,1.530182636699642984e+01,1.527478784056359018e+01,1.524782835274286441e+01,1.522094720248891520e+01,1.519414344044431786e+01,1.516741602670629874e+01,1.514076349515452335e+01,1.511418540968354307e+01,1.508768070109385562e+01,1.506124828056686837e+01,1.503488684857363111e+01,1.500859622854771480e+01,1.498247362499829549e+01,1.495631424223192596e+01,1.493022315228342833e+01,1.490419911606221248e+01,1.487823921094049950e+01,0.000000000000000000e+00,0.000000000000000000e+00,0.000000000000000000e+00,0.000000000000000000e+00,0.000000000000000000e+00,0.000000000000000000e+00,0.000000000000000000e+00,0.000000000000000000e+00,0.000000000000000000e+00,0.000000000000000000e+00,0.000000000000000000e+00,0.000000000000000000e+00,0.000000000000000000e+00,0.000000000000000000e+00,0.000000000000000000e+00,0.000000000000000000e+00,0.000000000000000000e+00,0.000000000000000000e+00,0.000000000000000000e+00,0.000000000000000000e+00
1.536946824364486730e+01,1.534229496362133638e+01,1.531513144439463048e+01,1.528804889793394395e+01,1.526104580761482765e+01,1.523412165576534427e+01,1.520727516014373037e+01,1.518050541737494186e+01,1.515381092892668846e+01,1.512719130708818582e+01,1.510064545287283622e+01,1.507417245250252869e+01,1.504777060105895359e+01,1.502143982336420613e+01,1.499527974975188016e+01,1.496908130702538919e+01,1.494295118217780605e+01,1.491688828195225724e+01,1.489088995155835349e+01,1.486495643835609215e+01,0.000000000000000000e+00,0.000000000000000000e+00,0.000000000000000000e+00,0.000000000000000000e+00,0.000000000000000000e+00,0.000000000000000000e+00,0.000000000000000000e+00,0.000000000000000000e+00,0.000000000000000000e+00,0.000000000000000000e+00,0.000000000000000000e+00,0.000000000000000000e+00,0.000000000000000000e+00,0.000000000000000000e+00,0.000000000000000000e+00,0.000000000000000000e+00,0.000000000000000000e+00,0.000000000000000000e+00,0.000000000000000000e+00,0.000000000000000000e+00
1.535554850197408427e+01,1.532841203394967877e+01,1.530128525106190907e+01,1.527423830502834790e+01,1.524727072544743578e+01,1.522038147353018545e+01,1.519356917731279921e+01,1.516683251685805800e+01,1.514017110483036888e+01,1.511358392415464102e+01,1.508706993769810722e+01,1.506062762856273807e+01,1.503425655686128515e+01,1.500795621363358379e+01,1.498182093783971425e+01,1.495565160273726235e+01,1.492955003347779197e+01,1.490351275612589355e+01,1.487754057876290403e+01,1.485163652546019719e+01,0.000000000000000000e+00,0.000000000000000000e+00,0.000000000000000000e+00,0.000000000000000000e+00,0.000000000000000000e+00,0.000000000000000000e+00,0.000000000000000000e+00,0.000000000000000000e+00,0.000000000000000000e+00,0.000000000000000000e+00,0.000000000000000000e+00,0.000000000000000000e+00,0.000000000000000000e+00,0.000000000000000000e+00,0.000000000000000000e+00,0.000000000000000000e+00,0.000000000000000000e+00,0.000000000000000000e+00,0.000000000000000000e+00,0.000000000000000000e+00
1.534159719012017398e+01,1.531449704993687888e+01,1.528740602437637364e+01,1.526039478714463371e+01,1.523346232286615631e+01,1.520660745593579932e+01,1.517982843341973265e+01,1.515312498950220288e+01,1.512649628441511496e+01,1.509994107657476192e+01,1.507345796681430983e+01,1.504704659995037730e+01,1.502070608567278143e+01,1.499453355523974629e+01,1.496832445987087468e+01,1.494218442182790696e+01,1.491610798604859234e+01,1.489009703761140813e+01,1.486415465472732755e+01,1.483827680399065940e+01,0.000000000000000000e+00,0.000000000000000000e+00,0.000000000000000000e+00,0.000000000000000000e+00,0.000000000000000000e+00,0.000000000000000000e+00,0.000000000000000000e+00,0.000000000000000000e+00,0.000000000000000000e+00,0.000000000000000000e+00,0.000000000000000000e+00,0.000000000000000000e+00,0.000000000000000000e+00,0.000000000000000000e+00,0.000000000000000000e+00,0.000000000000000000e+00,0.000000000000000000e+00,0.000000000000000000e+00,0.000000000000000000e+00,0.000000000000000000e+00
1.532761398127985863e+01,1.530054913933568628e+01,1.527349402621926444e+01,1.524651810271200958e+01,1.521962028421230961e+01,1.519279886126049384e+01,1.516605315754431516e+01,1.513938266301953561e+01,1.511278606431020677e+01,1.508626190761708230e+01,1.505980999658103769e+01,1.503342922488087829e+01,1.500721925487508912e+01,1.498097026880008897e+01,1.495479085536074493e+01,1.492867587924135719e+01,1.490262594695701637e+01,1.487664477730911017e+01,1.485072912503776621e+01,1.482487987538670460e+01,0.000000000000000000e+00,0.000000000000000000e+00,0.000000000000000000e+00,0.000000000000000000e+00,0.000000000000000000e+00,0.000000000000000000e+00,0.000000000000000000e+00,0.000000000000000000e+00,0.000000000000000000e+00,0.000000000000000000e+00,0.000000000000000000e+00,0.000000000000000000e+00,0.000000000000000000e+00,0.000000000000000000e+00,0.000000000000000000e+00,0.000000000000000000e+00,0.000000000000000000e+00,0.000000000000000000e+00,0.000000000000000000e+00,0.000000000000000000e+00
1.531359801053276470e+01,1.528656862734646538e+01,1.525954900675366233e+01,1.523260793735700602e+01,1.520574386273184153e+01,1.517895578832365544e+01,1.515224323914475590e+01,1.512560507003714072e+01,1.509903964979287849e+01,1.507254689389344726e+01,1.504612572435142681e+01,1.501987823388996901e+01,1.499358919154410685e+01,1.496737019748964492e+01,1.494121612142943256e+01,1.491512751494820677e+01,1.488910729960838175e+01,1.486315310165521275e+01,1.483726611471782775e+01,1.481144460794444484e+01,0.000000000000000000e+00,0.000000000000000000e+00,0.000000000000000000e+00,0.000000000000000000e+00,0.000000000000000000e+00,0.000000000000000000e+00,0.000000000000000000e+00,0.000000000000000000e+00,0.000000000000000000e+00,0.000000000000000000e+00,0.000000000000000000e+00,0.000000000000000000e+00,0.000000000000000000e+00,0.000000000000000000e+00,0.000000000000000000e+00,0.000000000000000000e+00,0.000000000000000000e+00,0.000000000000000000e+00,0.000000000000000000e+00,0.000000000000000000e+00
1.529954957036569496e+01,1.527255522359104134e+01,1.524557066500083025e+01,1.521866362098714909e+01,1.519183299344645377e+01,1.516507822117067050e+01,1.513839826616446160e+01,1.511179136583073657e+01,1.508525755565554860e+01,1.505879567927934559e+01,1.503240440563525837e+01,1.500618138910699528e+01,1.497992264049385192e+01,1.495372910473842865e+01,1.492760158471090648e+01,1.490154236855079262e+01,1.487554944356924835e+01,1.484962442786575565e+01,1.482376485850671344e+01,1.479796913428645766e+01,0.000000000000000000e+00,0.000000000000000000e+00,0.000000000000000000e+00,0.000000000000000000e+00,0.000000000000000000e+00,0.000000000000000000e+00,0.000000000000000000e+00,0.000000000000000000e+00,0.000000000000000000e+00,0.000000000000000000e+00,0.000000000000000000e+00,0.000000000000000000e+00,0.000000000000000000e+00,0.000000000000000000e+00,0.000000000000000000e+00,0.000000000000000000e+00,0.000000000000000000e+00,0.000000000000000000e+00,0.000000000000000000e+00,0.000000000000000000e+00
1.528546837768018918e+01,1.525850865223817365e+01,1.523155836072228553e+01,1.520468488229851367e+01,1.517788778334032607e+01,1.515116580699580240e+01,1.512451723839833306e+01,1.509794215997357192e+01,1.507143937076290108e+01,1.504500754836838539e+01,1.501874703107871056e+01,1.499244825879738485e+01,1.496621511977539498e+01,1.494004801468894073e+01,1.491395015198776619e+01,1.488791829295375990e+01,1.486195468419904486e+01,1.483605730528909383e+01,1.481022354778267669e+01,1.478445001589436103e+01,0.000000000000000000e+00,0.000000000000000000e+00,0.000000000000000000e+00,0.000000000000000000e+00,0.000000000000000000e+00,0.000000000000000000e+00,0.000000000000000000e+00,0.000000000000000000e+00,0.000000000000000000e+00,0.000000000000000000e+00,0.000000000000000000e+00,0.000000000000000000e+00,0.000000000000000000e+00,0.000000000000000000e+00,0.000000000000000000e+00,0.000000000000000000e+00,0.000000000000000000e+00,0.000000000000000000e+00,0.000000000000000000e+00,0.000000000000000000e+00
1.527135416603789508e+01,1.524442829656288012e+01,1.521751175592578775e+01,1.519067195960469618e+01,1.516390788194172679e+01,1.513721744432664984e+01,1.511060082741375865e+01,1.508405694334928171e+01,1.505758439048028841e+01,1.503128583309533362e+01,1.500494711206307130e+01,1.497867431762057322e+01,1.495246744624591173e+01,1.492633042532368748e+01,1.490025980539617834e+01,1.487425730702364213e+01,1.484832208965281453e+01,1.482245007497588318e+01,1.479663880458974567e+01,1.477353343746534620e+01,0.000000000000000000e+00,0.000000000000000000e+00,0.000000000000000000e+00,0.000000000000000000e+00,0.000000000000000000e+00,0.000000000000000000e+00,0.000000000000000000e+00,0.000000000000000000e+00,0.000000000000000000e+00,0.000000000000000000e+00,0.000000000000000000e+00,0.000000000000000000e+00,0.000000000000000000e+00,0.000000000000000000e+00,0.000000000000000000e+00,0.000000000000000000e+00,0.000000000000000000e+00,0.000000000000000000e+00,0.000000000000000000e+00,0.000000000000000000e+00
1.525720632917349739e+01,1.523031379764572080e+01,1.520343107437100016e+01,1.517662451912010368e+01,1.514989216406109307e+01,1.512323378023080522e+01,1.509664858871436444e+01,1.507013510305870341e+01,1.504379823802612748e+01,1.501741941157754567e+01,1.499110674330705173e+01,1.496486004078468746e+01,1.493868350413463908e+01,1.491257405667159475e+01,1.488653266890723970e+01,1.486055896868722215e+01,1.483464887648279706e+01,1.480879967637826056e+01,1.478566900004735274e+01,1.476258097041288941e+01,0.000000000000000000e+00,0.000000000000000000e+00,0.000000000000000000e+00,0.000000000000000000e+00,0.000000000000000000e+00,0.000000000000000000e+00,0.000000000000000000e+00,0.000000000000000000e+00,0.000000000000000000e+00,0.000000000000000000e+00,0.000000000000000000e+00,0.000000000000000000e+00,0.000000000000000000e+00,0.000000000000000000e+00,0.000000000000000000e+00,0.000000000000000000e+00,0.000000000000000000e+00,0.000000000000000000e+00,0.000000000000000000e+00,0.000000000000000000e+00
1.524302448607220128e+01,1.521616531005192030e+01,1.518931602476689768e+01,1.516254147184763923e+01,1.513584119572917963e+01,1.510921448736437611e+01,1.508265985552302446e+01,1.505628453399541478e+01,1.502986512248002882e+01,1.500351270543844073e+01,1.497722596164853215e+01,1.495100967659121594e+01,1.492486093423236682e+01,1.489878079515566611e+01,1.487276832304001672e+01,1.484682009429430138e+01,1.482093278474907017e+01,1.479777663962134682e+01,1.477466333754145467e+01,1.530296883674532893e+01,0.000000000000000000e+00,0.000000000000000000e+00,0.000000000000000000e+00,0.000000000000000000e+00,0.000000000000000000e+00,0.000000000000000000e+00,0.000000000000000000e+00,0.000000000000000000e+00,0.000000000000000000e+00,0.000000000000000000e+00,0.000000000000000000e+00,0.000000000000000000e+00,0.000000000000000000e+00,0.000000000000000000e+00,0.000000000000000000e+00,0.000000000000000000e+00,0.000000000000000000e+00,0.000000000000000000e+00,0.000000000000000000e+00,0.000000000000000000e+00
1.522880879562980638e+01,1.520198261165441167e+01,1.517516557130374366e+01,1.514842324299926091e+01,1.512175481985444847e+01,1.509515882371639250e+01,1.506863424570213716e+01,1.504228468787819395e+01,1.501589208511774487e+01,1.498956537127778077e+01,1.496330915144098306e+01,1.493712082322047507e+01,1.491100183416396874e+01,1.488495040210707288e+01,1.485896387532475771e+01,1.483303827466196445e+01,1.480985650886855609e+01,1.478671777660573383e+01,1.531755510331325709e+01,1.524684607433135319e+01,0.000000000000000000e+00,0.000000000000000000e+00,0.000000000000000000e+00,0.000000000000000000e+00,0.000000000000000000e+00,0.000000000000000000e+00,0.000000000000000000e+00,0.000000000000000000e+00,0.000000000000000000e+00,0.000000000000000000e+00,0.000000000000000000e+00,0.000000000000000000e+00,0.000000000000000000e+00,0.000000000000000000e+00,0.000000000000000000e+00,0.000000000000000000e+00,0.000000000000000000e+00,0.000000000000000000e+00,0.000000000000000000e+00,0.000000000000000000e+00
1.521455902649676872e+01,1.518776471284411755e+01,1.516098000155853853e+01,1.513426976753324027e+01,1.510763216676764031e+01,1.508106638547624456e+01,1.505467821890718838e+01,1.502824520384896090e+01,1.500187843538581234e+01,1.497558202364571400e+01,1.494935395453699556e+01,1.492319577446700407e+01,1.489710535957275539e+01,1.487108036856231230e+01,1.484511628883662482e+01,1.482190875333512636e+01,1.479874443932822459e+01,1.533211557461800467e+01,1.526154585097941307e+01,1.523447496416300240e+01,0.000000000000000000e+00,0.000000000000000000e+00,0.000000000000000000e+00,0.000000000000000000e+00,0.000000000000000000e+00,0.000000000000000000e+00,0.000000000000000000e+00,0.000000000000000000e+00,0.000000000000000000e+00,0.000000000000000000e+00,0.000000000000000000e+00,0.000000000000000000e+00,0.000000000000000000e+00,0.000000000000000000e+00,0.000000000000000000e+00,0.000000000000000000e+00,0.000000000000000000e+00,0.000000000000000000e+00,0.000000000000000000e+00,0.000000000000000000e+00
1.520027422394346672e+01,1.517351175945912622e+01,1.514675941592755670e+01,1.512008008393049607e+01,1.509347288894581851e+01,1.506704591705572938e+01,1.504057234881483396e+01,1.501416498089157869e+01,1.498782844689872462e+01,1.496156049333674787e+01,1.493536272806611720e+01,1.490923335040192299e+01,1.488316958355495956e+01,1.485716697541852227e+01,1.483393351679605843e+01,1.481074347150011050e+01,1.534665103948759146e+01,1.527621625542760952e+01,1.524910672686362290e+01,1.522207042710783043e+01,0.000000000000000000e+00,0.000000000000000000e+00,0.000000000000000000e+00,0.000000000000000000e+00,0.000000000000000000e+00,0.000000000000000000e+00,0.000000000000000000e+00,0.000000000000000000e+00,0.000000000000000000e+00,0.000000000000000000e+00,0.000000000000000000e+00,0.000000000000000000e+00,0.000000000000000000e+00,0.000000000000000000e+00,0.000000000000000000e+00,0.000000000000000000e+00,0.000000000000000000e+00,0.000000000000000000e+00,0.000000000000000000e+00,0.000000000000000000e+00
1.518595445374889685e+01,1.515922395974888559e+01,1.513250274260311734e+01,1.510585393686207212e+01,1.507938797898314576e+01,1.505287367505153462e+01,1.502642542534982084e+01,1.500004865337292870e+01,1.497374057833843253e+01,1.494750305205023011e+01,1.492133454719545682e+01,1.489523163608815359e+01,1.486919043287696773e+01,1.484593094784505141e+01,1.482271501873589870e+01,1.536116176605653649e+01,1.529085761003964627e+01,1.526370907814228417e+01,1.523663426529911291e+01,1.520953804126409281e+01,0.000000000000000000e+00,0.000000000000000000e+00,0.000000000000000000e+00,0.000000000000000000e+00,0.000000000000000000e+00,0.000000000000000000e+00,0.000000000000000000e+00,0.000000000000000000e+00,0.000000000000000000e+00,0.000000000000000000e+00,0.000000000000000000e+00,0.000000000000000000e+00,0.000000000000000000e+00,0.000000000000000000e+00,0.000000000000000000e+00,0.000000000000000000e+00,0.000000000000000000e+00,0.000000000000000000e+00,0.000000000000000000e+00,0.000000000000000000e+00
1.517160000342356341e+01,1.514490025566524167e+01,1.511820971202801189e+01,1.509170461297808785e+01,1.506514936112784397e+01,1.503865996036354424e+01,1.501224251810440791e+01,1.498589438784861017e+01,1.495961691276811933e+01,1.493340911354405520e+01,1.490726682854547214e+01,1.488118668688215074e+01,1.485790115351342955e+01,1.483465922881939036e+01,1.537564796785391863e+01,1.530547043904025095e+01,1.527828230941661758e+01,1.525116864465770661e+01,1.522403371436077002e+01,1.519697578844220587e+01,0.000000000000000000e+00,0.000000000000000000e+00,0.000000000000000000e+00,0.000000000000000000e+00,0.000000000000000000e+00,0.000000000000000000e+00,0.000000000000000000e+00,0.000000000000000000e+00,0.000000000000000000e+00,0.000000000000000000e+00,0.000000000000000000e+00,0.000000000000000000e+00,0.000000000000000000e+00,0.000000000000000000e+00,0.000000000000000000e+00,0.000000000000000000e+00,0.000000000000000000e+00,0.000000000000000000e+00,0.000000000000000000e+00,0.000000000000000000e+00
1.515720982023258756e+01,1.513054032170603236e+01,1.510388075424274845e+01,1.507739958687762183e+01,1.505086876185877998e+01,1.502441046736639230e+01,1.499802211179097000e+01,1.497170445267857808e+01,1.494545697118319261e+01,1.491927533728543409e+01,1.489315607337307767e+01,1.486984414714927638e+01,1.484657621826051965e+01,1.539010890566423129e+01,1.532005489933242970e+01,1.529282694819649357e+01,1.526567383427092039e+01,1.523849985853445865e+01,1.521140339418687759e+01,1.518438337417568995e+01,0.000000000000000000e+00,0.000000000000000000e+00,0.000000000000000000e+00,0.000000000000000000e+00,0.000000000000000000e+00,0.000000000000000000e+00,0.000000000000000000e+00,0.000000000000000000e+00,0.000000000000000000e+00,0.000000000000000000e+00,0.000000000000000000e+00,0.000000000000000000e+00,0.000000000000000000e+00,0.000000000000000000e+00,0.000000000000000000e+00,0.000000000000000000e+00,0.000000000000000000e+00,0.000000000000000000e+00,0.000000000000000000e+00,0.000000000000000000e+00
1.514278346486995375e+01,1.511614455705525017e+01,1.508962452177342684e+01,1.506305200706107605e+01,1.503655269732498212e+01,1.501012381355247882e+01,1.498376583456690803e+01,1.495747846543852866e+01,1.493125733356334450e+01,1.490509875306843668e+01,1.488176026941107644e+01,1.485846598801123974e+01,1.540454540394383898e+01,1.533461117236547011e+01,1.530734317365887343e+01,1.528015037352625782e+01,1.525293672170886339e+01,1.522580143634871419e+01,1.519874297491851678e+01,1.517176037234046504e+01,0.000000000000000000e+00,0.000000000000000000e+00,0.000000000000000000e+00,0.000000000000000000e+00,0.000000000000000000e+00,0.000000000000000000e+00,0.000000000000000000e+00,0.000000000000000000e+00,0.000000000000000000e+00,0.000000000000000000e+00,0.000000000000000000e+00,0.000000000000000000e+00,0.000000000000000000e+00,0.000000000000000000e+00,0.000000000000000000e+00,0.000000000000000000e+00,0.000000000000000000e+00,0.000000000000000000e+00,0.000000000000000000e+00,0.000000000000000000e+00
1.512832147332079913e+01,1.510182419745023452e+01,1.507520990988324883e+01,1.504866938590434344e+01,1.502219963177059192e+01,1.499580126298319271e+01,1.496947380729819876e+01,1.494321298476356219e+01,1.491701489639612177e+01,1.489364967996911560e+01,1.487032888314421797e+01,1.541895774357515414e+01,1.534913890862698693e+01,1.532183117993182009e+01,1.529459845152138797e+01,1.526734486974038241e+01,1.524017009626374275e+01,1.521307307964906030e+01,1.518605211191052540e+01,1.515910656719480087e+01,0.000000000000000000e+00,0.000000000000000000e+00,0.000000000000000000e+00,0.000000000000000000e+00,0.000000000000000000e+00,0.000000000000000000e+00,0.000000000000000000e+00,0.000000000000000000e+00,0.000000000000000000e+00,0.000000000000000000e+00,0.000000000000000000e+00,0.000000000000000000e+00,0.000000000000000000e+00,0.000000000000000000e+00,0.000000000000000000e+00,0.000000000000000000e+00,0.000000000000000000e+00,0.000000000000000000e+00,0.000000000000000000e+00,0.000000000000000000e+00
1.511393720941411445e+01,1.508734264855428719e+01,1.506076070902186537e+01,1.503424987559422554e+01,1.500781095172308177e+01,1.498144317181323792e+01,1.495514246364809097e+01,1.492890467197117310e+01,1.490551255007983400e+01,1.488216506282070029e+01,1.543334617915111018e+01,1.536363889338640298e+01,1.533629056454482509e+01,1.530901827299648588e+01,1.528172451706976886e+01,1.525450997129983222e+01,1.522737365477577498e+01,1.520031441791220317e+01,1.517333050693514096e+01,1.514642174051486379e+01,0.000000000000000000e+00,0.000000000000000000e+00,0.000000000000000000e+00,0.000000000000000000e+00,0.000000000000000000e+00,0.000000000000000000e+00,0.000000000000000000e+00,0.000000000000000000e+00,0.000000000000000000e+00,0.000000000000000000e+00,0.000000000000000000e+00,0.000000000000000000e+00,0.000000000000000000e+00,0.000000000000000000e+00,0.000000000000000000e+00,0.000000000000000000e+00,0.000000000000000000e+00,0.000000000000000000e+00,0.000000000000000000e+00,0.000000000000000000e+00
1.509938945313056635e+01,1.507282684841814202e+01,1.504627471440370456e+01,1.501979504715940905e+01,1.499338673509661035e+01,1.496704594327635363e+01,1.494076825088376737e+01,1.491734904790467908e+01,1.489397469839417099e+01,1.544771086132502624e+01,1.537811137758674818e+01,1.535072213145828357e+01,1.532340940050238842e+01,1.529607582981079439e+01,1.526882129182095049e+01,1.524164537924686869e+01,1.521454708816867907e+01,1.518752504976612094e+01,1.516057799556429941e+01,1.513370559819887973e+01,0.000000000000000000e+00,0.000000000000000000e+00,0.000000000000000000e+00,0.000000000000000000e+00,0.000000000000000000e+00,0.000000000000000000e+00,0.000000000000000000e+00,0.000000000000000000e+00,0.000000000000000000e+00,0.000000000000000000e+00,0.000000000000000000e+00,0.000000000000000000e+00,0.000000000000000000e+00,0.000000000000000000e+00,0.000000000000000000e+00,0.000000000000000000e+00,0.000000000000000000e+00,0.000000000000000000e+00,0.000000000000000000e+00,0.000000000000000000e+00
1.508480760700876644e+01,1.505827427492824810e+01,1.503175355679345770e+01,1.500530465540208880e+01,1.497892359579041077e+01,1.495260580487517998e+01,1.492915934468347317e+01,1.490575795833951744e+01,1.546205126868104074e+01,1.539255653378202204e+01,1.536512612540627032e+01,1.533777264639598670e+01,1.531039843733552885e+01,1.528310421433107180e+01,1.525588848526221319e+01,1.522875079193371128e+01,1.520168986124245158e+01,1.517470484740132974e+01,1.514779427873058282e+01,1.512095782534253452e+01,0.000000000000000000e+00,0.000000000000000000e+00,0.000000000000000000e+00,0.000000000000000000e+00,0.000000000000000000e+00,0.000000000000000000e+00,0.000000000000000000e+00,0.000000000000000000e+00,0.000000000000000000e+00,0.000000000000000000e+00,0.000000000000000000e+00,0.000000000000000000e+00,0.000000000000000000e+00,0.000000000000000000e+00,0.000000000000000000e+00,0.000000000000000000e+00,0.000000000000000000e+00,0.000000000000000000e+00,0.000000000000000000e+00,0.000000000000000000e+00
1.507018903934231702e+01,1.504368679838719203e+01,1.501719711355553777e+01,1.499077559403970206e+01,1.496441750961574613e+01,1.494094361255908865e+01,1.491751501336114849e+01,1.547636805615402977e+01,1.540697469412330989e+01,1.537950274468757961e+01,1.535210824647860939e+01,1.532469305837787310e+01,1.529735843625154956e+01,1.527010316089344322e+01,1.524292580170822120e+01,1.521582569592290568e+01,1.518880194084366764e+01,1.516185354514837869e+01,1.513497906427110706e+01,1.510817811467441274e+01,0.000000000000000000e+00,0.000000000000000000e+00,0.000000000000000000e+00,0.000000000000000000e+00,0.000000000000000000e+00,0.000000000000000000e+00,0.000000000000000000e+00,0.000000000000000000e+00,0.000000000000000000e+00,0.000000000000000000e+00,0.000000000000000000e+00,0.000000000000000000e+00,0.000000000000000000e+00,0.000000000000000000e+00,0.000000000000000000e+00,0.000000000000000000e+00,0.000000000000000000e+00,0.000000000000000000e+00,0.000000000000000000e+00,0.000000000000000000e+00
1.505553579907834738e+01,1.502906430197963239e+01,1.500260203638105239e+01,1.497620353795563553e+01,1.495270202628621803e+01,1.492924603640352643e+01,1.549066161883255077e+01,1.542136586832035228e+01,1.539385227107949028e+01,1.536641642689524190e+01,1.533895995801770340e+01,1.531158457700264286e+01,1.528428911525205436e+01,1.525707235850387633e+01,1.522993276058069334e+01,1.520286997028033227e+01,1.517588303565636565e+01,1.514897085485439021e+01,1.512213205999518451e+01,1.509536621383313104e+01,0.000000000000000000e+00,0.000000000000000000e+00,0.000000000000000000e+00,0.000000000000000000e+00,0.000000000000000000e+00,0.000000000000000000e+00,0.000000000000000000e+00,0.000000000000000000e+00,0.000000000000000000e+00,0.000000000000000000e+00,0.000000000000000000e+00,0.000000000000000000e+00,0.000000000000000000e+00,0.000000000000000000e+00,0.000000000000000000e+00,0.000000000000000000e+00,0.000000000000000000e+00,0.000000000000000000e+00,0.000000000000000000e+00,0.000000000000000000e+00
1.504084780159351453e+01,1.501440311079075940e+01,1.498796403736566063e+01,1.496443476400251882e+01,1.494095120119240150e+01,1.550493217972464066e+01,1.543573003067814753e+01,1.540817479500226739e+01,1.538069742167912857e+01,1.535319938337536882e+01,1.532578292011432097e+01,1.529844688147226428e+01,1.527119016728836520e+01,1.524401131461496561e+01,1.521690919154369581e+01,1.518988337548717737e+01,1.516293283422323057e+01,1.513605648058021380e+01,1.510925292676609644e+01,1.508252160593903568e+01,0.000000000000000000e+00,0.000000000000000000e+00,0.000000000000000000e+00,0.000000000000000000e+00,0.000000000000000000e+00,0.000000000000000000e+00,0.000000000000000000e+00,0.000000000000000000e+00,0.000000000000000000e+00,0.000000000000000000e+00,0.000000000000000000e+00,0.000000000000000000e+00,0.000000000000000000e+00,0.000000000000000000e+00,0.000000000000000000e+00,0.000000000000000000e+00,0.000000000000000000e+00,0.000000000000000000e+00,0.000000000000000000e+00,0.000000000000000000e+00
1.502612106106439960e+01,1.499969921972150111e+01,1.497614200384616723e+01,1.495263068625514435e+01,1.551917997467542953e+01,1.545006778936892999e+01,1.542247021228353177e+01,1.539495139025917858e+01,1.536741152379268627e+01,1.533995370399643932e+01,1.531257680401876087e+01,1.528527968697623329e+01,1.525806117654292748e+01,1.523091980387426858e+01,1.520385484482102356e+01,1.517686561688040570e+01,1.514995104340864174e+01,1.512311012322450843e+01,1.509634125268300942e+01,1.506964420418815109e+01,0.000000000000000000e+00,0.000000000000000000e+00,0.000000000000000000e+00,0.000000000000000000e+00,0.000000000000000000e+00,0.000000000000000000e+00,0.000000000000000000e+00,0.000000000000000000e+00,0.000000000000000000e+00,0.000000000000000000e+00,0.000000000000000000e+00,0.000000000000000000e+00,0.000000000000000000e+00,0.000000000000000000e+00,0.000000000000000000e+00,0.000000000000000000e+00,0.000000000000000000e+00,0.000000000000000000e+00,0.000000000000000000e+00,0.000000000000000000e+00
1.501135181610418456e+01,1.498782389673314697e+01,1.496428466964416515e+01,1.553340508988520163e+01,1.546437942734561766e+01,1.543673918619990459e+01,1.540917817059649764e+01,1.538159663518280951e+01,1.535409715895793603e+01,1.532667910229236874e+01,1.529934129916899721e+01,1.527208261722395477e+01,1.524490177647817646e+01,1.521779768194504001e+01,1.519076945484750674e+01,1.516381639654620983e+01,1.513693738846254710e+01,1.511013131151459632e+01,1.508339684620392340e+01,1.505673381726883697e+01,0.000000000000000000e+00,0.000000000000000000e+00,0.000000000000000000e+00,0.000000000000000000e+00,0.000000000000000000e+00,0.000000000000000000e+00,0.000000000000000000e+00,0.000000000000000000e+00,0.000000000000000000e+00,0.000000000000000000e+00,0.000000000000000000e+00,0.000000000000000000e+00,0.000000000000000000e+00,0.000000000000000000e+00,0.000000000000000000e+00,0.000000000000000000e+00,0.000000000000000000e+00,0.000000000000000000e+00,0.000000000000000000e+00,0.000000000000000000e+00
1.499942361922784784e+01,1.497591333019234483e+01,1.554760729168197031e+01,1.547866515607345761e+01,1.545098193700373912e+01,1.542337843345257653e+01,1.539575444707619667e+01,1.536821352913786853e+01,1.534075400684993440e+01,1.531337523724535643e+01,1.528607609830789826e+01,1.525885520258444217e+01,1.523171184509834220e+01,1.520464459562235504e+01,1.517765272450960623e+01,1.515073541687293002e+01,1.512389147222070207e+01,1.509711980403049836e+01,1.507041953391706812e+01,1.504379013837091250e+01,0.000000000000000000e+00,0.000000000000000000e+00,0.000000000000000000e+00,0.000000000000000000e+00,0.000000000000000000e+00,0.000000000000000000e+00,0.000000000000000000e+00,0.000000000000000000e+00,0.000000000000000000e+00,0.000000000000000000e+00,0.000000000000000000e+00,0.000000000000000000e+00,0.000000000000000000e+00,0.000000000000000000e+00,0.000000000000000000e+00,0.000000000000000000e+00,0.000000000000000000e+00,0.000000000000000000e+00,0.000000000000000000e+00,0.000000000000000000e+00
1.498746024113827779e+01,1.556178699934499932e+01,1.549292528236618871e+01,1.546519871544548863e+01,1.543755243249073317e+01,1.540988566358892342e+01,1.538230253624258381e+01,1.535480172600141557e+01,1.532738172731778903e+01,1.530004180858395912e+01,1.527278059700205404e+01,1.524559741888042552e+01,1.521849110681884554e+01,1.519146029009433718e+01,1.516450434994654373e+01,1.513762228533748910e+01,1.511081289081303680e+01,1.508407551646061862e+01,1.505740902089916133e+01,1.503081283554297620e+01,0.000000000000000000e+00,0.000000000000000000e+00,0.000000000000000000e+00,0.000000000000000000e+00,0.000000000000000000e+00,0.000000000000000000e+00,0.000000000000000000e+00,0.000000000000000000e+00,0.000000000000000000e+00,0.000000000000000000e+00,0.000000000000000000e+00,0.000000000000000000e+00,0.000000000000000000e+00,0.000000000000000000e+00,0.000000000000000000e+00,0.000000000000000000e+00,0.000000000000000000e+00,0.000000000000000000e+00,0.000000000000000000e+00,0.000000000000000000e+00
1.557586158065852189e+01,1.550716007543898911e+01,1.547938979496171896e+01,1.545170037865635848e+01,1.542399053087929239e+01,1.539636485573320712e+01,1.536882211868867465e+01,1.534136096801738347e+01,1.531398000146319660e+01,1.528667820007980893e+01,1.525945486806979901e+01,1.523230894319137541e+01,1.520523921839838266e+01,1.517824446950757533e+01,1.515132400026609183e+01,1.512447658060701272e+01,1.509770163164879264e+01,1.507099816150898164e+01,1.504436504037013833e+01,1.501780146828510709e+01,0.000000000000000000e+00,0.000000000000000000e+00,0.000000000000000000e+00,0.000000000000000000e+00,0.000000000000000000e+00,0.000000000000000000e+00,0.000000000000000000e+00,0.000000000000000000e+00,0.000000000000000000e+00,0.000000000000000000e+00,0.000000000000000000e+00,0.000000000000000000e+00,0.000000000000000000e+00,0.000000000000000000e+00,0.000000000000000000e+00,0.000000000000000000e+00,0.000000000000000000e+00,0.000000000000000000e+00,0.000000000000000000e+00,0.000000000000000000e+00
1.552128886310632794e+01,1.549355544976302568e+01,1.546582252307634775e+01,1.543806930770196928e+01,1.541040074949313166e+01,1.538281568372093844e+01,1.535531287413340173e+01,1.532789092533981901e+01,1.530054824393064550e+01,1.527328445507763988e+01,1.524609858813913199e+01,1.521898943681377858e+01,1.519195593012685563e+01,1.516499681740248917e+01,1.513811114941172775e+01,1.511129828327354829e+01,1.508455740821544566e+01,1.505788745235636128e+01,1.503128705421017486e+01,1.500475591109633200e+01,0.000000000000000000e+00,0.000000000000000000e+00,0.000000000000000000e+00,0.000000000000000000e+00,0.000000000000000000e+00,0.000000000000000000e+00,0.000000000000000000e+00,0.000000000000000000e+00,0.000000000000000000e+00,0.000000000000000000e+00,0.000000000000000000e+00,0.000000000000000000e+00,0.000000000000000000e+00,0.000000000000000000e+00,0.000000000000000000e+00,0.000000000000000000e+00,0.000000000000000000e+00,0.000000000000000000e+00,0.000000000000000000e+00,0.000000000000000000e+00
1.550761587063847990e+01,1.547991916308478011e+01,1.545212219733707215e+01,1.542441046597720344e+01,1.539678275600404334e+01,1.536923782936320393e+01,1.534177448743403716e+01,1.531439097037874397e+01,1.528708642263352147e+01,1.525986030111691427e+01,1.523271144627525153e+01,1.520563861936449968e+01,1.517864094698708399e+01,1.515171672871895225e+01,1.512486576970392527e+01,1.509808712932486330e+01,1.507137993637735285e+01,1.504474287144169864e+01,1.501817493234203127e+01,1.499167606269672604e+01,0.000000000000000000e+00,0.000000000000000000e+00,0.000000000000000000e+00,0.000000000000000000e+00,0.000000000000000000e+00,0.000000000000000000e+00,0.000000000000000000e+00,0.000000000000000000e+00,0.000000000000000000e+00,0.000000000000000000e+00,0.000000000000000000e+00,0.000000000000000000e+00,0.000000000000000000e+00,0.000000000000000000e+00,0.000000000000000000e+00,0.000000000000000000e+00,0.000000000000000000e+00,0.000000000000000000e+00,0.000000000000000000e+00,0.000000000000000000e+00
1.549391122974352442e+01,1.546614945886099868e+01,1.543839426350105271e+01,1.541072357146145144e+01,1.538313621946594978e+01,1.535563097122959242e+01,1.532820642985562998e+01,1.530086100492955836e+01,1.527359432445000742e+01,1.524640541560451190e+01,1.521929307160904266e+01,1.519225622328026759e+01,1.516529361188098335e+01,1.513840430374222734e+01,1.511158764758053152e+01,1.508484283355313593e+01,1.505816878533417835e+01,1.503156414224473281e+01,1.500502861410088329e+01,1.497856153843246041e+01,0.000000000000000000e+00,0.000000000000000000e+00,0.000000000000000000e+00,0.000000000000000000e+00,0.000000000000000000e+00,0.000000000000000000e+00,0.000000000000000000e+00,0.000000000000000000e+00,0.000000000000000000e+00,0.000000000000000000e+00,0.000000000000000000e+00,0.000000000000000000e+00,0.000000000000000000e+00,0.000000000000000000e+00,0.000000000000000000e+00,0.000000000000000000e+00,0.000000000000000000e+00,0.000000000000000000e+00,0.000000000000000000e+00,0.000000000000000000e+00
1.548007280898398363e+01,1.545235234600277074e+01,1.542463838395103437e+01,1.539700828829223767e+01,1.536946082555491344e+01,1.534199464413593716e+01,1.531460833919210351e+01,1.528730090316890866e+01,1.526007163699123126e+01,1.523291947752518283e+01,1.520584321758234658e+01,1.517884162798774383e+01,1.515191401940929339e+01,1.512505916764208358e+01,1.509827648971219638e+01,1.507156498846085668e+01,1.504492352561826607e+01,1.501835132595742905e+01,1.499184782067933597e+01,1.496541178724584142e+01,0.000000000000000000e+00,0.000000000000000000e+00,0.000000000000000000e+00,0.000000000000000000e+00,0.000000000000000000e+00,0.000000000000000000e+00,0.000000000000000000e+00,0.000000000000000000e+00,0.000000000000000000e+00,0.000000000000000000e+00,0.000000000000000000e+00,0.000000000000000000e+00,0.000000000000000000e+00,0.000000000000000000e+00,0.000000000000000000e+00,0.000000000000000000e+00,0.000000000000000000e+00,0.000000000000000000e+00,0.000000000000000000e+00,0.000000000000000000e+00
1.546620713559334703e+01,1.543852744763473694e+01,1.541085427701774435e+01,1.538326428895272358e+01,1.535575616080991423e+01,1.532832838359457028e+01,1.530098023377957617e+01,1.527371034477688738e+01,1.524651803889720014e+01,1.521940214739207065e+01,1.519236129686542114e+01,1.516539487247265683e+01,1.513850187686239046e+01,1.511168110980255364e+01,1.508493191369533371e+01,1.505825313629549811e+01,1.503164422321513527e+01,1.500510413109891061e+01,1.497863191475190980e+01,1.495232940161996993e+01,0.000000000000000000e+00,0.000000000000000000e+00,0.000000000000000000e+00,0.000000000000000000e+00,0.000000000000000000e+00,0.000000000000000000e+00,0.000000000000000000e+00,0.000000000000000000e+00,0.000000000000000000e+00,0.000000000000000000e+00,0.000000000000000000e+00,0.000000000000000000e+00,0.000000000000000000e+00,0.000000000000000000e+00,0.000000000000000000e+00,0.000000000000000000e+00,0.000000000000000000e+00,0.000000000000000000e+00,0.000000000000000000e+00,0.000000000000000000e+00
1.545231385607678121e+01,1.542467443463360155e+01,1.539704160468821925e+01,1.536949123313333843e+01,1.534202164355062692e+01,1.531463220035597850e+01,1.528732178572204958e+01,1.526008901815591656e+01,1.523293318714162581e+01,1.520585285774832940e+01,1.517884730637472934e+01,1.515191572180982860e+01,1.512505690214801213e+01,1.509826976880644978e+01,1.507155342490856853e+01,1.504490735552120917e+01,1.501833064873515156e+01,1.499182203197852559e+01,1.496538064606413343e+01,1.493910601842695129e+01,0.000000000000000000e+00,0.000000000000000000e+00,0.000000000000000000e+00,0.000000000000000000e+00,0.000000000000000000e+00,0.000000000000000000e+00,0.000000000000000000e+00,0.000000000000000000e+00,0.000000000000000000e+00,0.000000000000000000e+00,0.000000000000000000e+00,0.000000000000000000e+00,0.000000000000000000e+00,0.000000000000000000e+00,0.000000000000000000e+00,0.000000000000000000e+00,0.000000000000000000e+00,0.000000000000000000e+00,0.000000000000000000e+00,0.000000000000000000e+00
1.543839261750142633e+01,1.541079301583206806e+01,1.538320004222162751e+01,1.535568836104903667e+01,1.532825733954081926e+01,1.530090581632486746e+01,1.527363266243219009e+01,1.524643660279597412e+01,1.521931653061459500e+01,1.519227157520094451e+01,1.516530104175989280e+01,1.513840380913713446e+01,1.511157876376565312e+01,1.508482457834852752e+01,1.505814107965181137e+01,1.503152735358183456e+01,1.500498234555636756e+01,1.497850460872525602e+01,1.495219654050450586e+01,1.492584688502380530e+01,0.000000000000000000e+00,0.000000000000000000e+00,0.000000000000000000e+00,0.000000000000000000e+00,0.000000000000000000e+00,0.000000000000000000e+00,0.000000000000000000e+00,0.000000000000000000e+00,0.000000000000000000e+00,0.000000000000000000e+00,0.000000000000000000e+00,0.000000000000000000e+00,0.000000000000000000e+00,0.000000000000000000e+00,0.000000000000000000e+00,0.000000000000000000e+00,0.000000000000000000e+00,0.000000000000000000e+00,0.000000000000000000e+00,0.000000000000000000e+00
1.542444308924257435e+01,1.539688285838991355e+01,1.536932880070718888e+01,1.534185587571343490e+01,1.531446296140911478e+01,1.528714892482281940e+01,1.525991259349324380e+01,1.523275249587975644e+01,1.520566790661428769e+01,1.517865815263088791e+01,1.515172215458195382e+01,1.512485891125928461e+01,1.509806681497315850e+01,1.507134564827891765e+01,1.504469467686389805e+01,1.501811275162223502e+01,1.499159870434238329e+01,1.496525713709347372e+01,1.493887140041126216e+01,1.491254983670840062e+01,0.000000000000000000e+00,0.000000000000000000e+00,0.000000000000000000e+00,0.000000000000000000e+00,0.000000000000000000e+00,0.000000000000000000e+00,0.000000000000000000e+00,0.000000000000000000e+00,0.000000000000000000e+00,0.000000000000000000e+00,0.000000000000000000e+00,0.000000000000000000e+00,0.000000000000000000e+00,0.000000000000000000e+00,0.000000000000000000e+00,0.000000000000000000e+00,0.000000000000000000e+00,0.000000000000000000e+00,0.000000000000000000e+00,0.000000000000000000e+00
1.541046497125610060e+01,1.538294320701121976e+01,1.535542807416501887e+01,1.532799345269346247e+01,1.530063819735691766e+01,1.527336121095119026e+01,1.524616103080582441e+01,1.521903652359647374e+01,1.519198727728068832e+01,1.516501225802436892e+01,1.513811037640096480e+01,1.511128023627237660e+01,1.508452129152852095e+01,1.505783276031142037e+01,1.503121374728347348e+01,1.500466289604402803e+01,1.497818012682064293e+01,1.495186604343587256e+01,1.492550845419581051e+01,1.489921645432937325e+01,0.000000000000000000e+00,0.000000000000000000e+00,0.000000000000000000e+00,0.000000000000000000e+00,0.000000000000000000e+00,0.000000000000000000e+00,0.000000000000000000e+00,0.000000000000000000e+00,0.000000000000000000e+00,0.000000000000000000e+00,0.000000000000000000e+00,0.000000000000000000e+00,0.000000000000000000e+00,0.000000000000000000e+00,0.000000000000000000e+00,0.000000000000000000e+00,0.000000000000000000e+00,0.000000000000000000e+00,0.000000000000000000e+00,0.000000000000000000e+00
1.539645751590679623e+01,1.536897414615829582e+01,1.534149752612833595e+01,1.531410078030023669e+01,1.528678274568158280e+01,1.525954220749775381e+01,1.523237761797150824e+01,1.520528863913472861e+01,1.517827431919400638e+01,1.515133355209776944e+01,1.512446496059535761e+01,1.509766812750872589e+01,1.507094186139219794e+01,1.504428553230477661e+01,1.501769764063968182e+01,1.499117818764172227e+01,1.496483101776913927e+01,1.493843701360220599e+01,1.491210939048337814e+01,1.488584706061028484e+01,0.000000000000000000e+00,0.000000000000000000e+00,0.000000000000000000e+00,0.000000000000000000e+00,0.000000000000000000e+00,0.000000000000000000e+00,0.000000000000000000e+00,0.000000000000000000e+00,0.000000000000000000e+00,0.000000000000000000e+00,0.000000000000000000e+00,0.000000000000000000e+00,0.000000000000000000e+00,0.000000000000000000e+00,0.000000000000000000e+00,0.000000000000000000e+00,0.000000000000000000e+00,0.000000000000000000e+00,0.000000000000000000e+00,0.000000000000000000e+00
1.538242074789694769e+01,1.535497543499088380e+01,1.532753688492025823e+01,1.530017753803548786e+01,1.527289617714542302e+01,1.524569136633104804e+01,1.521856245993127033e+01,1.519150855756624985e+01,1.516452866384374687e+01,1.513762132279910233e+01,1.511078616980670475e+01,1.508402217071122564e+01,1.505732825816049036e+01,1.503070314971733623e+01,1.500414676310973405e+01,1.497765835330211104e+01,1.495133587024586319e+01,1.492497240842467399e+01,1.489867403593927619e+01,1.487243770923963382e+01,0.000000000000000000e+00,0.000000000000000000e+00,0.000000000000000000e+00,0.000000000000000000e+00,0.000000000000000000e+00,0.000000000000000000e+00,0.000000000000000000e+00,0.000000000000000000e+00,0.000000000000000000e+00,0.000000000000000000e+00,0.000000000000000000e+00,0.000000000000000000e+00,0.000000000000000000e+00,0.000000000000000000e+00,0.000000000000000000e+00,0.000000000000000000e+00,0.000000000000000000e+00,0.000000000000000000e+00,0.000000000000000000e+00,0.000000000000000000e+00
1.536835449587392688e+01,1.534094675699111754e+01,1.531354582095115546e+01,1.528622335692394429e+01,1.525897786720108229e+01,1.523180890678326449e+01,1.520471521192857978e+01,1.517769593425396835e+01,1.515074958734586019e+01,1.512387585927636913e+01,1.509707368072349531e+01,1.507034218251726898e+01,1.504367963472770064e+01,1.501708606845605587e+01,1.499056086704932866e+01,1.496420472097428167e+01,1.493780525016988392e+01,1.491147102034363137e+01,1.488519929755779891e+01,1.485899039013298228e+01,0.000000000000000000e+00,0.000000000000000000e+00,0.000000000000000000e+00,0.000000000000000000e+00,0.000000000000000000e+00,0.000000000000000000e+00,0.000000000000000000e+00,0.000000000000000000e+00,0.000000000000000000e+00,0.000000000000000000e+00,0.000000000000000000e+00,0.000000000000000000e+00,0.000000000000000000e+00,0.000000000000000000e+00,0.000000000000000000e+00,0.000000000000000000e+00,0.000000000000000000e+00,0.000000000000000000e+00,0.000000000000000000e+00,0.000000000000000000e+00
1.535425839422169503e+01,1.532688780279998397e+01,1.529952398478649656e+01,1.527223752498138154e+01,1.524502802967399973e+01,1.521789450104293451e+01,1.519083557872721180e+01,1.516384997403863366e+01,1.513693737642380555e+01,1.511009680396922050e+01,1.508332725585285417e+01,1.505662721221616351e+01,1.502999629766870271e+01,1.500343407881433322e+01,1.497704382012891422e+01,1.495060813109776277e+01,1.492423824273139132e+01,1.489793052366115234e+01,1.487168592843021386e+01,1.484550779682894905e+01,0.000000000000000000e+00,0.000000000000000000e+00,0.000000000000000000e+00,0.000000000000000000e+00,0.000000000000000000e+00,0.000000000000000000e+00,0.000000000000000000e+00,0.000000000000000000e+00,0.000000000000000000e+00,0.000000000000000000e+00,0.000000000000000000e+00,0.000000000000000000e+00,0.000000000000000000e+00,0.000000000000000000e+00,0.000000000000000000e+00,0.000000000000000000e+00,0.000000000000000000e+00,0.000000000000000000e+00,0.000000000000000000e+00,0.000000000000000000e+00
1.534013216118969325e+01,1.531279825186149068e+01,1.528547056263320414e+01,1.525822026647163554e+01,1.523104639052428766e+01,1.520394779000504215e+01,1.517692270280939226e+01,1.514997095561400187e+01,1.512309175608077538e+01,1.509628388449690561e+01,1.506954594948033943e+01,1.504287766972646700e+01,1.501627819244341033e+01,1.498985366751674775e+01,1.496338112950837917e+01,1.493697579002490627e+01,1.491063183064878039e+01,1.488435140652700817e+01,1.485813790623229025e+01,1.483198704841539417e+01,0.000000000000000000e+00,0.000000000000000000e+00,0.000000000000000000e+00,0.000000000000000000e+00,0.000000000000000000e+00,0.000000000000000000e+00,0.000000000000000000e+00,0.000000000000000000e+00,0.000000000000000000e+00,0.000000000000000000e+00,0.000000000000000000e+00,0.000000000000000000e+00,0.000000000000000000e+00,0.000000000000000000e+00,0.000000000000000000e+00,0.000000000000000000e+00,0.000000000000000000e+00,0.000000000000000000e+00,0.000000000000000000e+00,0.000000000000000000e+00
1.532597546639881259e+01,1.529867719632987288e+01,1.527138584572677793e+01,1.524417133835347471e+01,1.521703262822785518e+01,1.518996800106851808e+01,1.516297683979609268e+01,1.513605870833360179e+01,1.510921231043295521e+01,1.508243619771386790e+01,1.505573026226034372e+01,1.502909341596994963e+01,1.500252426029192776e+01,1.497612485207032762e+01,1.494968303037350665e+01,1.492330350785953286e+01,1.489698700245306284e+01,1.487073760269752398e+01,1.484455192883889119e+01,1.481843099314854939e+01,0.000000000000000000e+00,0.000000000000000000e+00,0.000000000000000000e+00,0.000000000000000000e+00,0.000000000000000000e+00,0.000000000000000000e+00,0.000000000000000000e+00,0.000000000000000000e+00,0.000000000000000000e+00,0.000000000000000000e+00,0.000000000000000000e+00,0.000000000000000000e+00,0.000000000000000000e+00,0.000000000000000000e+00,0.000000000000000000e+00,0.000000000000000000e+00,0.000000000000000000e+00,0.000000000000000000e+00,0.000000000000000000e+00,0.000000000000000000e+00
1.531178741061902926e+01,1.528452499427150713e+01,1.525726958189213356e+01,1.523009042100017219e+01,1.520298596357552157e+01,1.517595525221155128e+01,1.514899788437549333e+01,1.512211274762325708e+01,1.509529820438420700e+01,1.506855426570844436e+01,1.504187988058678194e+01,1.501527350348007062e+01,1.498883950852170344e+01,1.496236096138931337e+01,1.493594523455943701e+01,1.490959297925200389e+01,1.488330737749931210e+01,1.485708602727541106e+01,1.483093029207789826e+01,1.480483840901893089e+01,0.000000000000000000e+00,0.000000000000000000e+00,0.000000000000000000e+00,0.000000000000000000e+00,0.000000000000000000e+00,0.000000000000000000e+00,0.000000000000000000e+00,0.000000000000000000e+00,0.000000000000000000e+00,0.000000000000000000e+00,0.000000000000000000e+00,0.000000000000000000e+00,0.000000000000000000e+00,0.000000000000000000e+00,0.000000000000000000e+00,0.000000000000000000e+00,0.000000000000000000e+00,0.000000000000000000e+00,0.000000000000000000e+00,0.000000000000000000e+00
1.529756831610296430e+01,1.527034135205221688e+01,1.524312146620910902e+01,1.521597681743519814e+01,1.518890634141231288e+01,1.516190953844435896e+01,1.513498541173680323e+01,1.510813218599511920e+01,1.508134999908057594e+01,1.505463771963459152e+01,1.502799402230473369e+01,1.500152530411241258e+01,1.497500982427451355e+01,1.494855747780577104e+01,1.492216918705008766e+01,1.489584742442558962e+01,1.486959018073735272e+01,1.484339930031172194e+01,1.481727219349648550e+01,1.479120728297521836e+01,0.000000000000000000e+00,0.000000000000000000e+00,0.000000000000000000e+00,0.000000000000000000e+00,0.000000000000000000e+00,0.000000000000000000e+00,0.000000000000000000e+00,0.000000000000000000e+00,0.000000000000000000e+00,0.000000000000000000e+00,0.000000000000000000e+00,0.000000000000000000e+00,0.000000000000000000e+00,0.000000000000000000e+00,0.000000000000000000e+00,0.000000000000000000e+00,0.000000000000000000e+00,0.000000000000000000e+00,0.000000000000000000e+00,0.000000000000000000e+00
1.528331789821885778e+01,1.525612599094495181e+01,1.522894083396716525e+01,1.520183025325082582e+01,1.517479388704519039e+01,1.514783049812220916e+01,1.512093836966391791e+01,1.509411768479871441e+01,1.506736727006004628e+01,1.504068580648668174e+01,1.501418245460302359e+01,1.498762973415348476e+01,1.496114059036272792e+01,1.493471549795334852e+01,1.490835795815128506e+01,1.488206457647817871e+01,1.485583789629483320e+01,1.482967584345399814e+01,1.480357569210229762e+01,1.477753378535743600e+01,0.000000000000000000e+00,0.000000000000000000e+00,0.000000000000000000e+00,0.000000000000000000e+00,0.000000000000000000e+00,0.000000000000000000e+00,0.000000000000000000e+00,0.000000000000000000e+00,0.000000000000000000e+00,0.000000000000000000e+00,0.000000000000000000e+00,0.000000000000000000e+00,0.000000000000000000e+00,0.000000000000000000e+00,0.000000000000000000e+00,0.000000000000000000e+00,0.000000000000000000e+00,0.000000000000000000e+00,0.000000000000000000e+00,0.000000000000000000e+00
1.526903588769392250e+01,1.524187827187248701e+01,1.521472734095553747e+01,1.518765099288592424e+01,1.516064824028849145e+01,1.513371697408428496e+01,1.510685748380820570e+01,1.508006871706596819e+01,1.505334927321350946e+01,1.502681066797244469e+01,1.500022078906042822e+01,1.497369476576727365e+01,1.494723265781856014e+01,1.492083875235612389e+01,1.489450941631171332e+01,1.486824659458192777e+01,1.484204954532363985e+01,1.481591388824089073e+01,1.478983704330510385e+01,1.476646747094796197e+01,0.000000000000000000e+00,0.000000000000000000e+00,0.000000000000000000e+00,0.000000000000000000e+00,0.000000000000000000e+00,0.000000000000000000e+00,0.000000000000000000e+00,0.000000000000000000e+00,0.000000000000000000e+00,0.000000000000000000e+00,0.000000000000000000e+00,0.000000000000000000e+00,0.000000000000000000e+00,0.000000000000000000e+00,0.000000000000000000e+00,0.000000000000000000e+00,0.000000000000000000e+00,0.000000000000000000e+00,0.000000000000000000e+00,0.000000000000000000e+00
1.525472165764401211e+01,1.522759782872137002e+01,1.520048123463624989e+01,1.517343869500061970e+01,1.514646822234459300e+01,1.511956966262843594e+01,1.509274229658220889e+01,1.506598463665537579e+01,1.503929574784671175e+01,1.501278323842899454e+01,1.498622007990064375e+01,1.495972087223300662e+01,1.493329018890666404e+01,1.490692480861520330e+01,1.488062583335845801e+01,1.485439304827657736e+01,1.482822208017647014e+01,1.480211006763718373e+01,1.477871800404271418e+01,1.475536675576571355e+01,0.000000000000000000e+00,0.000000000000000000e+00,0.000000000000000000e+00,0.000000000000000000e+00,0.000000000000000000e+00,0.000000000000000000e+00,0.000000000000000000e+00,0.000000000000000000e+00,0.000000000000000000e+00,0.000000000000000000e+00,0.000000000000000000e+00,0.000000000000000000e+00,0.000000000000000000e+00,0.000000000000000000e+00,0.000000000000000000e+00,0.000000000000000000e+00,0.000000000000000000e+00,0.000000000000000000e+00,0.000000000000000000e+00,0.000000000000000000e+00
1.524037481836359476e+01,1.521328483530212949e+01,1.518620221951504767e+01,1.515919221963295627e+01,1.513225444029083278e+01,1.510538823170790401e+01,1.507859210755709078e+01,1.505186509282772711e+01,1.502531706845167747e+01,1.499871690071139696e+01,1.497218034711029944e+01,1.494571261669960904e+01,1.491931065310595272e+01,1.489297566990766697e+01,1.486670681097071878e+01,1.484050045438862142e+01,1.481435305889618625e+01,1.479093830760823280e+01,1.476756458030709318e+01,1.529615941536628299e+01,0.000000000000000000e+00,0.000000000000000000e+00,0.000000000000000000e+00,0.000000000000000000e+00,0.000000000000000000e+00,0.000000000000000000e+00,0.000000000000000000e+00,0.000000000000000000e+00,0.000000000000000000e+00,0.000000000000000000e+00,0.000000000000000000e+00,0.000000000000000000e+00,0.000000000000000000e+00,0.000000000000000000e+00,0.000000000000000000e+00,0.000000000000000000e+00,0.000000000000000000e+00,0.000000000000000000e+00,0.000000000000000000e+00,0.000000000000000000e+00
1.522599554865831628e+01,1.519893906941730144e+01,1.517188921261494094e+01,1.514491202547435122e+01,1.511800674413521683e+01,1.509117190361917338e+01,1.506440652264522839e+01,1.503782279541688638e+01,1.501118512143939299e+01,1.498461128781029217e+01,1.495810629052531482e+01,1.493166740878042376e+01,1.490529629559972591e+01,1.487899114047093718e+01,1.485274920120797759e+01,1.482656620639670919e+01,1.480312858115391705e+01,1.477973218034873604e+01,1.531086759243259543e+01,1.524778419353082271e+01,0.000000000000000000e+00,0.000000000000000000e+00,0.000000000000000000e+00,0.000000000000000000e+00,0.000000000000000000e+00,0.000000000000000000e+00,0.000000000000000000e+00,0.000000000000000000e+00,0.000000000000000000e+00,0.000000000000000000e+00,0.000000000000000000e+00,0.000000000000000000e+00,0.000000000000000000e+00,0.000000000000000000e+00,0.000000000000000000e+00,0.000000000000000000e+00,0.000000000000000000e+00,0.000000000000000000e+00,0.000000000000000000e+00,0.000000000000000000e+00
1.521158361620877386e+01,1.518455949778391378e+01,1.515754252832850568e+01,1.513059805553968573e+01,1.510372422249226965e+01,1.507692025844485428e+01,1.505030056457193410e+01,1.502362512053514365e+01,1.499701390149174784e+01,1.497047134090156106e+01,1.494399535722925521e+01,1.491758772097350061e+01,1.489124623321955987e+01,1.486496851232504923e+01,1.483874969556489987e+01,1.481528901365264161e+01,1.479186975388584813e+01,1.532554734876053004e+01,1.526250961732663569e+01,1.523525521099347557e+01,0.000000000000000000e+00,0.000000000000000000e+00,0.000000000000000000e+00,0.000000000000000000e+00,0.000000000000000000e+00,0.000000000000000000e+00,0.000000000000000000e+00,0.000000000000000000e+00,0.000000000000000000e+00,0.000000000000000000e+00,0.000000000000000000e+00,0.000000000000000000e+00,0.000000000000000000e+00,0.000000000000000000e+00,0.000000000000000000e+00,0.000000000000000000e+00,0.000000000000000000e+00,0.000000000000000000e+00,0.000000000000000000e+00,0.000000000000000000e+00
1.519713802512434064e+01,1.517014628630471584e+01,1.514316228296033273e+01,1.511624930555396773e+01,1.508940651480092221e+01,1.506275062126268693e+01,1.503603723960410932e+01,1.500938802007783579e+01,1.498280796019946948e+01,1.495629470570024999e+01,1.492985009333501090e+01,1.490347228559504522e+01,1.487715842041740899e+01,1.485090371744318105e+01,1.482741979189213666e+01,1.480397749014444386e+01,1.534019960204513389e+01,1.527720427372719669e+01,1.524991385520059772e+01,1.522269392939724852e+01,0.000000000000000000e+00,0.000000000000000000e+00,0.000000000000000000e+00,0.000000000000000000e+00,0.000000000000000000e+00,0.000000000000000000e+00,0.000000000000000000e+00,0.000000000000000000e+00,0.000000000000000000e+00,0.000000000000000000e+00,0.000000000000000000e+00,0.000000000000000000e+00,0.000000000000000000e+00,0.000000000000000000e+00,0.000000000000000000e+00,0.000000000000000000e+00,0.000000000000000000e+00,0.000000000000000000e+00,0.000000000000000000e+00,0.000000000000000000e+00
1.518265885780339808e+01,1.515569966228341769e+01,1.512874735758880718e+01,1.510186551235374885e+01,1.507517320446048004e+01,1.504842167119007357e+01,1.502173413298734062e+01,1.499511642928222521e+01,1.496856563174154431e+01,1.494208383634476789e+01,1.491566951290185905e+01,1.488931907895875639e+01,1.486302840442215967e+01,1.483952110632409571e+01,1.481605557672821050e+01,1.535482468591098382e+01,1.529186853269948543e+01,1.526454169566906671e+01,1.523728586313543509e+01,1.521001666338987057e+01,0.000000000000000000e+00,0.000000000000000000e+00,0.000000000000000000e+00,0.000000000000000000e+00,0.000000000000000000e+00,0.000000000000000000e+00,0.000000000000000000e+00,0.000000000000000000e+00,0.000000000000000000e+00,0.000000000000000000e+00,0.000000000000000000e+00,0.000000000000000000e+00,0.000000000000000000e+00,0.000000000000000000e+00,0.000000000000000000e+00,0.000000000000000000e+00,0.000000000000000000e+00,0.000000000000000000e+00,0.000000000000000000e+00,0.000000000000000000e+00
1.516814642454031770e+01,1.514121852422381664e+01,1.511429747247868960e+01,1.508744721315427384e+01,1.506077863360449953e+01,1.503405247211395235e+01,1.500739663282901049e+01,1.498080835473946770e+01,1.495428915629828559e+01,1.492783811986623022e+01,1.490145085200552266e+01,1.487512380610498397e+01,1.485159309929827032e+01,1.482810420377361638e+01,1.536942286983636308e+01,1.530650297292506501e+01,1.527913906977515168e+01,1.525184694820608300e+01,1.522454156458363705e+01,1.519731053794164488e+01,0.000000000000000000e+00,0.000000000000000000e+00,0.000000000000000000e+00,0.000000000000000000e+00,0.000000000000000000e+00,0.000000000000000000e+00,0.000000000000000000e+00,0.000000000000000000e+00,0.000000000000000000e+00,0.000000000000000000e+00,0.000000000000000000e+00,0.000000000000000000e+00,0.000000000000000000e+00,0.000000000000000000e+00,0.000000000000000000e+00,0.000000000000000000e+00,0.000000000000000000e+00,0.000000000000000000e+00,0.000000000000000000e+00,0.000000000000000000e+00
1.515359962990574516e+01,1.512670253516136221e+01,1.509981309773832692e+01,1.507310834548506584e+01,1.504634324882426100e+01,1.501964906376643327e+01,1.499302310503827407e+01,1.496646623252493313e+01,1.493997803931609525e+01,1.491355395761939739e+01,1.488719032432756784e+01,1.486363580593834754e+01,1.484012352314052841e+01,1.538399336509261417e+01,1.532110778758813652e+01,1.529370655982187976e+01,1.526637749819745160e+01,1.523903554885870015e+01,1.521176848376606827e+01,1.518457526102278266e+01,0.000000000000000000e+00,0.000000000000000000e+00,0.000000000000000000e+00,0.000000000000000000e+00,0.000000000000000000e+00,0.000000000000000000e+00,0.000000000000000000e+00,0.000000000000000000e+00,0.000000000000000000e+00,0.000000000000000000e+00,0.000000000000000000e+00,0.000000000000000000e+00,0.000000000000000000e+00,0.000000000000000000e+00,0.000000000000000000e+00,0.000000000000000000e+00,0.000000000000000000e+00,0.000000000000000000e+00,0.000000000000000000e+00,0.000000000000000000e+00
1.513901801762029820e+01,1.511215212961200649e+01,1.508541101389575267e+01,1.505860667963800736e+01,1.503187395883791844e+01,1.500520997324722927e+01,1.497861526639290730e+01,1.495208967828149582e+01,1.492562860663374558e+01,1.489922815914642484e+01,1.487564963259184303e+01,1.485211355610118211e+01,1.539853712217860071e+01,1.533568319478366782e+01,1.530824438143497446e+01,1.528087810784899858e+01,1.525349890725460966e+01,1.522619548137560308e+01,1.519896629173668856e+01,1.517181040399266223e+01,0.000000000000000000e+00,0.000000000000000000e+00,0.000000000000000000e+00,0.000000000000000000e+00,0.000000000000000000e+00,0.000000000000000000e+00,0.000000000000000000e+00,0.000000000000000000e+00,0.000000000000000000e+00,0.000000000000000000e+00,0.000000000000000000e+00,0.000000000000000000e+00,0.000000000000000000e+00,0.000000000000000000e+00,0.000000000000000000e+00,0.000000000000000000e+00,0.000000000000000000e+00,0.000000000000000000e+00,0.000000000000000000e+00,0.000000000000000000e+00
1.512440216607645560e+01,1.509768669621631965e+01,1.507084302034082768e+01,1.504407153399973041e+01,1.501736913232392112e+01,1.499073650442382899e+01,1.496417329129571527e+01,1.493767500585648733e+01,1.491123752153332305e+01,1.488763477837754934e+01,1.486407471331787100e+01,1.541305448019946667e+01,1.535022885922101210e+01,1.532275276557057886e+01,1.529534900317277391e+01,1.526793226183964158e+01,1.524059175145592704e+01,1.521332645010793883e+01,1.518613464554093895e+01,1.515901575602783069e+01,0.000000000000000000e+00,0.000000000000000000e+00,0.000000000000000000e+00,0.000000000000000000e+00,0.000000000000000000e+00,0.000000000000000000e+00,0.000000000000000000e+00,0.000000000000000000e+00,0.000000000000000000e+00,0.000000000000000000e+00,0.000000000000000000e+00,0.000000000000000000e+00,0.000000000000000000e+00,0.000000000000000000e+00,0.000000000000000000e+00,0.000000000000000000e+00,0.000000000000000000e+00,0.000000000000000000e+00,0.000000000000000000e+00,0.000000000000000000e+00
1.510987358847237871e+01,1.508305248631865680e+01,1.505624200204909435e+01,1.502950094427486327e+01,1.500283020211910312e+01,1.497622909230243060e+01,1.494969336656525982e+01,1.492321861870470556e+01,1.489959145409370933e+01,1.487600719296744778e+01,1.542754574752760988e+01,1.536474562565275015e+01,1.533723132093198060e+01,1.530979042474879037e+01,1.528233586504813957e+01,1.525495794943399019e+01,1.522765573099720271e+01,1.520042808474013896e+01,1.517327324857537363e+01,1.514619110380345646e+01,0.000000000000000000e+00,0.000000000000000000e+00,0.000000000000000000e+00,0.000000000000000000e+00,0.000000000000000000e+00,0.000000000000000000e+00,0.000000000000000000e+00,0.000000000000000000e+00,0.000000000000000000e+00,0.000000000000000000e+00,0.000000000000000000e+00,0.000000000000000000e+00,0.000000000000000000e+00,0.000000000000000000e+00,0.000000000000000000e+00,0.000000000000000000e+00,0.000000000000000000e+00,0.000000000000000000e+00,0.000000000000000000e+00,0.000000000000000000e+00
1.509517390597942210e+01,1.506838558169987863e+01,1.504160561516916417e+01,1.501489654097347071e+01,1.498825729449953670e+01,1.496168389974060986e+01,1.493517165989371520e+01,1.491151986688017672e+01,1.488791120583675820e+01,1.544201111988926201e+01,1.537923378163086952e+01,1.535168091223294340e+01,1.532420194494593702e+01,1.529670991641635247e+01,1.526929434309569977e+01,1.524195487484429457e+01,1.521469053885001443e+01,1.518749998231726650e+01,1.516038194324459276e+01,1.513333615418218514e+01,0.000000000000000000e+00,0.000000000000000000e+00,0.000000000000000000e+00,0.000000000000000000e+00,0.000000000000000000e+00,0.000000000000000000e+00,0.000000000000000000e+00,0.000000000000000000e+00,0.000000000000000000e+00,0.000000000000000000e+00,0.000000000000000000e+00,0.000000000000000000e+00,0.000000000000000000e+00,0.000000000000000000e+00,0.000000000000000000e+00,0.000000000000000000e+00,0.000000000000000000e+00,0.000000000000000000e+00,0.000000000000000000e+00,0.000000000000000000e+00
1.508044167261688528e+01,1.505368330012376532e+01,1.502693554672301346e+01,1.500025809263059884e+01,1.497364681451731272e+01,1.494709685464992788e+01,1.492342022566683113e+01,1.489978695876381565e+01,1.545645005230518620e+01,1.539369353182868139e+01,1.536610182031598981e+01,1.533858443735033461e+01,1.531105405685127252e+01,1.528360112305914065e+01,1.525622415177302926e+01,1.522892273969991273e+01,1.520169563449920958e+01,1.517454202229661675e+01,1.514746043126072905e+01,1.512045059224305632e+01,0.000000000000000000e+00,0.000000000000000000e+00,0.000000000000000000e+00,0.000000000000000000e+00,0.000000000000000000e+00,0.000000000000000000e+00,0.000000000000000000e+00,0.000000000000000000e+00,0.000000000000000000e+00,0.000000000000000000e+00,0.000000000000000000e+00,0.000000000000000000e+00,0.000000000000000000e+00,0.000000000000000000e+00,0.000000000000000000e+00,0.000000000000000000e+00,0.000000000000000000e+00,0.000000000000000000e+00,0.000000000000000000e+00,0.000000000000000000e+00
1.506567408801445396e+01,1.503894758821254030e+01,1.501223170369190640e+01,1.498558231988409872e+01,1.495899441508968408e+01,1.493529273960856329e+01,1.491163465998466719e+01,1.547086328912277864e+01,1.540812524549336615e+01,1.538049427575231398e+01,1.535293817297279872e+01,1.532536906346820160e+01,1.529787799947460236e+01,1.527046378448577357e+01,1.524312499845932578e+01,1.521586102559738762e+01,1.518867099547126998e+01,1.516155394222282382e+01,1.513450842258788498e+01,1.510753411116718681e+01,0.000000000000000000e+00,0.000000000000000000e+00,0.000000000000000000e+00,0.000000000000000000e+00,0.000000000000000000e+00,0.000000000000000000e+00,0.000000000000000000e+00,0.000000000000000000e+00,0.000000000000000000e+00,0.000000000000000000e+00,0.000000000000000000e+00,0.000000000000000000e+00,0.000000000000000000e+00,0.000000000000000000e+00,0.000000000000000000e+00,0.000000000000000000e+00,0.000000000000000000e+00,0.000000000000000000e+00,0.000000000000000000e+00,0.000000000000000000e+00
1.505087329037529464e+01,1.502417835675167979e+01,1.499749054182233898e+01,1.497086455050497378e+01,1.494713762026779946e+01,1.492345451917235266e+01,1.548525128932439543e+01,1.542252895725059858e+01,1.539485859574255677e+01,1.536726341096107973e+01,1.533965523689364474e+01,1.531212564537884369e+01,1.528467349491022631e+01,1.525729759285162679e+01,1.522999639911404657e+01,1.520276962008748356e+01,1.517561633250434205e+01,1.514853545540559310e+01,1.512152562520462595e+01,1.509458646044913266e+01,0.000000000000000000e+00,0.000000000000000000e+00,0.000000000000000000e+00,0.000000000000000000e+00,0.000000000000000000e+00,0.000000000000000000e+00,0.000000000000000000e+00,0.000000000000000000e+00,0.000000000000000000e+00,0.000000000000000000e+00,0.000000000000000000e+00,0.000000000000000000e+00,0.000000000000000000e+00,0.000000000000000000e+00,0.000000000000000000e+00,0.000000000000000000e+00,0.000000000000000000e+00,0.000000000000000000e+00,0.000000000000000000e+00,0.000000000000000000e+00
1.503603922587956987e+01,1.500937170478920102e+01,1.498270744257827047e+01,1.495895508179071953e+01,1.493524674661998652e+01,1.549961432166070807e+01,1.543690466577768206e+01,1.540919489778402429e+01,1.538156041870348467e+01,1.535391285810396234e+01,1.532634438117340991e+01,1.529885386589074159e+01,1.527144023977410825e+01,1.524410205160809539e+01,1.521683819033969876e+01,1.518964828729617977e+01,1.516253133478037185e+01,1.513548626700711530e+01,1.510851169921586923e+01,1.508160711311166402e+01,0.000000000000000000e+00,0.000000000000000000e+00,0.000000000000000000e+00,0.000000000000000000e+00,0.000000000000000000e+00,0.000000000000000000e+00,0.000000000000000000e+00,0.000000000000000000e+00,0.000000000000000000e+00,0.000000000000000000e+00,0.000000000000000000e+00,0.000000000000000000e+00,0.000000000000000000e+00,0.000000000000000000e+00,0.000000000000000000e+00,0.000000000000000000e+00,0.000000000000000000e+00,0.000000000000000000e+00,0.000000000000000000e+00,0.000000000000000000e+00
1.502116765467154025e+01,1.499452334000638842e+01,1.497074533765761828e+01,1.494701155616966304e+01,1.551395266642167670e+01,1.545125302339721074e+01,1.542350309896444749e+01,1.539582938550429247e+01,1.536814214793523270e+01,1.534053447901587752e+01,1.531300528081454360e+01,1.528555344413972783e+01,1.525817781748739321e+01,1.523087694064206232e+01,1.520365012585897802e+01,1.517649673408976696e+01,1.514941571041085133e+01,1.512240607829395067e+01,1.509546622767329893e+01,1.506859599133224670e+01,0.000000000000000000e+00,0.000000000000000000e+00,0.000000000000000000e+00,0.000000000000000000e+00,0.000000000000000000e+00,0.000000000000000000e+00,0.000000000000000000e+00,0.000000000000000000e+00,0.000000000000000000e+00,0.000000000000000000e+00,0.000000000000000000e+00,0.000000000000000000e+00,0.000000000000000000e+00,0.000000000000000000e+00,0.000000000000000000e+00,0.000000000000000000e+00,0.000000000000000000e+00,0.000000000000000000e+00,0.000000000000000000e+00,0.000000000000000000e+00
1.500625456475724206e+01,1.498250857243550449e+01,1.495874916157695012e+01,1.552826644276677115e+01,1.546557434533325903e+01,1.543778390860110505e+01,1.541007016689251508e+01,1.538234339463282652e+01,1.535469620091608078e+01,1.532712799196452380e+01,1.529963762854759679e+01,1.527222400514423839e+01,1.524488586192900641e+01,1.521762212283303839e+01,1.519043194299317889e+01,1.516331466403205042e+01,1.513626918622374973e+01,1.510929441134112849e+01,1.508238902338835530e+01,1.505555290754344000e+01,0.000000000000000000e+00,0.000000000000000000e+00,0.000000000000000000e+00,0.000000000000000000e+00,0.000000000000000000e+00,0.000000000000000000e+00,0.000000000000000000e+00,0.000000000000000000e+00,0.000000000000000000e+00,0.000000000000000000e+00,0.000000000000000000e+00,0.000000000000000000e+00,0.000000000000000000e+00,0.000000000000000000e+00,0.000000000000000000e+00,0.000000000000000000e+00,0.000000000000000000e+00,0.000000000000000000e+00,0.000000000000000000e+00,0.000000000000000000e+00
1.499418755149968163e+01,1.497045977591062105e+01,1.554255541681618880e+01,1.547986887149363611e+01,1.545203757671550449e+01,1.542428348041553576e+01,1.539651634181057815e+01,1.536882982379546903e+01,1.534122226177295545e+01,1.531369305889445442e+01,1.528624112045387129e+01,1.525886507644617041e+01,1.523156425869146524e+01,1.520433724541587495e+01,1.517718334590615470e+01,1.515010177989107021e+01,1.512309136206756222e+01,1.509615102705375023e+01,1.506927991658133870e+01,1.504247755357599203e+01,0.000000000000000000e+00,0.000000000000000000e+00,0.000000000000000000e+00,0.000000000000000000e+00,0.000000000000000000e+00,0.000000000000000000e+00,0.000000000000000000e+00,0.000000000000000000e+00,0.000000000000000000e+00,0.000000000000000000e+00,0.000000000000000000e+00,0.000000000000000000e+00,0.000000000000000000e+00,0.000000000000000000e+00,0.000000000000000000e+00,0.000000000000000000e+00,0.000000000000000000e+00,0.000000000000000000e+00,0.000000000000000000e+00,0.000000000000000000e+00
1.498208655737375850e+01,1.555682007003226275e+01,1.549413693959576221e+01,1.546626438392239677e+01,1.543846961012269503e+01,1.541066174125629296e+01,1.538293508162783851e+01,1.535528832945523803e+01,1.532771999349567693e+01,1.530022938353445916e+01,1.527281514585759226e+01,1.524547664507937128e+01,1.521821273529921825e+01,1.519102205638687764e+01,1.516390403167553202e+01,1.513685768600222303e+01,1.510988183006481478e+01,1.508297584883098708e+01,1.505613861168452061e+01,1.502936959517115234e+01,0.000000000000000000e+00,0.000000000000000000e+00,0.000000000000000000e+00,0.000000000000000000e+00,0.000000000000000000e+00,0.000000000000000000e+00,0.000000000000000000e+00,0.000000000000000000e+00,0.000000000000000000e+00,0.000000000000000000e+00,0.000000000000000000e+00,0.000000000000000000e+00,0.000000000000000000e+00,0.000000000000000000e+00,0.000000000000000000e+00,0.000000000000000000e+00,0.000000000000000000e+00,0.000000000000000000e+00,0.000000000000000000e+00,0.000000000000000000e+00
1.557097740137217023e+01,1.550837884852651349e+01,1.548046463367141712e+01,1.545262879625086683e+01,1.542477986938847678e+01,1.539701269684912432e+01,1.536932607076484203e+01,1.534171866067224066e+01,1.531418908029018411e+01,1.528673634332926312e+01,1.525935979161902978e+01,1.523205838948771529e+01,1.520483094909520005e+01,1.517767626116306623e+01,1.515059366854130829e+01,1.512358195733723676e+01,1.509664058803396003e+01,1.506976858917664686e+01,1.504296484256054001e+01,1.501622858428179264e+01,0.000000000000000000e+00,0.000000000000000000e+00,0.000000000000000000e+00,0.000000000000000000e+00,0.000000000000000000e+00,0.000000000000000000e+00,0.000000000000000000e+00,0.000000000000000000e+00,0.000000000000000000e+00,0.000000000000000000e+00,0.000000000000000000e+00,0.000000000000000000e+00,0.000000000000000000e+00,0.000000000000000000e+00,0.000000000000000000e+00,0.000000000000000000e+00,0.000000000000000000e+00,0.000000000000000000e+00,0.000000000000000000e+00,0.000000000000000000e+00
1.552251341367814774e+01,1.549463862865041364e+01,1.546676131823708644e+01,1.543887101432057563e+01,1.541106296177498436e+01,1.538333602533437627e+01,1.535568899396356102e+01,1.532812049036222035e+01,1.530062893181549555e+01,1.527321399412011083e+01,1.524587473607217447e+01,1.521860997091549983e+01,1.519141865299250327e+01,1.516429954333731089e+01,1.513725172298915034e+01,1.511027458497322584e+01,1.508336734947257796e+01,1.505652896122012763e+01,1.502975806092362809e+01,1.500305440089535480e+01,0.000000000000000000e+00,0.000000000000000000e+00,0.000000000000000000e+00,0.000000000000000000e+00,0.000000000000000000e+00,0.000000000000000000e+00,0.000000000000000000e+00,0.000000000000000000e+00,0.000000000000000000e+00,0.000000000000000000e+00,0.000000000000000000e+00,0.000000000000000000e+00,0.000000000000000000e+00,0.000000000000000000e+00,0.000000000000000000e+00,0.000000000000000000e+00,0.000000000000000000e+00,0.000000000000000000e+00,0.000000000000000000e+00,0.000000000000000000e+00
1.550870604912956985e+01,1.548086750302562820e+01,1.545293540704198421e+01,1.542508615438173436e+01,1.539731856045734304e+01,1.536963141292210722e+01,1.534202353891098447e+01,1.531449318464326126e+01,1.528703952691502543e+01,1.525966206740339715e+01,1.523235966927925489e+01,1.520513111219052504e+01,1.517797555353742922e+01,1.515089128756920189e+01,1.512387817656025391e+01,1.509693530524643990e+01,1.507006182994288679e+01,1.504325643699434778e+01,1.501651814097143856e+01,1.498984695017753666e+01,0.000000000000000000e+00,0.000000000000000000e+00,0.000000000000000000e+00,0.000000000000000000e+00,0.000000000000000000e+00,0.000000000000000000e+00,0.000000000000000000e+00,0.000000000000000000e+00,0.000000000000000000e+00,0.000000000000000000e+00,0.000000000000000000e+00,0.000000000000000000e+00,0.000000000000000000e+00,0.000000000000000000e+00,0.000000000000000000e+00,0.000000000000000000e+00,0.000000000000000000e+00,0.000000000000000000e+00,0.000000000000000000e+00,0.000000000000000000e+00
1.549486776847194847e+01,1.546697333460135937e+01,1.543908256150713854e+01,1.541127394114178273e+01,1.538354633826800466e+01,1.535589854218284955e+01,1.532832917501997372e+01,1.530083665488369604e+01,1.527342065764322498e+01,1.524608024150516528e+01,1.521881422010030960e+01,1.519162154720400792e+01,1.516450098140158786e+01,1.513745160871598117e+01,1.511047281937406339e+01,1.508356383321775596e+01,1.505672359290730355e+01,1.502995073958389938e+01,1.500324503026752510e+01,1.497660584151230623e+01,0.000000000000000000e+00,0.000000000000000000e+00,0.000000000000000000e+00,0.000000000000000000e+00,0.000000000000000000e+00,0.000000000000000000e+00,0.000000000000000000e+00,0.000000000000000000e+00,0.000000000000000000e+00,0.000000000000000000e+00,0.000000000000000000e+00,0.000000000000000000e+00,0.000000000000000000e+00,0.000000000000000000e+00,0.000000000000000000e+00,0.000000000000000000e+00,0.000000000000000000e+00,0.000000000000000000e+00,0.000000000000000000e+00,0.000000000000000000e+00
1.548090600007578743e+01,1.545305241344025404e+01,1.542520244948289765e+01,1.539743404251888492e+01,1.536974598537404546e+01,1.534213694692301999e+01,1.531460554082067915e+01,1.528715078272163908e+01,1.525977201348159085e+01,1.523246819685212827e+01,1.520523814487660630e+01,1.517808064590953521e+01,1.515099504471158376e+01,1.512398012919815571e+01,1.509703535775813954e+01,1.507015975640242367e+01,1.504335220290579755e+01,1.501661194325092197e+01,1.498993844918842733e+01,1.496333050981122348e+01,0.000000000000000000e+00,0.000000000000000000e+00,0.000000000000000000e+00,0.000000000000000000e+00,0.000000000000000000e+00,0.000000000000000000e+00,0.000000000000000000e+00,0.000000000000000000e+00,0.000000000000000000e+00,0.000000000000000000e+00,0.000000000000000000e+00,0.000000000000000000e+00,0.000000000000000000e+00,0.000000000000000000e+00,0.000000000000000000e+00,0.000000000000000000e+00,0.000000000000000000e+00,0.000000000000000000e+00,0.000000000000000000e+00,0.000000000000000000e+00
1.546691761560840916e+01,1.543910436727529856e+01,1.541129479441353034e+01,1.538356613545836460e+01,1.535591708861111826e+01,1.532834616211241752e+01,1.530085266649446929e+01,1.527343524943277941e+01,1.524609327421278238e+01,1.521882559417800351e+01,1.519163084795702545e+01,1.516450845875579745e+01,1.513745745233660145e+01,1.511047664079208630e+01,1.508356540537203472e+01,1.505672261054667160e+01,1.502994773736510226e+01,1.500323975529896359e+01,1.497659774533767951e+01,1.495012948663083563e+01,0.000000000000000000e+00,0.000000000000000000e+00,0.000000000000000000e+00,0.000000000000000000e+00,0.000000000000000000e+00,0.000000000000000000e+00,0.000000000000000000e+00,0.000000000000000000e+00,0.000000000000000000e+00,0.000000000000000000e+00,0.000000000000000000e+00,0.000000000000000000e+00,0.000000000000000000e+00,0.000000000000000000e+00,0.000000000000000000e+00,0.000000000000000000e+00,0.000000000000000000e+00,0.000000000000000000e+00,0.000000000000000000e+00,0.000000000000000000e+00
1.545290226675596301e+01,1.542512887102561336e+01,1.539735926353811379e+01,1.536966988233054288e+01,1.534205906340542214e+01,1.531452620933565356e+01,1.528707022624020517e+01,1.525968974573035375e+01,1.523238409756611311e+01,1.520515185807646219e+01,1.517799233689626348e+01,1.515090475356270616e+01,1.512388792228471779e+01,1.509694078010935669e+01,1.507006246005527039e+01,1.504325248680628846e+01,1.501650996893306811e+01,1.498983363929212942e+01,1.496322266462571093e+01,1.493678239356435000e+01,0.000000000000000000e+00,0.000000000000000000e+00,0.000000000000000000e+00,0.000000000000000000e+00,0.000000000000000000e+00,0.000000000000000000e+00,0.000000000000000000e+00,0.000000000000000000e+00,0.000000000000000000e+00,0.000000000000000000e+00,0.000000000000000000e+00,0.000000000000000000e+00,0.000000000000000000e+00,0.000000000000000000e+00,0.000000000000000000e+00,0.000000000000000000e+00,0.000000000000000000e+00,0.000000000000000000e+00,0.000000000000000000e+00,0.000000000000000000e+00
1.543885960519843081e+01,1.541112563945415559e+01,1.538339553428915707e+01,1.535574451511872951e+01,1.532817198788337976e+01,1.530067681396604939e+01,1.527325788835955578e+01,1.524591395234457991e+01,1.521864392573041513e+01,1.519144696478831769e+01,1.516432241048391916e+01,1.513726916161851932e+01,1.511028612118647274e+01,1.508337196964273375e+01,1.505652659029876972e+01,1.502974909044427676e+01,1.500303843293192152e+01,1.497639316807764942e+01,1.494992155104377751e+01,1.492340056735834253e+01,0.000000000000000000e+00,0.000000000000000000e+00,0.000000000000000000e+00,0.000000000000000000e+00,0.000000000000000000e+00,0.000000000000000000e+00,0.000000000000000000e+00,0.000000000000000000e+00,0.000000000000000000e+00,0.000000000000000000e+00,0.000000000000000000e+00,0.000000000000000000e+00,0.000000000000000000e+00,0.000000000000000000e+00,0.000000000000000000e+00,0.000000000000000000e+00,0.000000000000000000e+00,0.000000000000000000e+00,0.000000000000000000e+00,0.000000000000000000e+00
1.542478930450664620e+01,1.539709434299685142e+01,1.536940281002955189e+01,1.534179025415391706e+01,1.531425557758673150e+01,1.528679767174755710e+01,1.525941538578209133e+01,1.523210725861190085e+01,1.520487260057066692e+01,1.517771077303121530e+01,1.515062071964911539e+01,1.512360146228893498e+01,1.509665138924123795e+01,1.506977033440912450e+01,1.504295759704285196e+01,1.501621203876305266e+01,1.498953250695334560e+01,1.496291858471807501e+01,1.493647444228536081e+01,1.490998174094315942e+01,0.000000000000000000e+00,0.000000000000000000e+00,0.000000000000000000e+00,0.000000000000000000e+00,0.000000000000000000e+00,0.000000000000000000e+00,0.000000000000000000e+00,0.000000000000000000e+00,0.000000000000000000e+00,0.000000000000000000e+00,0.000000000000000000e+00,0.000000000000000000e+00,0.000000000000000000e+00,0.000000000000000000e+00,0.000000000000000000e+00,0.000000000000000000e+00,0.000000000000000000e+00,0.000000000000000000e+00,0.000000000000000000e+00,0.000000000000000000e+00
1.541069106931377775e+01,1.538303421902543988e+01,1.535538130079937957e+01,1.532780677613144604e+01,1.530030952305440550e+01,1.527288846969583247e+01,1.524554216459147327e+01,1.521826949551582864e+01,1.519107009370928729e+01,1.516394295011319393e+01,1.513688699670392168e+01,1.510990084478741302e+01,1.508298398146372143e+01,1.505613565771137452e+01,1.502935500190654317e+01,1.500264066342771585e+01,1.497599261690981898e+01,1.494951713152655159e+01,1.492299043197499842e+01,1.489652758662059107e+01,0.000000000000000000e+00,0.000000000000000000e+00,0.000000000000000000e+00,0.000000000000000000e+00,0.000000000000000000e+00,0.000000000000000000e+00,0.000000000000000000e+00,0.000000000000000000e+00,0.000000000000000000e+00,0.000000000000000000e+00,0.000000000000000000e+00,0.000000000000000000e+00,0.000000000000000000e+00,0.000000000000000000e+00,0.000000000000000000e+00,0.000000000000000000e+00,0.000000000000000000e+00,0.000000000000000000e+00,0.000000000000000000e+00,0.000000000000000000e+00
1.539656414524344186e+01,1.536894536532313005e+01,1.534133067229196357e+01,1.531379377252129359e+01,1.528633352528625444e+01,1.525894873739249391e+01,1.523163786817452348e+01,1.520440062442527207e+01,1.517723608169330340e+01,1.515014315591614391e+01,1.512312047954960903e+01,1.509616767484699906e+01,1.506928356372280575e+01,1.504246755262412094e+01,1.501571814102849345e+01,1.498903538995972795e+01,1.496252887096898831e+01,1.493596774103468761e+01,1.490947129525891768e+01,1.488303846226880367e+01,0.000000000000000000e+00,0.000000000000000000e+00,0.000000000000000000e+00,0.000000000000000000e+00,0.000000000000000000e+00,0.000000000000000000e+00,0.000000000000000000e+00,0.000000000000000000e+00,0.000000000000000000e+00,0.000000000000000000e+00,0.000000000000000000e+00,0.000000000000000000e+00,0.000000000000000000e+00,0.000000000000000000e+00,0.000000000000000000e+00,0.000000000000000000e+00,0.000000000000000000e+00,0.000000000000000000e+00,0.000000000000000000e+00,0.000000000000000000e+00
1.538240856863099637e+01,1.535482754609840228e+01,1.532725065652248908e+01,1.529975092404236747e+01,1.527232715284140241e+01,1.524497792079018055e+01,1.521770261445331940e+01,1.519050036192667186e+01,1.516337019442635103e+01,1.513631066420213855e+01,1.510932144851707193e+01,1.508240153441558640e+01,1.505554986945706375e+01,1.502876518260415928e+01,1.500204744646219979e+01,1.497539594413819231e+01,1.494891406745750473e+01,1.492238377507353775e+01,1.489591687371416739e+01,1.486951023426504293e+01,0.000000000000000000e+00,0.000000000000000000e+00,0.000000000000000000e+00,0.000000000000000000e+00,0.000000000000000000e+00,0.000000000000000000e+00,0.000000000000000000e+00,0.000000000000000000e+00,0.000000000000000000e+00,0.000000000000000000e+00,0.000000000000000000e+00,0.000000000000000000e+00,0.000000000000000000e+00,0.000000000000000000e+00,0.000000000000000000e+00,0.000000000000000000e+00,0.000000000000000000e+00,0.000000000000000000e+00,0.000000000000000000e+00,0.000000000000000000e+00
1.536822417509832306e+01,1.534068044758370952e+01,1.531314092543633798e+01,1.528567786252578387e+01,1.525828977403910613e+01,1.523097625577280212e+01,1.520373605773491477e+01,1.517656836300428580e+01,1.514947169410952910e+01,1.512244578321778121e+01,1.509548958028043586e+01,1.506860224279160754e+01,1.504178202925456986e+01,1.501502903250106691e+01,1.498834266943817006e+01,1.496182910447552317e+01,1.493526477496533111e+01,1.490876398341499964e+01,1.488232393671562193e+01,1.485594498916033857e+01,0.000000000000000000e+00,0.000000000000000000e+00,0.000000000000000000e+00,0.000000000000000000e+00,0.000000000000000000e+00,0.000000000000000000e+00,0.000000000000000000e+00,0.000000000000000000e+00,0.000000000000000000e+00,0.000000000000000000e+00,0.000000000000000000e+00,0.000000000000000000e+00,0.000000000000000000e+00,0.000000000000000000e+00,0.000000000000000000e+00,0.000000000000000000e+00,0.000000000000000000e+00,0.000000000000000000e+00,0.000000000000000000e+00,0.000000000000000000e+00
1.535401060025457909e+01,1.532650376231422484e+01,1.529900113037910536e+01,1.527157386615602519e+01,1.524422161846637103e+01,1.521694341466919553e+01,1.518973790412032265e+01,1.516260381680505454e+01,1.513554088610445980e+01,1.510854815292854880e+01,1.508162463835370914e+01,1.505476882352940038e+01,1.502798037152970423e+01,1.500125889352947084e+01,1.497471314261808928e+01,1.494811453913527899e+01,1.492158005276492005e+01,1.489510594338777594e+01,1.486869326337939157e+01,1.484234556375580638e+01,0.000000000000000000e+00,0.000000000000000000e+00,0.000000000000000000e+00,0.000000000000000000e+00,0.000000000000000000e+00,0.000000000000000000e+00,0.000000000000000000e+00,0.000000000000000000e+00,0.000000000000000000e+00,0.000000000000000000e+00,0.000000000000000000e+00,0.000000000000000000e+00,0.000000000000000000e+00,0.000000000000000000e+00,0.000000000000000000e+00,0.000000000000000000e+00,0.000000000000000000e+00,0.000000000000000000e+00,0.000000000000000000e+00,0.000000000000000000e+00
1.533976756606919523e+01,1.531229717175078164e+01,1.528483044541521707e+01,1.525743917535330851e+01,1.523012241393045052e+01,1.520287903661327888e+01,1.517570727918908347e+01,1.514860702005315574e+01,1.512157749575741050e+01,1.509461750178859063e+01,1.506772565289136168e+01,1.504090171175033674e+01,1.501414484871408206e+01,1.498756673158966990e+01,1.496093316639572457e+01,1.493436519148194108e+01,1.490785674838659602e+01,1.488141016797309213e+01,1.485502904629048615e+01,1.482870893800540735e+01,0.000000000000000000e+00,0.000000000000000000e+00,0.000000000000000000e+00,0.000000000000000000e+00,0.000000000000000000e+00,0.000000000000000000e+00,0.000000000000000000e+00,0.000000000000000000e+00,0.000000000000000000e+00,0.000000000000000000e+00,0.000000000000000000e+00,0.000000000000000000e+00,0.000000000000000000e+00,0.000000000000000000e+00,0.000000000000000000e+00,0.000000000000000000e+00,0.000000000000000000e+00,0.000000000000000000e+00,0.000000000000000000e+00,0.000000000000000000e+00
1.532549474340149942e+01,1.529805975362366866e+01,1.527062918046755158e+01,1.524327354985684480e+01,1.521599183931949284e+01,1.518878233564553071e+01,1.516164445571086361e+01,1.513457780647954820e+01,1.510758110360632145e+01,1.508065290451790474e+01,1.505379315233349224e+01,1.502700077272351109e+01,1.500027437263112162e+01,1.497372132177107495e+01,1.494711874221217585e+01,1.492057667425540401e+01,1.489409590967856367e+01,1.486768078287320627e+01,1.484132782237012904e+01,1.481503812631770245e+01,0.000000000000000000e+00,0.000000000000000000e+00,0.000000000000000000e+00,0.000000000000000000e+00,0.000000000000000000e+00,0.000000000000000000e+00,0.000000000000000000e+00,0.000000000000000000e+00,0.000000000000000000e+00,0.000000000000000000e+00,0.000000000000000000e+00,0.000000000000000000e+00,0.000000000000000000e+00,0.000000000000000000e+00,0.000000000000000000e+00,0.000000000000000000e+00,0.000000000000000000e+00,0.000000000000000000e+00,0.000000000000000000e+00,0.000000000000000000e+00
1.531119121940679229e+01,1.528379188565163815e+01,1.525639708537110018e+01,1.522907667061313042e+01,1.520182910165342527e+01,1.517465344337147926e+01,1.514754933493116695e+01,1.512051568513304645e+01,1.509355085503129068e+01,1.506665491114720723e+01,1.503982682025659656e+01,1.501306503352334509e+01,1.498647924380891183e+01,1.495984178759906058e+01,1.493326539538873021e+01,1.490675078673885245e+01,1.488030131885785323e+01,1.485391456601450955e+01,1.482759200450281689e+01,1.480133184924386214e+01,0.000000000000000000e+00,0.000000000000000000e+00,0.000000000000000000e+00,0.000000000000000000e+00,0.000000000000000000e+00,0.000000000000000000e+00,0.000000000000000000e+00,0.000000000000000000e+00,0.000000000000000000e+00,0.000000000000000000e+00,0.000000000000000000e+00,0.000000000000000000e+00,0.000000000000000000e+00,0.000000000000000000e+00,0.000000000000000000e+00,0.000000000000000000e+00,0.000000000000000000e+00,0.000000000000000000e+00,0.000000000000000000e+00,0.000000000000000000e+00
1.529685733492625133e+01,1.526949327649257526e+01,1.524213385640418039e+01,1.521484782992907014e+01,1.518763415332479028e+01,1.516049236338840345e+01,1.513342148813125476e+01,1.510641974789854913e+01,1.507948733968594368e+01,1.505262314885750285e+01,1.502582585589332531e+01,1.499920716626672856e+01,1.497253459915509133e+01,1.494592342727569090e+01,1.491937465350508418e+01,1.489289087777465426e+01,1.486647008684851912e+01,1.484011427390456994e+01,1.481382076684168858e+01,1.478758800112241900e+01,0.000000000000000000e+00,0.000000000000000000e+00,0.000000000000000000e+00,0.000000000000000000e+00,0.000000000000000000e+00,0.000000000000000000e+00,0.000000000000000000e+00,0.000000000000000000e+00,0.000000000000000000e+00,0.000000000000000000e+00,0.000000000000000000e+00,0.000000000000000000e+00,0.000000000000000000e+00,0.000000000000000000e+00,0.000000000000000000e+00,0.000000000000000000e+00,0.000000000000000000e+00,0.000000000000000000e+00,0.000000000000000000e+00,0.000000000000000000e+00
1.528249280761960804e+01,1.525516364849300999e+01,1.522783881951853857e+01,1.520058675444920127e+01,1.517340713341450709e+01,1.514629873294033402e+01,1.511925983712891508e+01,1.509229068769302984e+01,1.506539012889376394e+01,1.503855684649455426e+01,1.501190533275710060e+01,1.498519731717257919e+01,1.495855116108647920e+01,1.493196739154602781e+01,1.490544970387876234e+01,1.487899460123394313e+01,1.485260481926448151e+01,1.482627824758612078e+01,1.480001208440710769e+01,1.477380250272791784e+01,0.000000000000000000e+00,0.000000000000000000e+00,0.000000000000000000e+00,0.000000000000000000e+00,0.000000000000000000e+00,0.000000000000000000e+00,0.000000000000000000e+00,0.000000000000000000e+00,0.000000000000000000e+00,0.000000000000000000e+00,0.000000000000000000e+00,0.000000000000000000e+00,0.000000000000000000e+00,0.000000000000000000e+00,0.000000000000000000e+00,0.000000000000000000e+00,0.000000000000000000e+00,0.000000000000000000e+00,0.000000000000000000e+00,0.000000000000000000e+00
1.526809737001445200e+01,1.524080235477893730e+01,1.521351163003487272e+01,1.518629372584581816e+01,1.515914767905765714e+01,1.513207136678061460e+01,1.510506514069462369e+01,1.507812797064942600e+01,1.505125845949011953e+01,1.502457344724714261e+01,1.499783006301386479e+01,1.497114881706064793e+01,1.494452981195202668e+01,1.491797756991721258e+01,1.489148833992961229e+01,1.486506421286596513e+01,1.483870450716032963e+01,1.481240464952964508e+01,1.478616197969760826e+01,1.476262741935933498e+01,0.000000000000000000e+00,0.000000000000000000e+00,0.000000000000000000e+00,0.000000000000000000e+00,0.000000000000000000e+00,0.000000000000000000e+00,0.000000000000000000e+00,0.000000000000000000e+00,0.000000000000000000e+00,0.000000000000000000e+00,0.000000000000000000e+00,0.000000000000000000e+00,0.000000000000000000e+00,0.000000000000000000e+00,0.000000000000000000e+00,0.000000000000000000e+00,0.000000000000000000e+00,0.000000000000000000e+00,0.000000000000000000e+00,0.000000000000000000e+00
1.525367038805728015e+01,1.522640902821623854e+01,1.519915255091810025e+01,1.517196840171253491e+01,1.514485458539820151e+01,1.511781099190226740e+01,1.509083693675064275e+01,1.506393093489010404e+01,1.503709207340586573e+01,1.501043311065502550e+01,1.498371649035686559e+01,1.495706214740031115e+01,1.493047489946800255e+01,1.490395143213367035e+01,1.487749293500372971e+01,1.485109928945103874e+01,1.482476593644256369e+01,1.479848991858107610e+01,1.477493472356895943e+01,1.475141883452537073e+01,0.000000000000000000e+00,0.000000000000000000e+00,0.000000000000000000e+00,0.000000000000000000e+00,0.000000000000000000e+00,0.000000000000000000e+00,0.000000000000000000e+00,0.000000000000000000e+00,0.000000000000000000e+00,0.000000000000000000e+00,0.000000000000000000e+00,0.000000000000000000e+00,0.000000000000000000e+00,0.000000000000000000e+00,0.000000000000000000e+00,0.000000000000000000e+00,0.000000000000000000e+00,0.000000000000000000e+00,0.000000000000000000e+00,0.000000000000000000e+00
1.523921147030433687e+01,1.521198385593256575e+01,1.518476128821350457e+01,1.515760961761115055e+01,1.513052848535865635e+01,1.510351727615220341e+01,1.507657450926376796e+01,1.504969922900055046e+01,1.502300645911538446e+01,1.499625458577716230e+01,1.496956463150011984e+01,1.494294207952541598e+01,1.491638378548162081e+01,1.488989106274113183e+01,1.486346310366189272e+01,1.483709616001881137e+01,1.481078655101366159e+01,1.478721049579224101e+01,1.476367396935120624e+01,1.529251136953918788e+01,0.000000000000000000e+00,0.000000000000000000e+00,0.000000000000000000e+00,0.000000000000000000e+00,0.000000000000000000e+00,0.000000000000000000e+00,0.000000000000000000e+00,0.000000000000000000e+00,0.000000000000000000e+00,0.000000000000000000e+00,0.000000000000000000e+00,0.000000000000000000e+00,0.000000000000000000e+00,0.000000000000000000e+00,0.000000000000000000e+00,0.000000000000000000e+00,0.000000000000000000e+00,0.000000000000000000e+00,0.000000000000000000e+00,0.000000000000000000e+00
1.522472080976236342e+01,1.519752661917653569e+01,1.517033673623020640e+01,1.514321785384859709e+01,1.511616923526832856e+01,1.508918942502468497e+01,1.506227746032345571e+01,1.503555067013586921e+01,1.500876300339104574e+01,1.498203749527517203e+01,1.495537939354609591e+01,1.492878590511983639e+01,1.490225881414016840e+01,1.487579629244556223e+01,1.484939553795815570e+01,1.482305209378997901e+01,1.479945496548289441e+01,1.477589757862748954e+01,1.530727940429645528e+01,1.524886302839572494e+01,0.000000000000000000e+00,0.000000000000000000e+00,0.000000000000000000e+00,0.000000000000000000e+00,0.000000000000000000e+00,0.000000000000000000e+00,0.000000000000000000e+00,0.000000000000000000e+00,0.000000000000000000e+00,0.000000000000000000e+00,0.000000000000000000e+00,0.000000000000000000e+00,0.000000000000000000e+00,0.000000000000000000e+00,0.000000000000000000e+00,0.000000000000000000e+00,0.000000000000000000e+00,0.000000000000000000e+00,0.000000000000000000e+00,0.000000000000000000e+00
1.521019817621058579e+01,1.518303626383675642e+01,1.515587922673992693e+01,1.512879306039763705e+01,1.510177590386667035e+01,1.507482701310371453e+01,1.504806590945053024e+01,1.502124215770695770e+01,1.499448097122520807e+01,1.496778699446601024e+01,1.494115810459465976e+01,1.491459621454363393e+01,1.488809907915455710e+01,1.486166428885604240e+01,1.483528676001713364e+01,1.481166834952244749e+01,1.478808989003277929e+01,1.532201761062113654e+01,1.526358668096213123e+01,1.523623076059019432e+01,0.000000000000000000e+00,0.000000000000000000e+00,0.000000000000000000e+00,0.000000000000000000e+00,0.000000000000000000e+00,0.000000000000000000e+00,0.000000000000000000e+00,0.000000000000000000e+00,0.000000000000000000e+00,0.000000000000000000e+00,0.000000000000000000e+00,0.000000000000000000e+00,0.000000000000000000e+00,0.000000000000000000e+00,0.000000000000000000e+00,0.000000000000000000e+00,0.000000000000000000e+00,0.000000000000000000e+00,0.000000000000000000e+00,0.000000000000000000e+00
1.519564255502141847e+01,1.516851296969176488e+01,1.514138888780396286e+01,1.511433421235475194e+01,1.508734812660395974e+01,1.506055244932819193e+01,1.503369242313013388e+01,1.500689489552772926e+01,1.498016509799802876e+01,1.495350061698679767e+01,1.492690343353267757e+01,1.490037168705768345e+01,1.487390246092732582e+01,1.484749076757724318e+01,1.482385086190508972e+01,1.480025112085322192e+01,1.533672698389808886e+01,1.527827897463843598e+01,1.525088860059315898e+01,1.522356675029297968e+01,0.000000000000000000e+00,0.000000000000000000e+00,0.000000000000000000e+00,0.000000000000000000e+00,0.000000000000000000e+00,0.000000000000000000e+00,0.000000000000000000e+00,0.000000000000000000e+00,0.000000000000000000e+00,0.000000000000000000e+00,0.000000000000000000e+00,0.000000000000000000e+00,0.000000000000000000e+00,0.000000000000000000e+00,0.000000000000000000e+00,0.000000000000000000e+00,0.000000000000000000e+00,0.000000000000000000e+00,0.000000000000000000e+00,0.000000000000000000e+00
1.518105404005873282e+01,1.515395697799371000e+01,1.512686457780584703e+01,1.509984104521978310e+01,1.507301055439879889e+01,1.504611401551320782e+01,1.501927980090740000e+01,1.499251401603310896e+01,1.496581364428181260e+01,1.493918093523749135e+01,1.491261435749631303e+01,1.488611023058087213e+01,1.485966427041811855e+01,1.483600271978771445e+01,1.481238148538018606e+01,1.535140789813782547e+01,1.529294030462099485e+01,1.526551504074054222e+01,1.523815883039772245e+01,1.521079453601769416e+01,0.000000000000000000e+00,0.000000000000000000e+00,0.000000000000000000e+00,0.000000000000000000e+00,0.000000000000000000e+00,0.000000000000000000e+00,0.000000000000000000e+00,0.000000000000000000e+00,0.000000000000000000e+00,0.000000000000000000e+00,0.000000000000000000e+00,0.000000000000000000e+00,0.000000000000000000e+00,0.000000000000000000e+00,0.000000000000000000e+00,0.000000000000000000e+00,0.000000000000000000e+00,0.000000000000000000e+00,0.000000000000000000e+00,0.000000000000000000e+00
1.516643295790819046e+01,1.513936716606695576e+01,1.511230601428601616e+01,1.508531412381798376e+01,1.505850717713615872e+01,1.503163594388943380e+01,1.500483363840529627e+01,1.497809743087477230e+01,1.495142895159817265e+01,1.492482732106551779e+01,1.489828800121423136e+01,1.487180733403263844e+01,1.484812408784997473e+01,1.482448120027751592e+01,1.536606065624416928e+01,1.530757127768299952e+01,1.528011044367032767e+01,1.525271946157929648e+01,1.522532046777051917e+01,1.519799393906649065e+01,0.000000000000000000e+00,0.000000000000000000e+00,0.000000000000000000e+00,0.000000000000000000e+00,0.000000000000000000e+00,0.000000000000000000e+00,0.000000000000000000e+00,0.000000000000000000e+00,0.000000000000000000e+00,0.000000000000000000e+00,0.000000000000000000e+00,0.000000000000000000e+00,0.000000000000000000e+00,0.000000000000000000e+00,0.000000000000000000e+00,0.000000000000000000e+00,0.000000000000000000e+00,0.000000000000000000e+00,0.000000000000000000e+00,0.000000000000000000e+00
1.515177819204484422e+01,1.512474319322760863e+01,1.509771369223105886e+01,1.507087215007263481e+01,1.504396355843398325e+01,1.501712449958050755e+01,1.499035223234480441e+01,1.496364768459046957e+01,1.493701051749810560e+01,1.491043601639575300e+01,1.488392040072250566e+01,1.486021501504034781e+01,1.483655044047712579e+01,1.538068444177054772e+01,1.532217210749037051e+01,1.529467541889687077e+01,1.526724898137948472e+01,1.523981487728591055e+01,1.521245378381073010e+01,1.518516467251460966e+01,0.000000000000000000e+00,0.000000000000000000e+00,0.000000000000000000e+00,0.000000000000000000e+00,0.000000000000000000e+00,0.000000000000000000e+00,0.000000000000000000e+00,0.000000000000000000e+00,0.000000000000000000e+00,0.000000000000000000e+00,0.000000000000000000e+00,0.000000000000000000e+00,0.000000000000000000e+00,0.000000000000000000e+00,0.000000000000000000e+00,0.000000000000000000e+00,0.000000000000000000e+00,0.000000000000000000e+00,0.000000000000000000e+00,0.000000000000000000e+00
1.513708928018728983e+01,1.511008551679730161e+01,1.508320916444052529e+01,1.505626288437959914e+01,1.502938686076318930e+01,1.500257815575625386e+01,1.497583735925326565e+01,1.494916439255348450e+01,1.492255451204201400e+01,1.489600369578256789e+01,1.487227594921399287e+01,1.484858923962316091e+01,1.539528028035589635e+01,1.533674303287445184e+01,1.530921020311988379e+01,1.528174801278446360e+01,1.525427807969138705e+01,1.522688207153412066e+01,1.519955845482144241e+01,1.517230631037526223e+01,0.000000000000000000e+00,0.000000000000000000e+00,0.000000000000000000e+00,0.000000000000000000e+00,0.000000000000000000e+00,0.000000000000000000e+00,0.000000000000000000e+00,0.000000000000000000e+00,0.000000000000000000e+00,0.000000000000000000e+00,0.000000000000000000e+00,0.000000000000000000e+00,0.000000000000000000e+00,0.000000000000000000e+00,0.000000000000000000e+00,0.000000000000000000e+00,0.000000000000000000e+00,0.000000000000000000e+00,0.000000000000000000e+00,0.000000000000000000e+00
1.512236682682521227e+01,1.509551829314622040e+01,1.506853420309710678e+01,1.504162096103962298e+01,1.501477539570242214e+01,1.498799824832605765e+01,1.496128922764713565e+01,1.493464371912777899e+01,1.490805745513270075e+01,1.488430711409272966e+01,1.486059805028473590e+01,1.540984854621231648e+01,1.535128373081365183e+01,1.532371504828807929e+01,1.529621680230911274e+01,1.526871072566304477e+01,1.524127904479955653e+01,1.521392075368840580e+01,1.518663414122590716e+01,1.515941864713979825e+01,0.000000000000000000e+00,0.000000000000000000e+00,0.000000000000000000e+00,0.000000000000000000e+00,0.000000000000000000e+00,0.000000000000000000e+00,0.000000000000000000e+00,0.000000000000000000e+00,0.000000000000000000e+00,0.000000000000000000e+00,0.000000000000000000e+00,0.000000000000000000e+00,0.000000000000000000e+00,0.000000000000000000e+00,0.000000000000000000e+00,0.000000000000000000e+00,0.000000000000000000e+00,0.000000000000000000e+00,0.000000000000000000e+00,0.000000000000000000e+00
1.510773709189651370e+01,1.508077775240209917e+01,1.505382703588416682e+01,1.502694434656721079e+01,1.500013063262391988e+01,1.497338526016114102e+01,1.494670387317253990e+01,1.492008191034108933e+01,1.489630874558826079e+01,1.487257709452354604e+01,1.542438957951213752e+01,1.536579507489097729e+01,1.533818957408423600e+01,1.531065561178143852e+01,1.528311308843923122e+01,1.525564538851950758e+01,1.522825158180198990e+01,1.520093055689271822e+01,1.517368055117116654e+01,1.514650147497943600e+01,0.000000000000000000e+00,0.000000000000000000e+00,0.000000000000000000e+00,0.000000000000000000e+00,0.000000000000000000e+00,0.000000000000000000e+00,0.000000000000000000e+00,0.000000000000000000e+00,0.000000000000000000e+00,0.000000000000000000e+00,0.000000000000000000e+00,0.000000000000000000e+00,0.000000000000000000e+00,0.000000000000000000e+00,0.000000000000000000e+00,0.000000000000000000e+00,0.000000000000000000e+00,0.000000000000000000e+00,0.000000000000000000e+00,0.000000000000000000e+00
1.509293171438392278e+01,1.506600532646195845e+01,1.503908523585613466e+01,1.501223471489020866e+01,1.498545272646660109e+01,1.495873520829158920e+01,1.493207729391392036e+01,1.490828107443344130e+01,1.488452660848053455e+01,1.543890360345316282e+01,1.538027737196981803e+01,1.535263467419872541e+01,1.532506402334749396e+01,1.529748538773701583e+01,1.526998139184749981e+01,1.524255171096100625e+01,1.521519538834641239e+01,1.518791108115816968e+01,1.516069753279723464e+01,1.513355450433063965e+01,0.000000000000000000e+00,0.000000000000000000e+00,0.000000000000000000e+00,0.000000000000000000e+00,0.000000000000000000e+00,0.000000000000000000e+00,0.000000000000000000e+00,0.000000000000000000e+00,0.000000000000000000e+00,0.000000000000000000e+00,0.000000000000000000e+00,0.000000000000000000e+00,0.000000000000000000e+00,0.000000000000000000e+00,0.000000000000000000e+00,0.000000000000000000e+00,0.000000000000000000e+00,0.000000000000000000e+00,0.000000000000000000e+00,0.000000000000000000e+00
1.507809457925933927e+01,1.505119823718098715e+01,1.502431053246354686e+01,1.499749184365281351e+01,1.497073795637743032e+01,1.494404383921693125e+01,1.492022433320809860e+01,1.489644682240220774e+01,1.545339005962411605e+01,1.539473084517978663e+01,1.536705064887210526e+01,1.533944293994147401e+01,1.531182727475789207e+01,1.528428726432586515e+01,1.525682143220210207e+01,1.522942939926715944e+01,1.520210992495864133e+01,1.517486221238367960e+01,1.514768479219956632e+01,1.512057742365438351e+01,0.000000000000000000e+00,0.000000000000000000e+00,0.000000000000000000e+00,0.000000000000000000e+00,0.000000000000000000e+00,0.000000000000000000e+00,0.000000000000000000e+00,0.000000000000000000e+00,0.000000000000000000e+00,0.000000000000000000e+00,0.000000000000000000e+00,0.000000000000000000e+00,0.000000000000000000e+00,0.000000000000000000e+00,0.000000000000000000e+00,0.000000000000000000e+00,0.000000000000000000e+00,0.000000000000000000e+00,0.000000000000000000e+00,0.000000000000000000e+00
1.506322278699860284e+01,1.503635848535202335e+01,1.500950285130980255e+01,1.498271234921527473e+01,1.495598178067908535e+01,1.493213875441202632e+01,1.490833796817005918e+01,1.546784974576046068e+01,1.540915588348674170e+01,1.538143774724728274e+01,1.535379265187616582e+01,1.532613955474915457e+01,1.529856272801919559e+01,1.527106098805529300e+01,1.524363292213570809e+01,1.521627793664827344e+01,1.518899517731898641e+01,1.516178369256436120e+01,1.513464204257084234e+01,1.510756992906240193e+01,0.000000000000000000e+00,0.000000000000000000e+00,0.000000000000000000e+00,0.000000000000000000e+00,0.000000000000000000e+00,0.000000000000000000e+00,0.000000000000000000e+00,0.000000000000000000e+00,0.000000000000000000e+00,0.000000000000000000e+00,0.000000000000000000e+00,0.000000000000000000e+00,0.000000000000000000e+00,0.000000000000000000e+00,0.000000000000000000e+00,0.000000000000000000e+00,0.000000000000000000e+00,0.000000000000000000e+00,0.000000000000000000e+00,0.000000000000000000e+00
1.504831853633064220e+01,1.502148599997903133e+01,1.499465852919252029e+01,1.496789135049598407e+01,1.494402457192090949e+01,1.492020027798411519e+01,1.548228315817323164e+01,1.542355253647636815e+01,1.539579630531692267e+01,1.536811343707503141e+01,1.534042254831335583e+01,1.531280848213271639e+01,1.528527011128314861e+01,1.525780625525950640e+01,1.523041537965860392e+01,1.520309721722630059e+01,1.517585086028039143e+01,1.514867523931138038e+01,1.512156899542225119e+01,1.509453177361746334e+01,0.000000000000000000e+00,0.000000000000000000e+00,0.000000000000000000e+00,0.000000000000000000e+00,0.000000000000000000e+00,0.000000000000000000e+00,0.000000000000000000e+00,0.000000000000000000e+00,0.000000000000000000e+00,0.000000000000000000e+00,0.000000000000000000e+00,0.000000000000000000e+00,0.000000000000000000e+00,0.000000000000000000e+00,0.000000000000000000e+00,0.000000000000000000e+00,0.000000000000000000e+00,0.000000000000000000e+00,0.000000000000000000e+00,0.000000000000000000e+00
1.503338179343731262e+01,1.500657674356413196e+01,1.497977275034505240e+01,1.495588202241076736e+01,1.493203398500223145e+01,1.549669059226833667e+01,1.543792081748856404e+01,1.541012645680136650e+01,1.538240558079654718e+01,1.535467655504174367e+01,1.532702486736642200e+01,1.529944941040965389e+01,1.527194912623900080e+01,1.524452257191499704e+01,1.521716864778995593e+01,1.518988701058273705e+01,1.516267666620290555e+01,1.513553656073351306e+01,1.510846531337112353e+01,1.508146242923420566e+01,0.000000000000000000e+00,0.000000000000000000e+00,0.000000000000000000e+00,0.000000000000000000e+00,0.000000000000000000e+00,0.000000000000000000e+00,0.000000000000000000e+00,0.000000000000000000e+00,0.000000000000000000e+00,0.000000000000000000e+00,0.000000000000000000e+00,0.000000000000000000e+00,0.000000000000000000e+00,0.000000000000000000e+00,0.000000000000000000e+00,0.000000000000000000e+00,0.000000000000000000e+00,0.000000000000000000e+00,0.000000000000000000e+00,0.000000000000000000e+00
1.501840816729404438e+01,1.499162625222237644e+01,1.496771134126588976e+01,1.494383932540104176e+01,1.551107235499388182e+01,1.545226140087493327e+01,1.542442813210713837e+01,1.539666928933326773e+01,1.536890181340017847e+01,1.534121217417407479e+01,1.531359928934364234e+01,1.528606206377485499e+01,1.525859935947653057e+01,1.523120972286994856e+01,1.520389248497166612e+01,1.517664702708256108e+01,1.514947230687172208e+01,1.512236736148945582e+01,1.509533058005760253e+01,1.506836182449851691e+01,0.000000000000000000e+00,0.000000000000000000e+00,0.000000000000000000e+00,0.000000000000000000e+00,0.000000000000000000e+00,0.000000000000000000e+00,0.000000000000000000e+00,0.000000000000000000e+00,0.000000000000000000e+00,0.000000000000000000e+00,0.000000000000000000e+00,0.000000000000000000e+00,0.000000000000000000e+00,0.000000000000000000e+00,0.000000000000000000e+00,0.000000000000000000e+00,0.000000000000000000e+00,0.000000000000000000e+00,0.000000000000000000e+00,0.000000000000000000e+00
1.500339349515525811e+01,1.497951273319596766e+01,1.495561653389924217e+01,1.552542858429220551e+01,1.546657461852201365e+01,1.543870206264875478e+01,1.541090443076359406e+01,1.538309862940638695e+01,1.535537068284036266e+01,1.532772001867348877e+01,1.530014551192471473e+01,1.527264607147741415e+01,1.524522044859239500e+01,1.521786757813802282e+01,1.519058663308542734e+01,1.516337697399428386e+01,1.513623751309403076e+01,1.510916716329777643e+01,1.508216461279030440e+01,1.505522977641407678e+01,0.000000000000000000e+00,0.000000000000000000e+00,0.000000000000000000e+00,0.000000000000000000e+00,0.000000000000000000e+00,0.000000000000000000e+00,0.000000000000000000e+00,0.000000000000000000e+00,0.000000000000000000e+00,0.000000000000000000e+00,0.000000000000000000e+00,0.000000000000000000e+00,0.000000000000000000e+00,0.000000000000000000e+00,0.000000000000000000e+00,0.000000000000000000e+00,0.000000000000000000e+00,0.000000000000000000e+00,0.000000000000000000e+00,0.000000000000000000e+00
1.499122827504551125e+01,1.496736584542478887e+01,1.553975904760148197e+01,1.548086072627016563e+01,1.545294851519307677e+01,1.542511174491179560e+01,1.539726675742502238e+01,1.536950068772647171e+01,1.534181187905706878e+01,1.531419975549827939e+01,1.528666323670437421e+01,1.525920096324338360e+01,1.523181228525206343e+01,1.520449578792709389e+01,1.517725079951019396e+01,1.515007655733272784e+01,1.512297188572979678e+01,1.509593573115185627e+01,1.506896724661047671e+01,1.504206597880815188e+01,0.000000000000000000e+00,0.000000000000000000e+00,0.000000000000000000e+00,0.000000000000000000e+00,0.000000000000000000e+00,0.000000000000000000e+00,0.000000000000000000e+00,0.000000000000000000e+00,0.000000000000000000e+00,0.000000000000000000e+00,0.000000000000000000e+00,0.000000000000000000e+00,0.000000000000000000e+00,0.000000000000000000e+00,0.000000000000000000e+00,0.000000000000000000e+00,0.000000000000000000e+00,0.000000000000000000e+00,0.000000000000000000e+00,0.000000000000000000e+00
1.497902972178602710e+01,1.555406426262088004e+01,1.549512007828398197e+01,1.546716778620081811e+01,1.543929153280884847e+01,1.541140697206204635e+01,1.538360193280689359e+01,1.535587512629854601e+01,1.532822506962328291e+01,1.530065109321913397e+01,1.527315185349725368e+01,1.524572673429232239e+01,1.521837460216277194e+01,1.519109410443553365e+01,1.516388468496452901e+01,1.513674538287138738e+01,1.510967501834030102e+01,1.508267299448205812e+01,1.505573818814909615e+01,1.502887009883845870e+01,0.000000000000000000e+00,0.000000000000000000e+00,0.000000000000000000e+00,0.000000000000000000e+00,0.000000000000000000e+00,0.000000000000000000e+00,0.000000000000000000e+00,0.000000000000000000e+00,0.000000000000000000e+00,0.000000000000000000e+00,0.000000000000000000e+00,0.000000000000000000e+00,0.000000000000000000e+00,0.000000000000000000e+00,0.000000000000000000e+00,0.000000000000000000e+00,0.000000000000000000e+00,0.000000000000000000e+00,0.000000000000000000e+00,0.000000000000000000e+00
1.556826058892802678e+01,1.550935298853740996e+01,1.548136019514139505e+01,1.545344404968339092e+01,1.542551956643458588e+01,1.539767516373366441e+01,1.536990964805491799e+01,1.534222170023171827e+01,1.531460994436559275e+01,1.528707340997284980e+01,1.525961145800080487e+01,1.523222306659974734e+01,1.520490705958708944e+01,1.517766223664205327e+01,1.515048796047610935e+01,1.512338302662706369e+01,1.509634691585621269e+01,1.506937866865534303e+01,1.504247717443789512e+01,1.501564168774025987e+01,0.000000000000000000e+00,0.000000000000000000e+00,0.000000000000000000e+00,0.000000000000000000e+00,0.000000000000000000e+00,0.000000000000000000e+00,0.000000000000000000e+00,0.000000000000000000e+00,0.000000000000000000e+00,0.000000000000000000e+00,0.000000000000000000e+00,0.000000000000000000e+00,0.000000000000000000e+00,0.000000000000000000e+00,0.000000000000000000e+00,0.000000000000000000e+00,0.000000000000000000e+00,0.000000000000000000e+00,0.000000000000000000e+00,0.000000000000000000e+00
1.552347756210861007e+01,1.549552606038827385e+01,1.546756959100449969e+01,1.543960484475879724e+01,1.541172068943188300e+01,1.538391600430970030e+01,1.535618959263116956e+01,1.532854008754329911e+01,1.530096591379432169e+01,1.527346677064010549e+01,1.524604173246351557e+01,1.521868962479848264e+01,1.519140941460264926e+01,1.516419987133603442e+01,1.513706009151772491e+01,1.510998948693458743e+01,1.508298729460637055e+01,1.505605246913307482e+01,1.502918365424541847e+01,1.500238063024941937e+01,0.000000000000000000e+00,0.000000000000000000e+00,0.000000000000000000e+00,0.000000000000000000e+00,0.000000000000000000e+00,0.000000000000000000e+00,0.000000000000000000e+00,0.000000000000000000e+00,0.000000000000000000e+00,0.000000000000000000e+00,0.000000000000000000e+00,0.000000000000000000e+00,0.000000000000000000e+00,0.000000000000000000e+00,0.000000000000000000e+00,0.000000000000000000e+00,0.000000000000000000e+00,0.000000000000000000e+00,0.000000000000000000e+00,0.000000000000000000e+00
1.550958434446176426e+01,1.548166849950617774e+01,1.545366305302790266e+01,1.542573880338181880e+01,1.539789458037634517e+01,1.537012918548447615e+01,1.534244145980486174e+01,1.531482965490755177e+01,1.528729296435529328e+01,1.525983091115764445e+01,1.523244237135771328e+01,1.520512613566230442e+01,1.517788137745754895e+01,1.515070639109762851e+01,1.512360106673864735e+01,1.509656450351580403e+01,1.506959587296159953e+01,1.504269386577720979e+01,1.501585750700237121e+01,1.498908683751636062e+01,0.000000000000000000e+00,0.000000000000000000e+00,0.000000000000000000e+00,0.000000000000000000e+00,0.000000000000000000e+00,0.000000000000000000e+00,0.000000000000000000e+00,0.000000000000000000e+00,0.000000000000000000e+00,0.000000000000000000e+00,0.000000000000000000e+00,0.000000000000000000e+00,0.000000000000000000e+00,0.000000000000000000e+00,0.000000000000000000e+00,0.000000000000000000e+00,0.000000000000000000e+00,0.000000000000000000e+00,0.000000000000000000e+00,0.000000000000000000e+00
1.549566046796934771e+01,1.546769449372451710e+01,1.543972980828418073e+01,1.541184565653704297e+01,1.538404091766547133e+01,1.535631439475404036e+01,1.532866472118260148e+01,1.530109032104965650e+01,1.527359089397160652e+01,1.524616551374550255e+01,1.521881300580501417e+01,1.519153233714283857e+01,1.516432227586117421e+01,1.513718192013003971e+01,1.511011068070278185e+01,1.508310779400908785e+01,1.505617221405199579e+01,1.502930258407631925e+01,1.500249868649103036e+01,1.497575991860399824e+01,0.000000000000000000e+00,0.000000000000000000e+00,0.000000000000000000e+00,0.000000000000000000e+00,0.000000000000000000e+00,0.000000000000000000e+00,0.000000000000000000e+00,0.000000000000000000e+00,0.000000000000000000e+00,0.000000000000000000e+00,0.000000000000000000e+00,0.000000000000000000e+00,0.000000000000000000e+00,0.000000000000000000e+00,0.000000000000000000e+00,0.000000000000000000e+00,0.000000000000000000e+00,0.000000000000000000e+00,0.000000000000000000e+00,0.000000000000000000e+00
1.548161963730676760e+01,1.545369394910431993e+01,1.542576953045664112e+01,1.539792507753420736e+01,1.537015939684885169e+01,1.534247116923305398e+01,1.531485901885001333e+01,1.528732197399098425e+01,1.525985939604932184e+01,1.523247026236390766e+01,1.520515339646499342e+01,1.517790759735169459e+01,1.515073222728903346e+01,1.512362608238131223e+01,1.509658864222940267e+01,1.506961894633432308e+01,1.504271588191212317e+01,1.501587870705253636e+01,1.498910691574283049e+01,1.496239930393929995e+01,0.000000000000000000e+00,0.000000000000000000e+00,0.000000000000000000e+00,0.000000000000000000e+00,0.000000000000000000e+00,0.000000000000000000e+00,0.000000000000000000e+00,0.000000000000000000e+00,0.000000000000000000e+00,0.000000000000000000e+00,0.000000000000000000e+00,0.000000000000000000e+00,0.000000000000000000e+00,0.000000000000000000e+00,0.000000000000000000e+00,0.000000000000000000e+00,0.000000000000000000e+00,0.000000000000000000e+00,0.000000000000000000e+00,0.000000000000000000e+00
1.546755239042892072e+01,1.543966649896978716e+01,1.541178194917637256e+01,1.538397674851947983e+01,1.535624960877280287e+01,1.532859904686659647e+01,1.530102439138158665e+01,1.527352429940150813e+01,1.524609815391539414e+01,1.521874482059308598e+01,1.519146294685027243e+01,1.516425197480931786e+01,1.513711094346873942e+01,1.511003867349358742e+01,1.508303456599365688e+01,1.505609749537744335e+01,1.502922696212474385e+01,1.500242194400780527e+01,1.497568153651701195e+01,1.494911673267443852e+01,0.000000000000000000e+00,0.000000000000000000e+00,0.000000000000000000e+00,0.000000000000000000e+00,0.000000000000000000e+00,0.000000000000000000e+00,0.000000000000000000e+00,0.000000000000000000e+00,0.000000000000000000e+00,0.000000000000000000e+00,0.000000000000000000e+00,0.000000000000000000e+00,0.000000000000000000e+00,0.000000000000000000e+00,0.000000000000000000e+00,0.000000000000000000e+00,0.000000000000000000e+00,0.000000000000000000e+00,0.000000000000000000e+00,0.000000000000000000e+00
1.545345838517512860e+01,1.542561182400184094e+01,1.539776673636168347e+01,1.537000033707971625e+01,1.534231096992803423e+01,1.531469805678128182e+01,1.528716051693384514e+01,1.525969699105653277e+01,1.523230682806203085e+01,1.520498861253519962e+01,1.517774167142797381e+01,1.515056524141094840e+01,1.512345814596896432e+01,1.509641933155503679e+01,1.506944794819073508e+01,1.504254354114221215e+01,1.501570523110365940e+01,1.498893175561745750e+01,1.496222229611766252e+01,1.493568535768299910e+01,0.000000000000000000e+00,0.000000000000000000e+00,0.000000000000000000e+00,0.000000000000000000e+00,0.000000000000000000e+00,0.000000000000000000e+00,0.000000000000000000e+00,0.000000000000000000e+00,0.000000000000000000e+00,0.000000000000000000e+00,0.000000000000000000e+00,0.000000000000000000e+00,0.000000000000000000e+00,0.000000000000000000e+00,0.000000000000000000e+00,0.000000000000000000e+00,0.000000000000000000e+00,0.000000000000000000e+00,0.000000000000000000e+00,0.000000000000000000e+00
1.543933727865271166e+01,1.541152964465529607e+01,1.538372357503433108e+01,1.535599507431378186e+01,1.532834356755592609e+01,1.530076792920247186e+01,1.527326706738286966e+01,1.524583973348471666e+01,1.521848486106718568e+01,1.519120162127074103e+01,1.516398937409464764e+01,1.513684703024375722e+01,1.510977350226905003e+01,1.508276747688204722e+01,1.505582886599762560e+01,1.502895679023352571e+01,1.500215022268366560e+01,1.497540771378747237e+01,1.494884068558343060e+01,1.492221979022165179e+01,0.000000000000000000e+00,0.000000000000000000e+00,0.000000000000000000e+00,0.000000000000000000e+00,0.000000000000000000e+00,0.000000000000000000e+00,0.000000000000000000e+00,0.000000000000000000e+00,0.000000000000000000e+00,0.000000000000000000e+00,0.000000000000000000e+00,0.000000000000000000e+00,0.000000000000000000e+00,0.000000000000000000e+00,0.000000000000000000e+00,0.000000000000000000e+00,0.000000000000000000e+00,0.000000000000000000e+00,0.000000000000000000e+00,0.000000000000000000e+00
1.542518874993450595e+01,1.539741963660753399e+01,1.536965166829962115e+01,1.534196119108277756e+01,1.531434712151009236e+01,1.528680836404134880e+01,1.525934377984242474e+01,1.523195191533486259e+01,1.520463209913556213e+01,1.517738371100576700e+01,1.515020570752886542e+01,1.512309712419049390e+01,1.509605634944499464e+01,1.506908324344187022e+01,1.504217712411593055e+01,1.501533686103152831e+01,1.498856131007444503e+01,1.496185007242757692e+01,1.493531039901684743e+01,1.490871770701533805e+01,0.000000000000000000e+00,0.000000000000000000e+00,0.000000000000000000e+00,0.000000000000000000e+00,0.000000000000000000e+00,0.000000000000000000e+00,0.000000000000000000e+00,0.000000000000000000e+00,0.000000000000000000e+00,0.000000000000000000e+00,0.000000000000000000e+00,0.000000000000000000e+00,0.000000000000000000e+00,0.000000000000000000e+00,0.000000000000000000e+00,0.000000000000000000e+00,0.000000000000000000e+00,0.000000000000000000e+00,0.000000000000000000e+00,0.000000000000000000e+00
1.541101250892458019e+01,1.538328103706356131e+01,1.535555123559269575e+01,1.532789836837911324e+01,1.530032132638633335e+01,1.527281905169253662e+01,1.524539010074057366e+01,1.521803337259499855e+01,1.519074852123154784e+01,1.516353455148930252e+01,1.513639040752894971e+01,1.510931470664044340e+01,1.508230695401720212e+01,1.505536641862887670e+01,1.502849224242399373e+01,1.500168307966692538e+01,1.497493893406728382e+01,1.494836914625831881e+01,1.492174368545996899e+01,1.489518083547710603e+01,0.000000000000000000e+00,0.000000000000000000e+00,0.000000000000000000e+00,0.000000000000000000e+00,0.000000000000000000e+00,0.000000000000000000e+00,0.000000000000000000e+00,0.000000000000000000e+00,0.000000000000000000e+00,0.000000000000000000e+00,0.000000000000000000e+00,0.000000000000000000e+00,0.000000000000000000e+00,0.000000000000000000e+00,0.000000000000000000e+00,0.000000000000000000e+00,0.000000000000000000e+00,0.000000000000000000e+00,0.000000000000000000e+00,0.000000000000000000e+00
1.539680780165390317e+01,1.536911395270686320e+01,1.534142194703848361e+01,1.531380630123172182e+01,1.528626588702027433e+01,1.525879952343601786e+01,1.523140567568732706e+01,1.520408407317687960e+01,1.517683380666689352e+01,1.514965380490030356e+01,1.512254270681275869e+01,1.509550015619914731e+01,1.506852498361127246e+01,1.504161661526674365e+01,1.501477355203967079e+01,1.498799588694240015e+01,1.496139628708208136e+01,1.493473759604824025e+01,1.490814237301150058e+01,1.488160955543526853e+01,0.000000000000000000e+00,0.000000000000000000e+00,0.000000000000000000e+00,0.000000000000000000e+00,0.000000000000000000e+00,0.000000000000000000e+00,0.000000000000000000e+00,0.000000000000000000e+00,0.000000000000000000e+00,0.000000000000000000e+00,0.000000000000000000e+00,0.000000000000000000e+00,0.000000000000000000e+00,0.000000000000000000e+00,0.000000000000000000e+00,0.000000000000000000e+00,0.000000000000000000e+00,0.000000000000000000e+00,0.000000000000000000e+00,0.000000000000000000e+00
1.538257467245659171e+01,1.535491815281840644e+01,1.532726353933265884e+01,1.529968467445120872e+01,1.527218037427977038e+01,1.524474922548340849e+01,1.521739063156487504e+01,1.519010373696464811e+01,1.516288758723665708e+01,1.513574074052660734e+01,1.510866289682670427e+01,1.508165305580630999e+01,1.505471017419468005e+01,1.502783298863546868e+01,1.500102150082930841e+01,1.497427501063231503e+01,1.494769986352431523e+01,1.492107199830700637e+01,1.489450631269525971e+01,1.486799962870522585e+01,0.000000000000000000e+00,0.000000000000000000e+00,0.000000000000000000e+00,0.000000000000000000e+00,0.000000000000000000e+00,0.000000000000000000e+00,0.000000000000000000e+00,0.000000000000000000e+00,0.000000000000000000e+00,0.000000000000000000e+00,0.000000000000000000e+00,0.000000000000000000e+00,0.000000000000000000e+00,0.000000000000000000e+00,0.000000000000000000e+00,0.000000000000000000e+00,0.000000000000000000e+00,0.000000000000000000e+00,0.000000000000000000e+00,0.000000000000000000e+00
1.536831296299534699e+01,1.534069332775431960e+01,1.531307568778359141e+01,1.528553312266661202e+01,1.525806415534904126e+01,1.523066840329810390e+01,1.520334462528006014e+01,1.517609202128656776e+01,1.514890912058117678e+01,1.512179567868009755e+01,1.509475065673912830e+01,1.506777322821367093e+01,1.504086164773453760e+01,1.501401604024864156e+01,1.498723584235991346e+01,1.496063018058945993e+01,1.493396946583228235e+01,1.490737108086014118e+01,1.488083219861498208e+01,1.485435320061395892e+01,0.000000000000000000e+00,0.000000000000000000e+00,0.000000000000000000e+00,0.000000000000000000e+00,0.000000000000000000e+00,0.000000000000000000e+00,0.000000000000000000e+00,0.000000000000000000e+00,0.000000000000000000e+00,0.000000000000000000e+00,0.000000000000000000e+00,0.000000000000000000e+00,0.000000000000000000e+00,0.000000000000000000e+00,0.000000000000000000e+00,0.000000000000000000e+00,0.000000000000000000e+00,0.000000000000000000e+00,0.000000000000000000e+00,0.000000000000000000e+00
1.535402231273983809e+01,1.532643917418261026e+01,1.529885804717410380e+01,1.527135092209796952e+01,1.524391747017291010e+01,1.521655673237995288e+01,1.518926736572374381e+01,1.516204811060585556e+01,1.513489872419742355e+01,1.510781826029831620e+01,1.508080575354292385e+01,1.505385968725471812e+01,1.502697974557099769e+01,1.500016556435823389e+01,1.497352885871323913e+01,1.494683503663358337e+01,1.492020414023241770e+01,1.489363236784781286e+01,1.486712082766399234e+01,1.484067319175071376e+01,0.000000000000000000e+00,0.000000000000000000e+00,0.000000000000000000e+00,0.000000000000000000e+00,0.000000000000000000e+00,0.000000000000000000e+00,0.000000000000000000e+00,0.000000000000000000e+00,0.000000000000000000e+00,0.000000000000000000e+00,0.000000000000000000e+00,0.000000000000000000e+00,0.000000000000000000e+00,0.000000000000000000e+00,0.000000000000000000e+00,0.000000000000000000e+00,0.000000000000000000e+00,0.000000000000000000e+00,0.000000000000000000e+00,0.000000000000000000e+00
1.533970244768168989e+01,1.531215537728981246e+01,1.528460978876321441e+01,1.525713832379865309e+01,1.522974004971553086e+01,1.520241385370914244e+01,1.517515797308110237e+01,1.514797231259158750e+01,1.512085612598899331e+01,1.509380821740816536e+01,1.506682720733229885e+01,1.503991288256740333e+01,1.501306442708929367e+01,1.498639647678883691e+01,1.495966882266313824e+01,1.493300561473121313e+01,1.490640066049863677e+01,1.487985638952888934e+01,1.485337651681910742e+01,1.482695650512437879e+01,0.000000000000000000e+00,0.000000000000000000e+00,0.000000000000000000e+00,0.000000000000000000e+00,0.000000000000000000e+00,0.000000000000000000e+00,0.000000000000000000e+00,0.000000000000000000e+00,0.000000000000000000e+00,0.000000000000000000e+00,0.000000000000000000e+00,0.000000000000000000e+00,0.000000000000000000e+00,0.000000000000000000e+00,0.000000000000000000e+00,0.000000000000000000e+00,0.000000000000000000e+00,0.000000000000000000e+00,0.000000000000000000e+00,0.000000000000000000e+00
1.532535304254957786e+01,1.529784101057988011e+01,1.527033123289518812e+01,1.524289509105503271e+01,1.521553157612965990e+01,1.518823897769281928e+01,1.516101673099730540e+01,1.513386446602637392e+01,1.510678090688838360e+01,1.507976461562356363e+01,1.505281556342064953e+01,1.502593268432045193e+01,1.499911459051361717e+01,1.497247152209389398e+01,1.494577483419293173e+01,1.491913741892744838e+01,1.489256011041861605e+01,1.486604738312368212e+01,1.483959571431576130e+01,1.481320625220262421e+01,0.000000000000000000e+00,0.000000000000000000e+00,0.000000000000000000e+00,0.000000000000000000e+00,0.000000000000000000e+00,0.000000000000000000e+00,0.000000000000000000e+00,0.000000000000000000e+00,0.000000000000000000e+00,0.000000000000000000e+00,0.000000000000000000e+00,0.000000000000000000e+00,0.000000000000000000e+00,0.000000000000000000e+00,0.000000000000000000e+00,0.000000000000000000e+00,0.000000000000000000e+00,0.000000000000000000e+00,0.000000000000000000e+00,0.000000000000000000e+00
1.531097318055905099e+01,1.528349646382086036e+01,1.525602213412421548e+01,1.522862090800089874e+01,1.520129125223901667e+01,1.517403224434767495e+01,1.514684354636870367e+01,1.511972407898949378e+01,1.509267220547652855e+01,1.506568802183935851e+01,1.503877050596856080e+01,1.501191810932852988e+01,1.498524339078086953e+01,1.495851292909018682e+01,1.493184231592472422e+01,1.490523230941150779e+01,1.487868636758892293e+01,1.485220205100711865e+01,1.482578090200733101e+01,1.479942112408345523e+01,0.000000000000000000e+00,0.000000000000000000e+00,0.000000000000000000e+00,0.000000000000000000e+00,0.000000000000000000e+00,0.000000000000000000e+00,0.000000000000000000e+00,0.000000000000000000e+00,0.000000000000000000e+00,0.000000000000000000e+00,0.000000000000000000e+00,0.000000000000000000e+00,0.000000000000000000e+00,0.000000000000000000e+00,0.000000000000000000e+00,0.000000000000000000e+00,0.000000000000000000e+00,0.000000000000000000e+00,0.000000000000000000e+00,0.000000000000000000e+00
1.529656321397981067e+01,1.526912144859604048e+01,1.524168219132946867e+01,1.521431506433579806e+01,1.518701903679466980e+01,1.515979366467294653e+01,1.513263799093225614e+01,1.510555023595765256e+01,1.507853062808921862e+01,1.505157806331721915e+01,1.502469122755465136e+01,1.499798467918513012e+01,1.497122018974583391e+01,1.494451589531221458e+01,1.491787284450337125e+01,1.489129371138234426e+01,1.486477648015441666e+01,1.483832323003368359e+01,1.481193124333206335e+01,1.478559896388662942e+01,0.000000000000000000e+00,0.000000000000000000e+00,0.000000000000000000e+00,0.000000000000000000e+00,0.000000000000000000e+00,0.000000000000000000e+00,0.000000000000000000e+00,0.000000000000000000e+00,0.000000000000000000e+00,0.000000000000000000e+00,0.000000000000000000e+00,0.000000000000000000e+00,0.000000000000000000e+00,0.000000000000000000e+00,0.000000000000000000e+00,0.000000000000000000e+00,0.000000000000000000e+00,0.000000000000000000e+00,0.000000000000000000e+00,0.000000000000000000e+00
1.528212286400647457e+01,1.525471569136821159e+01,1.522731072859614443e+01,1.519997728965895334e+01,1.517271507731418012e+01,1.514552287742118608e+01,1.511839897649376141e+01,1.509134364776059556e+01,1.506435574637844610e+01,1.503743396266277799e+01,1.501069564702692638e+01,1.498389677069380532e+01,1.495715857037344065e+01,1.493048160372027056e+01,1.490386967640810667e+01,1.487731923535373646e+01,1.485083312538769107e+01,1.482440921756493069e+01,1.479804466768614901e+01,1.477173555169108710e+01,0.000000000000000000e+00,0.000000000000000000e+00,0.000000000000000000e+00,0.000000000000000000e+00,0.000000000000000000e+00,0.000000000000000000e+00,0.000000000000000000e+00,0.000000000000000000e+00,0.000000000000000000e+00,0.000000000000000000e+00,0.000000000000000000e+00,0.000000000000000000e+00,0.000000000000000000e+00,0.000000000000000000e+00,0.000000000000000000e+00,0.000000000000000000e+00,0.000000000000000000e+00,0.000000000000000000e+00,0.000000000000000000e+00,0.000000000000000000e+00
1.526765186702318644e+01,1.524027854360518397e+01,1.521290740326950264e+01,1.518560787619235342e+01,1.515837901319627434e+01,1.513121868622650190e+01,1.510412728066781440e+01,1.507710377956288639e+01,1.505014678983917520e+01,1.502337599771201226e+01,1.499654280726124611e+01,1.496977057764708263e+01,1.494305943562346783e+01,1.491641403646230657e+01,1.488983056502597080e+01,1.486331119474919404e+01,1.483685528020928324e+01,1.481045813955989487e+01,1.478411706666275549e+01,1.476048451988567045e+01,0.000000000000000000e+00,0.000000000000000000e+00,0.000000000000000000e+00,0.000000000000000000e+00,0.000000000000000000e+00,0.000000000000000000e+00,0.000000000000000000e+00,0.000000000000000000e+00,0.000000000000000000e+00,0.000000000000000000e+00,0.000000000000000000e+00,0.000000000000000000e+00,0.000000000000000000e+00,0.000000000000000000e+00,0.000000000000000000e+00,0.000000000000000000e+00,0.000000000000000000e+00,0.000000000000000000e+00,0.000000000000000000e+00,0.000000000000000000e+00
1.525314958755661365e+01,1.522580964051859453e+01,1.519847248940194362e+01,1.517120648443270525e+01,1.514400962841225606e+01,1.511688183579380507e+01,1.508982244172047160e+01,1.506282996438390853e+01,1.503590350436880563e+01,1.500915858833942806e+01,1.498235202392616827e+01,1.495560658920823371e+01,1.492892723954403777e+01,1.490231061067628637e+01,1.487575794286459896e+01,1.484926917306645322e+01,1.482283963816321659e+01,1.479646632622429081e+01,1.477281429116477440e+01,1.474920050721015841e+01,0.000000000000000000e+00,0.000000000000000000e+00,0.000000000000000000e+00,0.000000000000000000e+00,0.000000000000000000e+00,0.000000000000000000e+00,0.000000000000000000e+00,0.000000000000000000e+00,0.000000000000000000e+00,0.000000000000000000e+00,0.000000000000000000e+00,0.000000000000000000e+00,0.000000000000000000e+00,0.000000000000000000e+00,0.000000000000000000e+00,0.000000000000000000e+00,0.000000000000000000e+00,0.000000000000000000e+00,0.000000000000000000e+00,0.000000000000000000e+00
1.523861563625577276e+01,1.521130917746368638e+01,1.518400569525865862e+01,1.515677193939798784e+01,1.512960757145866353e+01,1.510251199631141006e+01,1.507548373782367790e+01,1.504852185245588458e+01,1.502174412152449889e+01,1.499490333503124262e+01,1.496812331412306207e+01,1.494140969466524993e+01,1.491475928614565660e+01,1.488817345918942792e+01,1.486165143493083107e+01,1.483518939513834312e+01,1.480878357979568882e+01,1.478511181023589316e+01,1.476147852728259835e+01,1.529048468330039157e+01,0.000000000000000000e+00,0.000000000000000000e+00,0.000000000000000000e+00,0.000000000000000000e+00,0.000000000000000000e+00,0.000000000000000000e+00,0.000000000000000000e+00,0.000000000000000000e+00,0.000000000000000000e+00,0.000000000000000000e+00,0.000000000000000000e+00,0.000000000000000000e+00,0.000000000000000000e+00,0.000000000000000000e+00,0.000000000000000000e+00,0.000000000000000000e+00,0.000000000000000000e+00,0.000000000000000000e+00,0.000000000000000000e+00,0.000000000000000000e+00
1.522405021480233245e+01,1.519677694079435781e+01,1.516950590642511187e+01,1.514230473472429495e+01,1.511517270452635842e+01,1.508810836722526005e+01,1.506111077163453871e+01,1.503429999382109905e+01,1.500742441666458760e+01,1.498060985654022126e+01,1.495386170245670598e+01,1.492717712319144852e+01,1.490055797783708513e+01,1.487400242997329514e+01,1.484750764532467571e+01,1.482106906177122418e+01,1.479737732435486208e+01,1.477372429872180604e+01,1.530527757574830083e+01,1.524976074844661156e+01,0.000000000000000000e+00,0.000000000000000000e+00,0.000000000000000000e+00,0.000000000000000000e+00,0.000000000000000000e+00,0.000000000000000000e+00,0.000000000000000000e+00,0.000000000000000000e+00,0.000000000000000000e+00,0.000000000000000000e+00,0.000000000000000000e+00,0.000000000000000000e+00,0.000000000000000000e+00,0.000000000000000000e+00,0.000000000000000000e+00,0.000000000000000000e+00,0.000000000000000000e+00,0.000000000000000000e+00,0.000000000000000000e+00,0.000000000000000000e+00
1.520945309773299492e+01,1.518221186780546894e+01,1.515497346600456829e+01,1.512780482672429194e+01,1.510070408832209132e+01,1.507367052253901107e+01,1.504682638346944046e+01,1.501991570350281080e+01,1.499306646468847681e+01,1.496628342910155496e+01,1.493956445430340096e+01,1.491291153349865439e+01,1.488632239786473832e+01,1.485979462357292036e+01,1.483332300178692442e+01,1.480961106779442815e+01,1.478593806705555025e+01,1.532003991625587602e+01,1.526446922414127627e+01,1.523706241560772767e+01,0.000000000000000000e+00,0.000000000000000000e+00,0.000000000000000000e+00,0.000000000000000000e+00,0.000000000000000000e+00,0.000000000000000000e+00,0.000000000000000000e+00,0.000000000000000000e+00,0.000000000000000000e+00,0.000000000000000000e+00,0.000000000000000000e+00,0.000000000000000000e+00,0.000000000000000000e+00,0.000000000000000000e+00,0.000000000000000000e+00,0.000000000000000000e+00,0.000000000000000000e+00,0.000000000000000000e+00,0.000000000000000000e+00,0.000000000000000000e+00
1.519482326250397008e+01,1.516761414804303598e+01,1.514040851088070205e+01,1.511327118215800525e+01,1.508620135856264000e+01,1.505932357878900874e+01,1.503237758954673531e+01,1.500549297744355393e+01,1.497867510493799514e+01,1.495192152758315984e+01,1.492523430882406998e+01,1.489861157742339870e+01,1.487205038712624372e+01,1.484554563378084779e+01,1.482181327084025568e+01,1.479812006632463905e+01,1.533477274469758811e+01,1.527914614914731395e+01,1.525170571961888832e+01,1.522433258474635664e+01,0.000000000000000000e+00,0.000000000000000000e+00,0.000000000000000000e+00,0.000000000000000000e+00,0.000000000000000000e+00,0.000000000000000000e+00,0.000000000000000000e+00,0.000000000000000000e+00,0.000000000000000000e+00,0.000000000000000000e+00,0.000000000000000000e+00,0.000000000000000000e+00,0.000000000000000000e+00,0.000000000000000000e+00,0.000000000000000000e+00,0.000000000000000000e+00,0.000000000000000000e+00,0.000000000000000000e+00,0.000000000000000000e+00,0.000000000000000000e+00
1.518016081125179895e+01,1.515298403203817657e+01,1.512580988978607266e+01,1.509870353856960712e+01,1.507179185908189645e+01,1.504481030371207950e+01,1.501788995292960216e+01,1.499103705904844119e+01,1.496424855999898540e+01,1.493752679236807346e+01,1.491087022595936773e+01,1.488427512723704638e+01,1.485773712538178870e+01,1.483398416717347956e+01,1.481027052771713315e+01,1.534947645808806271e+01,1.529379193168848872e+01,1.526631742497766098e+01,1.523891075778393756e+01,1.521149958812604908e+01,0.000000000000000000e+00,0.000000000000000000e+00,0.000000000000000000e+00,0.000000000000000000e+00,0.000000000000000000e+00,0.000000000000000000e+00,0.000000000000000000e+00,0.000000000000000000e+00,0.000000000000000000e+00,0.000000000000000000e+00,0.000000000000000000e+00,0.000000000000000000e+00,0.000000000000000000e+00,0.000000000000000000e+00,0.000000000000000000e+00,0.000000000000000000e+00,0.000000000000000000e+00,0.000000000000000000e+00,0.000000000000000000e+00,0.000000000000000000e+00
1.516546608164884269e+01,1.513832038870244112e+01,1.511117732114045253e+01,1.508410247706826368e+01,1.505721410315416264e+01,1.503025766204262581e+01,1.500336918611327874e+01,1.497654581084492165e+01,1.494978923091077405e+01,1.492309858965444036e+01,1.489646927011302324e+01,1.486989755141313907e+01,1.484612393453853585e+01,1.482238968387291855e+01,1.536415137868864100e+01,1.530840719177225751e+01,1.528089790674645165e+01,1.525345727560657494e+01,1.522601218982361182e+01,1.519863840531780141e+01,0.000000000000000000e+00,0.000000000000000000e+00,0.000000000000000000e+00,0.000000000000000000e+00,0.000000000000000000e+00,0.000000000000000000e+00,0.000000000000000000e+00,0.000000000000000000e+00,0.000000000000000000e+00,0.000000000000000000e+00,0.000000000000000000e+00,0.000000000000000000e+00,0.000000000000000000e+00,0.000000000000000000e+00,0.000000000000000000e+00,0.000000000000000000e+00,0.000000000000000000e+00,0.000000000000000000e+00,0.000000000000000000e+00,0.000000000000000000e+00
1.515073794883804226e+01,1.512362287808705652e+01,1.509651131584501371e+01,1.506958924337593153e+01,1.504259635203334433e+01,1.501567204409920464e+01,1.498881355068184895e+01,1.496202184010446068e+01,1.493529661317376878e+01,1.490863307476855404e+01,1.488202737867573155e+01,1.485823263142942707e+01,1.483447772366631767e+01,1.537879667616857837e+01,1.532299215497033273e+01,1.529544778849176723e+01,1.526797248876718172e+01,1.524049305657489306e+01,1.521308548615578005e+01,1.518574875480076081e+01,0.000000000000000000e+00,0.000000000000000000e+00,0.000000000000000000e+00,0.000000000000000000e+00,0.000000000000000000e+00,0.000000000000000000e+00,0.000000000000000000e+00,0.000000000000000000e+00,0.000000000000000000e+00,0.000000000000000000e+00,0.000000000000000000e+00,0.000000000000000000e+00,0.000000000000000000e+00,0.000000000000000000e+00,0.000000000000000000e+00,0.000000000000000000e+00,0.000000000000000000e+00,0.000000000000000000e+00,0.000000000000000000e+00,0.000000000000000000e+00
1.513597594934883972e+01,1.510889197156257602e+01,1.508193596810274784e+01,1.505490627694531725e+01,1.502794590891315707e+01,1.500105189660916949e+01,1.497422485917278046e+01,1.494746476464425911e+01,1.492076679214732060e+01,1.489412684748385729e+01,1.487031072984161284e+01,1.484653468852790859e+01,1.539341341825500820e+01,1.533754707118304239e+01,1.530996731831709923e+01,1.528245703402556899e+01,1.525494251555834069e+01,1.522750078980796751e+01,1.520013032718417989e+01,1.517283021446235303e+01,0.000000000000000000e+00,0.000000000000000000e+00,0.000000000000000000e+00,0.000000000000000000e+00,0.000000000000000000e+00,0.000000000000000000e+00,0.000000000000000000e+00,0.000000000000000000e+00,0.000000000000000000e+00,0.000000000000000000e+00,0.000000000000000000e+00,0.000000000000000000e+00,0.000000000000000000e+00,0.000000000000000000e+00,0.000000000000000000e+00,0.000000000000000000e+00,0.000000000000000000e+00,0.000000000000000000e+00,0.000000000000000000e+00,0.000000000000000000e+00
1.512118070379397494e+01,1.509425435991868092e+01,1.506718773293914637e+01,1.504019103296010229e+01,1.501326105637550157e+01,1.498639857637520123e+01,1.495960334140676906e+01,1.493287066782679773e+01,1.490619620869757611e+01,1.488235846829256737e+01,1.485856105624423584e+01,1.540800199950642657e+01,1.535207162647986934e+01,1.532445675946470587e+01,1.529691116954084862e+01,1.526936123147185320e+01,1.524188457158457410e+01,1.521448019018049536e+01,1.518714637869918782e+01,1.515988258473128170e+01,0.000000000000000000e+00,0.000000000000000000e+00,0.000000000000000000e+00,0.000000000000000000e+00,0.000000000000000000e+00,0.000000000000000000e+00,0.000000000000000000e+00,0.000000000000000000e+00,0.000000000000000000e+00,0.000000000000000000e+00,0.000000000000000000e+00,0.000000000000000000e+00,0.000000000000000000e+00,0.000000000000000000e+00,0.000000000000000000e+00,0.000000000000000000e+00,0.000000000000000000e+00,0.000000000000000000e+00,0.000000000000000000e+00,0.000000000000000000e+00
1.510648099209075568e+01,1.507944097110638992e+01,1.505240766552785203e+01,1.502544144277706906e+01,1.499854328757396615e+01,1.497171259504260910e+01,1.494494495151072044e+01,1.491823570845213709e+01,1.489437609789491290e+01,1.487055706341908667e+01,1.542256277789208774e+01,1.536656670756367760e+01,1.533891574020360160e+01,1.531133516836143116e+01,1.528374948982196813e+01,1.525623753049112885e+01,1.522879836771190298e+01,1.520143089580756879e+01,1.517413335328494206e+01,1.514690566217817924e+01,0.000000000000000000e+00,0.000000000000000000e+00,0.000000000000000000e+00,0.000000000000000000e+00,0.000000000000000000e+00,0.000000000000000000e+00,0.000000000000000000e+00,0.000000000000000000e+00,0.000000000000000000e+00,0.000000000000000000e+00,0.000000000000000000e+00,0.000000000000000000e+00,0.000000000000000000e+00,0.000000000000000000e+00,0.000000000000000000e+00,0.000000000000000000e+00,0.000000000000000000e+00,0.000000000000000000e+00,0.000000000000000000e+00,0.000000000000000000e+00
1.509160317975231891e+01,1.506459606070512791e+01,1.503759329681889412e+01,1.501065920813084276e+01,1.498379277612501426e+01,1.495698989142083590e+01,1.493024559377589533e+01,1.490636386388218604e+01,1.488252296092790061e+01,1.543709599292823142e+01,1.538103263188065739e+01,1.535334516735541044e+01,1.532572862033405059e+01,1.529810752048600442e+01,1.527055996749879085e+01,1.524308564597034632e+01,1.521568360628471694e+01,1.518835251035951295e+01,1.516109110493681555e+01,1.513389916206447339e+01,0.000000000000000000e+00,0.000000000000000000e+00,0.000000000000000000e+00,0.000000000000000000e+00,0.000000000000000000e+00,0.000000000000000000e+00,0.000000000000000000e+00,0.000000000000000000e+00,0.000000000000000000e+00,0.000000000000000000e+00,0.000000000000000000e+00,0.000000000000000000e+00,0.000000000000000000e+00,0.000000000000000000e+00,0.000000000000000000e+00,0.000000000000000000e+00,0.000000000000000000e+00,0.000000000000000000e+00,0.000000000000000000e+00,0.000000000000000000e+00
1.507669396028716235e+01,1.504971680280117141e+01,1.502274638353412328e+01,1.499584411472880419e+01,1.496900573350090369e+01,1.494222611146649626e+01,1.491832201303003558e+01,1.489445899380894289e+01,1.545160107997904753e+01,1.539546963225454057e+01,1.536774535194266456e+01,1.534009244236846570e+01,1.531243498343801512e+01,1.528485210297347763e+01,1.525734232787188738e+01,1.522990528922724707e+01,1.520253975182774475e+01,1.517524492548860238e+01,1.514801934379496373e+01,1.512086277702493220e+01,0.000000000000000000e+00,0.000000000000000000e+00,0.000000000000000000e+00,0.000000000000000000e+00,0.000000000000000000e+00,0.000000000000000000e+00,0.000000000000000000e+00,0.000000000000000000e+00,0.000000000000000000e+00,0.000000000000000000e+00,0.000000000000000000e+00,0.000000000000000000e+00,0.000000000000000000e+00,0.000000000000000000e+00,0.000000000000000000e+00,0.000000000000000000e+00,0.000000000000000000e+00,0.000000000000000000e+00,0.000000000000000000e+00,0.000000000000000000e+00
1.506175038477666561e+01,1.503480523118156675e+01,1.500786686365331946e+01,1.498099272254716396e+01,1.495417751021891561e+01,1.493025079161845881e+01,1.490636540795333609e+01,1.546607886643692709e+01,1.540987810814652370e+01,1.538211655306896475e+01,1.535442693514600165e+01,1.532673269723939313e+01,1.529911366699678155e+01,1.527156866698307169e+01,1.524409628886365198e+01,1.521669594730188990e+01,1.518936679566577475e+01,1.516210788826247224e+01,1.513491778769013685e+01,1.510779620745991991e+01,0.000000000000000000e+00,0.000000000000000000e+00,0.000000000000000000e+00,0.000000000000000000e+00,0.000000000000000000e+00,0.000000000000000000e+00,0.000000000000000000e+00,0.000000000000000000e+00,0.000000000000000000e+00,0.000000000000000000e+00,0.000000000000000000e+00,0.000000000000000000e+00,0.000000000000000000e+00,0.000000000000000000e+00,0.000000000000000000e+00,0.000000000000000000e+00,0.000000000000000000e+00,0.000000000000000000e+00,0.000000000000000000e+00,0.000000000000000000e+00
1.504677468813957120e+01,1.501986128710490220e+01,1.499295101127861329e+01,1.496610003531987942e+01,1.494215044730229636e+01,1.491824244948570310e+01,1.548052987004452774e+01,1.542425811826295678e+01,1.539645911683547652e+01,1.536873238695934774e+01,1.534100099280735208e+01,1.531334537212222990e+01,1.528576440433344885e+01,1.525825691481397151e+01,1.523082137249304324e+01,1.520345752005434647e+01,1.517616445737431974e+01,1.514894112014381022e+01,1.512178615264019044e+01,1.509469921055274710e+01,0.000000000000000000e+00,0.000000000000000000e+00,0.000000000000000000e+00,0.000000000000000000e+00,0.000000000000000000e+00,0.000000000000000000e+00,0.000000000000000000e+00,0.000000000000000000e+00,0.000000000000000000e+00,0.000000000000000000e+00,0.000000000000000000e+00,0.000000000000000000e+00,0.000000000000000000e+00,0.000000000000000000e+00,0.000000000000000000e+00,0.000000000000000000e+00,0.000000000000000000e+00,0.000000000000000000e+00,0.000000000000000000e+00,0.000000000000000000e+00
1.503176685023166748e+01,1.500488086101721308e+01,1.497799390137536868e+01,1.495402122999224304e+01,1.493009036488826702e+01,1.549495440152307424e+01,1.543860968483252094e+01,1.541077318599093715e+01,1.538300909272434680e+01,1.535524017999031443e+01,1.532754756963451115e+01,1.529993016077480661e+01,1.527238690238101704e+01,1.524491635570685943e+01,1.521751742666237561e+01,1.519018978184467628e+01,1.516293243368742516e+01,1.513574433409063147e+01,1.510862410453829341e+01,1.508157126054799235e+01,0.000000000000000000e+00,0.000000000000000000e+00,0.000000000000000000e+00,0.000000000000000000e+00,0.000000000000000000e+00,0.000000000000000000e+00,0.000000000000000000e+00,0.000000000000000000e+00,0.000000000000000000e+00,0.000000000000000000e+00,0.000000000000000000e+00,0.000000000000000000e+00,0.000000000000000000e+00,0.000000000000000000e+00,0.000000000000000000e+00,0.000000000000000000e+00,0.000000000000000000e+00,0.000000000000000000e+00,0.000000000000000000e+00,0.000000000000000000e+00
1.501672239990422852e+01,1.498985939376782817e+01,1.496586338881844824e+01,1.494190940377981036e+01,1.550935278314813104e+01,1.545293349228689017e+01,1.542505869960603349e+01,1.539725726808708473e+01,1.536945050678198754e+01,1.534172055999054507e+01,1.531406635128044336e+01,1.528648679271556254e+01,1.525898075207138049e+01,1.523154678010836882e+01,1.520418421500370343e+01,1.517689244743088750e+01,1.514967044092526649e+01,1.512251723844439155e+01,1.509543123069198600e+01,1.506841229138229110e+01,0.000000000000000000e+00,0.000000000000000000e+00,0.000000000000000000e+00,0.000000000000000000e+00,0.000000000000000000e+00,0.000000000000000000e+00,0.000000000000000000e+00,0.000000000000000000e+00,0.000000000000000000e+00,0.000000000000000000e+00,0.000000000000000000e+00,0.000000000000000000e+00,0.000000000000000000e+00,0.000000000000000000e+00,0.000000000000000000e+00,0.000000000000000000e+00,0.000000000000000000e+00,0.000000000000000000e+00,0.000000000000000000e+00,0.000000000000000000e+00
1.500163709044030824e+01,1.497767714019295227e+01,1.495369981451344010e+01,1.552372516391186252e+01,1.546722988146918709e+01,1.543931639963118485e+01,1.541147678924679099e+01,1.538363228928242421e+01,1.535586463319962114e+01,1.532817325648177054e+01,1.530055704092430879e+01,1.527301490165629083e+01,1.524554559540819554e+01,1.521814806290240440e+01,1.519082148413427547e+01,1.516356522836441911e+01,1.513637821349344748e+01,1.510925935811715703e+01,1.508220735251051181e+01,1.505522212465115572e+01,0.000000000000000000e+00,0.000000000000000000e+00,0.000000000000000000e+00,0.000000000000000000e+00,0.000000000000000000e+00,0.000000000000000000e+00,0.000000000000000000e+00,0.000000000000000000e+00,0.000000000000000000e+00,0.000000000000000000e+00,0.000000000000000000e+00,0.000000000000000000e+00,0.000000000000000000e+00,0.000000000000000000e+00,0.000000000000000000e+00,0.000000000000000000e+00,0.000000000000000000e+00,0.000000000000000000e+00,0.000000000000000000e+00,0.000000000000000000e+00
1.498940349033199659e+01,1.496546184445418604e+01,1.553807131327020130e+01,1.548149911704606119e+01,1.545354656170398577e+01,1.542566840681021745e+01,1.539778528933612556e+01,1.536998009340843652e+01,1.534225116694950941e+01,1.531459794191662027e+01,1.528701934499067150e+01,1.525951402151742364e+01,1.523208132974599138e+01,1.520471985882936750e+01,1.517742894552117860e+01,1.515020783497961787e+01,1.512305535635382370e+01,1.509597046182424407e+01,1.506895231007178282e+01,1.504200045774806327e+01,0.000000000000000000e+00,0.000000000000000000e+00,0.000000000000000000e+00,0.000000000000000000e+00,0.000000000000000000e+00,0.000000000000000000e+00,0.000000000000000000e+00,0.000000000000000000e+00,0.000000000000000000e+00,0.000000000000000000e+00,0.000000000000000000e+00,0.000000000000000000e+00,0.000000000000000000e+00,0.000000000000000000e+00,0.000000000000000000e+00,0.000000000000000000e+00,0.000000000000000000e+00,0.000000000000000000e+00,0.000000000000000000e+00,0.000000000000000000e+00
1.497713687338092825e+01,1.555239176907968357e+01,1.549574156208434061e+01,1.546774949114359288e+01,1.543983243108522707e+01,1.541191029262426326e+01,1.538406669237003044e+01,1.535630034786381515e+01,1.532860978083742154e+01,1.530099432981051422e+01,1.527345265626305171e+01,1.524598415281500152e+01,1.521858769178982129e+01,1.519126192474063330e+01,1.516400630437140507e+01,1.513681987644943483e+01,1.510970146585814788e+01,1.508265048468613045e+01,1.505566581302578300e+01,1.502874696144796118e+01,0.000000000000000000e+00,0.000000000000000000e+00,0.000000000000000000e+00,0.000000000000000000e+00,0.000000000000000000e+00,0.000000000000000000e+00,0.000000000000000000e+00,0.000000000000000000e+00,0.000000000000000000e+00,0.000000000000000000e+00,0.000000000000000000e+00,0.000000000000000000e+00,0.000000000000000000e+00,0.000000000000000000e+00,0.000000000000000000e+00,0.000000000000000000e+00,0.000000000000000000e+00,0.000000000000000000e+00,0.000000000000000000e+00,0.000000000000000000e+00
1.556660186074268282e+01,1.550995753852120274e+01,1.548192551580195087e+01,1.545396912560208236e+01,1.542600760098278379e+01,1.539812518656199991e+01,1.537032069495648656e+01,1.534259281277962472e+01,1.531494016941697112e+01,1.528736180133161682e+01,1.525985707728974994e+01,1.523242498257738475e+01,1.520506434659988315e+01,1.517777397359394698e+01,1.515055323517364982e+01,1.512340093149188824e+01,1.509631655288151819e+01,1.506929914565605877e+01,1.504234760315875974e+01,1.501546118875356584e+01,0.000000000000000000e+00,0.000000000000000000e+00,0.000000000000000000e+00,0.000000000000000000e+00,0.000000000000000000e+00,0.000000000000000000e+00,0.000000000000000000e+00,0.000000000000000000e+00,0.000000000000000000e+00,0.000000000000000000e+00,0.000000000000000000e+00,0.000000000000000000e+00,0.000000000000000000e+00,0.000000000000000000e+00,0.000000000000000000e+00,0.000000000000000000e+00,0.000000000000000000e+00,0.000000000000000000e+00,0.000000000000000000e+00,0.000000000000000000e+00
1.552406407981826852e+01,1.549607496259521966e+01,1.546807879437714206e+01,1.544007752758541230e+01,1.541215589347890891e+01,1.538431277820172483e+01,1.535654699119691635e+01,1.532885717121751057e+01,1.530124174710245910e+01,1.527370042773590519e+01,1.524623229480343767e+01,1.521883617960061130e+01,1.519151105553559766e+01,1.516425569626613168e+01,1.513706920578996140e+01,1.510995100461239815e+01,1.508290033734614966e+01,1.505591616397857990e+01,1.502899713020646644e+01,1.500214302949535750e+01,0.000000000000000000e+00,0.000000000000000000e+00,0.000000000000000000e+00,0.000000000000000000e+00,0.000000000000000000e+00,0.000000000000000000e+00,0.000000000000000000e+00,0.000000000000000000e+00,0.000000000000000000e+00,0.000000000000000000e+00,0.000000000000000000e+00,0.000000000000000000e+00,0.000000000000000000e+00,0.000000000000000000e+00,0.000000000000000000e+00,0.000000000000000000e+00,0.000000000000000000e+00,0.000000000000000000e+00,0.000000000000000000e+00,0.000000000000000000e+00
1.551011570944415396e+01,1.548216178874385385e+01,1.545412032687705661e+01,1.542615911598898393e+01,1.539827699259671334e+01,1.537047276469087009e+01,1.534274527987588321e+01,1.531509279350008157e+01,1.528751450584165994e+01,1.526000994955139944e+01,1.523257800709147247e+01,1.520521747458068873e+01,1.517792753277053563e+01,1.515070647740948573e+01,1.512355421089549878e+01,1.509646983921506624e+01,1.506945254165263570e+01,1.504250101127156647e+01,1.501561427868399434e+01,1.498879239982306544e+01,0.000000000000000000e+00,0.000000000000000000e+00,0.000000000000000000e+00,0.000000000000000000e+00,0.000000000000000000e+00,0.000000000000000000e+00,0.000000000000000000e+00,0.000000000000000000e+00,0.000000000000000000e+00,0.000000000000000000e+00,0.000000000000000000e+00,0.000000000000000000e+00,0.000000000000000000e+00,0.000000000000000000e+00,0.000000000000000000e+00,0.000000000000000000e+00,0.000000000000000000e+00,0.000000000000000000e+00,0.000000000000000000e+00,0.000000000000000000e+00
1.549613670369085128e+01,1.546813630942539319e+01,1.544013516487181192e+01,1.541221362689331187e+01,1.538437058176734951e+01,1.535660483839410340e+01,1.532891503621402585e+01,1.530129960329183980e+01,1.527375824862020792e+01,1.524629005366595891e+01,1.521889384962432246e+01,1.519156860989261304e+01,1.516431310778693131e+01,1.513712644745558578e+01,1.511000804902407069e+01,1.508295715713519414e+01,1.505597273107371237e+01,1.502905341675255357e+01,1.500219900781556959e+01,1.497540891158563348e+01,0.000000000000000000e+00,0.000000000000000000e+00,0.000000000000000000e+00,0.000000000000000000e+00,0.000000000000000000e+00,0.000000000000000000e+00,0.000000000000000000e+00,0.000000000000000000e+00,0.000000000000000000e+00,0.000000000000000000e+00,0.000000000000000000e+00,0.000000000000000000e+00,0.000000000000000000e+00,0.000000000000000000e+00,0.000000000000000000e+00,0.000000000000000000e+00,0.000000000000000000e+00,0.000000000000000000e+00,0.000000000000000000e+00,0.000000000000000000e+00
1.548204483513548269e+01,1.545408429359395441e+01,1.542612298765292067e+01,1.539824073929583648e+01,1.537043636142762182e+01,1.534270854086288693e+01,1.531505590669955197e+01,1.528747749430218050e+01,1.525997267311355721e+01,1.523254042762417093e+01,1.520517958712743933e+01,1.517788895575547770e+01,1.515066790455279389e+01,1.512351523375368956e+01,1.509643043319397293e+01,1.506941254866195479e+01,1.504246047254862084e+01,1.501557346960103345e+01,1.498875104389315460e+01,1.496199199576765437e+01,0.000000000000000000e+00,0.000000000000000000e+00,0.000000000000000000e+00,0.000000000000000000e+00,0.000000000000000000e+00,0.000000000000000000e+00,0.000000000000000000e+00,0.000000000000000000e+00,0.000000000000000000e+00,0.000000000000000000e+00,0.000000000000000000e+00,0.000000000000000000e+00,0.000000000000000000e+00,0.000000000000000000e+00,0.000000000000000000e+00,0.000000000000000000e+00,0.000000000000000000e+00,0.000000000000000000e+00,0.000000000000000000e+00,0.000000000000000000e+00
1.546792654254649690e+01,1.544000537975884768e+01,1.541208352990002339e+01,1.538424013989740047e+01,1.535647392692852264e+01,1.532878341321144333e+01,1.530116793589508362e+01,1.527362615632143772e+01,1.524615746679468842e+01,1.521876073949530372e+01,1.519143462533054389e+01,1.516417857672338521e+01,1.513699163859131858e+01,1.510987263650293855e+01,1.508282098072766786e+01,1.505583555104422189e+01,1.502891585767452653e+01,1.500206088297759521e+01,1.497526972967359349e+01,1.494865489223311528e+01,0.000000000000000000e+00,0.000000000000000000e+00,0.000000000000000000e+00,0.000000000000000000e+00,0.000000000000000000e+00,0.000000000000000000e+00,0.000000000000000000e+00,0.000000000000000000e+00,0.000000000000000000e+00,0.000000000000000000e+00,0.000000000000000000e+00,0.000000000000000000e+00,0.000000000000000000e+00,0.000000000000000000e+00,0.000000000000000000e+00,0.000000000000000000e+00,0.000000000000000000e+00,0.000000000000000000e+00,0.000000000000000000e+00,0.000000000000000000e+00
1.545378148872802271e+01,1.542589925380848470e+01,1.539801646892028941e+01,1.537021150096876809e+01,1.534248269801231501e+01,1.531482949115975600e+01,1.528725080587474849e+01,1.525974528771985739e+01,1.523231229450528446e+01,1.520495041507064471e+01,1.517765898483062159e+01,1.515043724871674868e+01,1.512328403527299514e+01,1.509619829645135525e+01,1.506917918963662295e+01,1.504222627083530739e+01,1.501533866708281906e+01,1.498851511876886278e+01,1.496175481457018464e+01,1.493516774304515593e+01,0.000000000000000000e+00,0.000000000000000000e+00,0.000000000000000000e+00,0.000000000000000000e+00,0.000000000000000000e+00,0.000000000000000000e+00,0.000000000000000000e+00,0.000000000000000000e+00,0.000000000000000000e+00,0.000000000000000000e+00,0.000000000000000000e+00,0.000000000000000000e+00,0.000000000000000000e+00,0.000000000000000000e+00,0.000000000000000000e+00,0.000000000000000000e+00,0.000000000000000000e+00,0.000000000000000000e+00,0.000000000000000000e+00,0.000000000000000000e+00
1.543960933584052597e+01,1.541176564131822602e+01,1.538392149220664606e+01,1.535615405652118071e+01,1.532846276847805278e+01,1.530084650907832611e+01,1.527330419293931030e+01,1.524583457680628662e+01,1.521843660071585802e+01,1.519110944340128810e+01,1.516385247355438182e+01,1.513666460835815641e+01,1.510954476583768802e+01,1.508249163575141694e+01,1.505550514418475316e+01,1.502858441812920987e+01,1.500172843663066402e+01,1.497493575114148356e+01,1.494831926982693204e+01,1.492164668370071112e+01,0.000000000000000000e+00,0.000000000000000000e+00,0.000000000000000000e+00,0.000000000000000000e+00,0.000000000000000000e+00,0.000000000000000000e+00,0.000000000000000000e+00,0.000000000000000000e+00,0.000000000000000000e+00,0.000000000000000000e+00,0.000000000000000000e+00,0.000000000000000000e+00,0.000000000000000000e+00,0.000000000000000000e+00,0.000000000000000000e+00,0.000000000000000000e+00,0.000000000000000000e+00,0.000000000000000000e+00,0.000000000000000000e+00,0.000000000000000000e+00
1.542540976814861153e+01,1.539760422257491079e+01,1.536979780471694212e+01,1.534206804364785626e+01,1.531441386205121447e+01,1.528683417139894907e+01,1.525932783879326848e+01,1.523189341484368242e+01,1.520453023670119563e+01,1.517723769350025620e+01,1.515001474787139024e+01,1.512286044278798869e+01,1.509577316766778665e+01,1.506875279540355450e+01,1.504179865278380035e+01,1.501490961399490587e+01,1.498808454023268411e+01,1.496143853972328053e+01,1.493473382338279620e+01,1.490808936662866024e+01,0.000000000000000000e+00,0.000000000000000000e+00,0.000000000000000000e+00,0.000000000000000000e+00,0.000000000000000000e+00,0.000000000000000000e+00,0.000000000000000000e+00,0.000000000000000000e+00,0.000000000000000000e+00,0.000000000000000000e+00,0.000000000000000000e+00,0.000000000000000000e+00,0.000000000000000000e+00,0.000000000000000000e+00,0.000000000000000000e+00,0.000000000000000000e+00,0.000000000000000000e+00,0.000000000000000000e+00,0.000000000000000000e+00,0.000000000000000000e+00
1.541118250041944826e+01,1.538341423727594659e+01,1.535564563374536284e+01,1.532795314798266517e+01,1.530033567817281082e+01,1.527279217245728660e+01,1.524532119202060443e+01,1.521792164192703645e+01,1.519059318694197458e+01,1.516333483861427567e+01,1.513614554772062881e+01,1.510902393514662734e+01,1.508196951549172482e+01,1.505498156639271556e+01,1.502805923706196900e+01,1.500120118493710386e+01,1.497440742807621206e+01,1.494778875590312595e+01,1.492111219946360912e+01,1.489449754812315518e+01,0.000000000000000000e+00,0.000000000000000000e+00,0.000000000000000000e+00,0.000000000000000000e+00,0.000000000000000000e+00,0.000000000000000000e+00,0.000000000000000000e+00,0.000000000000000000e+00,0.000000000000000000e+00,0.000000000000000000e+00,0.000000000000000000e+00,0.000000000000000000e+00,0.000000000000000000e+00,0.000000000000000000e+00,0.000000000000000000e+00,0.000000000000000000e+00,0.000000000000000000e+00,0.000000000000000000e+00,0.000000000000000000e+00,0.000000000000000000e+00
1.539692678129763870e+01,1.536919579853550211e+01,1.534146465280789684e+01,1.531380906905123496e+01,1.528622792530227770e+01,1.525872004675257188e+01,1.523128390195785009e+01,1.520391923168927484e+01,1.517662513411998937e+01,1.514940054455097140e+01,1.512224410582638789e+01,1.509515547245581857e+01,1.506813348022154742e+01,1.504117756467860012e+01,1.501428622890684217e+01,1.498745958117727284e+01,1.496081174785423684e+01,1.493410260993484329e+01,1.490745625305839717e+01,1.488087162125800766e+01,0.000000000000000000e+00,0.000000000000000000e+00,0.000000000000000000e+00,0.000000000000000000e+00,0.000000000000000000e+00,0.000000000000000000e+00,0.000000000000000000e+00,0.000000000000000000e+00,0.000000000000000000e+00,0.000000000000000000e+00,0.000000000000000000e+00,0.000000000000000000e+00,0.000000000000000000e+00,0.000000000000000000e+00,0.000000000000000000e+00,0.000000000000000000e+00,0.000000000000000000e+00,0.000000000000000000e+00,0.000000000000000000e+00,0.000000000000000000e+00
1.538264266100982525e+01,1.535494868038412974e+01,1.532725460361440284e+01,1.529963549535698419e+01,1.527209017809864378e+01,1.524461724280041608e+01,1.521721610220550858e+01,1.518988590799949989e+01,1.516262571378991453e+01,1.513543408112781208e+01,1.510831072127248476e+01,1.508125464063945387e+01,1.505426480149813528e+01,1.502733994429238606e+01,1.500048008588808912e+01,1.497368453411381140e+01,1.494706103697344801e+01,1.492038268873592699e+01,1.489376584353945177e+01,1.486720730105160371e+01,0.000000000000000000e+00,0.000000000000000000e+00,0.000000000000000000e+00,0.000000000000000000e+00,0.000000000000000000e+00,0.000000000000000000e+00,0.000000000000000000e+00,0.000000000000000000e+00,0.000000000000000000e+00,0.000000000000000000e+00,0.000000000000000000e+00,0.000000000000000000e+00,0.000000000000000000e+00,0.000000000000000000e+00,0.000000000000000000e+00,0.000000000000000000e+00,0.000000000000000000e+00,0.000000000000000000e+00,0.000000000000000000e+00,0.000000000000000000e+00
1.536832998609737544e+01,1.534067257723643252e+01,1.531301516525583395e+01,1.528543206562247647e+01,1.525792180569506051e+01,1.523048401324356860e+01,1.520311745242613455e+01,1.517582133185494442e+01,1.514859418403314528e+01,1.512143577665811556e+01,1.509434507715323370e+01,1.506732126682042683e+01,1.504036259964037825e+01,1.501346921685223634e+01,1.498664056484338403e+01,1.495998717490141239e+01,1.493327661367080239e+01,1.490662771311945889e+01,1.488003763133826496e+01,1.485350676278931914e+01,0.000000000000000000e+00,0.000000000000000000e+00,0.000000000000000000e+00,0.000000000000000000e+00,0.000000000000000000e+00,0.000000000000000000e+00,0.000000000000000000e+00,0.000000000000000000e+00,0.000000000000000000e+00,0.000000000000000000e+00,0.000000000000000000e+00,0.000000000000000000e+00,0.000000000000000000e+00,0.000000000000000000e+00,0.000000000000000000e+00,0.000000000000000000e+00,0.000000000000000000e+00,0.000000000000000000e+00,0.000000000000000000e+00,0.000000000000000000e+00
1.535398840012607735e+01,1.532636719008504755e+01,1.529874599638496413e+01,1.527119805722624868e+01,1.524372305456831000e+01,1.521632003712056580e+01,1.518898766615257045e+01,1.516172468757492808e+01,1.513453087010408993e+01,1.510740527508247055e+01,1.508034694395355579e+01,1.505335436236940083e+01,1.502642722514638152e+01,1.499956518091421742e+01,1.497288134780332314e+01,1.494613829937891580e+01,1.491945752172422246e+01,1.489283518480737634e+01,1.486627242421243267e+01,1.483977296950605052e+01,0.000000000000000000e+00,0.000000000000000000e+00,0.000000000000000000e+00,0.000000000000000000e+00,0.000000000000000000e+00,0.000000000000000000e+00,0.000000000000000000e+00,0.000000000000000000e+00,0.000000000000000000e+00,0.000000000000000000e+00,0.000000000000000000e+00,0.000000000000000000e+00,0.000000000000000000e+00,0.000000000000000000e+00,0.000000000000000000e+00,0.000000000000000000e+00,0.000000000000000000e+00,0.000000000000000000e+00,0.000000000000000000e+00,0.000000000000000000e+00
1.533961763359592467e+01,1.531203220800870213e+01,1.528444626924125060e+01,1.525693372823998573e+01,1.522949366049733655e+01,1.520212495910745432e+01,1.517482586326839922e+01,1.514759629063982871e+01,1.512043550373912382e+01,1.509334231225494705e+01,1.506631534046768017e+01,1.503935438684161241e+01,1.501245864280985209e+01,1.498574415015331596e+01,1.495896786605527851e+01,1.493225540173188648e+01,1.490560050238581624e+01,1.487900564471036091e+01,1.485247460072525527e+01,1.482600279008746824e+01,0.000000000000000000e+00,0.000000000000000000e+00,0.000000000000000000e+00,0.000000000000000000e+00,0.000000000000000000e+00,0.000000000000000000e+00,0.000000000000000000e+00,0.000000000000000000e+00,0.000000000000000000e+00,0.000000000000000000e+00,0.000000000000000000e+00,0.000000000000000000e+00,0.000000000000000000e+00,0.000000000000000000e+00,0.000000000000000000e+00,0.000000000000000000e+00,0.000000000000000000e+00,0.000000000000000000e+00,0.000000000000000000e+00,0.000000000000000000e+00
1.532521736483992214e+01,1.529766670508890058e+01,1.527011631152062421e+01,1.524263884639492872e+01,1.521523330871964674e+01,1.518789798961597626e+01,1.516063233448318393e+01,1.513343598449105798e+01,1.510630766885152632e+01,1.507924595284881164e+01,1.505225082164156625e+01,1.502532121477731231e+01,1.499857576177847207e+01,1.497176602962532854e+01,1.494502067905457210e+01,1.491833393750613368e+01,1.489170665892414114e+01,1.486514338460326812e+01,1.483864056958174338e+01,1.481219938599181418e+01,0.000000000000000000e+00,0.000000000000000000e+00,0.000000000000000000e+00,0.000000000000000000e+00,0.000000000000000000e+00,0.000000000000000000e+00,0.000000000000000000e+00,0.000000000000000000e+00,0.000000000000000000e+00,0.000000000000000000e+00,0.000000000000000000e+00,0.000000000000000000e+00,0.000000000000000000e+00,0.000000000000000000e+00,0.000000000000000000e+00,0.000000000000000000e+00,0.000000000000000000e+00,0.000000000000000000e+00,0.000000000000000000e+00,0.000000000000000000e+00
1.531078667840913532e+01,1.528327107862812184e+01,1.525575588162696405e+01,1.522831309957827450e+01,1.520094120260460535e+01,1.517363927554375636e+01,1.514640699210193020e+01,1.511924327947590996e+01,1.509214650278029524e+01,1.506511677333749155e+01,1.503815307507801435e+01,1.501125386103283077e+01,1.498453305667522173e+01,1.495775450943455809e+01,1.493103516453271062e+01,1.490437579800704349e+01,1.487777991574199454e+01,1.485124507420328221e+01,1.482477284800274120e+01,1.479836143650420865e+01,0.000000000000000000e+00,0.000000000000000000e+00,0.000000000000000000e+00,0.000000000000000000e+00,0.000000000000000000e+00,0.000000000000000000e+00,0.000000000000000000e+00,0.000000000000000000e+00,0.000000000000000000e+00,0.000000000000000000e+00,0.000000000000000000e+00,0.000000000000000000e+00,0.000000000000000000e+00,0.000000000000000000e+00,0.000000000000000000e+00,0.000000000000000000e+00,0.000000000000000000e+00,0.000000000000000000e+00,0.000000000000000000e+00,0.000000000000000000e+00
1.529632593293368359e+01,1.526884504449266444e+01,1.524136468293261970e+01,1.521395577854707959e+01,1.518661730647180441e+01,1.515934883361615704e+01,1.513214941078507891e+01,1.510501725882281754e+01,1.507795262258289526e+01,1.505095440412601349e+01,1.502402129264215702e+01,1.499726920700196153e+01,1.497045719370240313e+01,1.494370474266304427e+01,1.491701292409928570e+01,1.489038444608224943e+01,1.486381729478411984e+01,1.483731359155042284e+01,1.481087059796662153e+01,1.478448676383624516e+01,0.000000000000000000e+00,0.000000000000000000e+00,0.000000000000000000e+00,0.000000000000000000e+00,0.000000000000000000e+00,0.000000000000000000e+00,0.000000000000000000e+00,0.000000000000000000e+00,0.000000000000000000e+00,0.000000000000000000e+00,0.000000000000000000e+00,0.000000000000000000e+00,0.000000000000000000e+00,0.000000000000000000e+00,0.000000000000000000e+00,0.000000000000000000e+00,0.000000000000000000e+00,0.000000000000000000e+00,0.000000000000000000e+00,0.000000000000000000e+00
1.528183485428636779e+01,1.525438833275385697e+01,1.522694204056272582e+01,1.519956661636902062e+01,1.517226177431095557e+01,1.514502630605607791e+01,1.511785849954873484e+01,1.509075864459279259e+01,1.506372560252417259e+01,1.503675806724074704e+01,1.500997475047885743e+01,1.498312889565731076e+01,1.495634309832580122e+01,1.492961792991081893e+01,1.490295724836422409e+01,1.487635747543895626e+01,1.484982151004544804e+01,1.482334721623942819e+01,1.479693172979220961e+01,1.477057107764370514e+01,0.000000000000000000e+00,0.000000000000000000e+00,0.000000000000000000e+00,0.000000000000000000e+00,0.000000000000000000e+00,0.000000000000000000e+00,0.000000000000000000e+00,0.000000000000000000e+00,0.000000000000000000e+00,0.000000000000000000e+00,0.000000000000000000e+00,0.000000000000000000e+00,0.000000000000000000e+00,0.000000000000000000e+00,0.000000000000000000e+00,0.000000000000000000e+00,0.000000000000000000e+00,0.000000000000000000e+00,0.000000000000000000e+00,0.000000000000000000e+00
1.526731318264911863e+01,1.523990029676235913e+01,1.521248761542216954e+01,1.518514591317188689e+01,1.515787424884120860e+01,1.513067049311982259e+01,1.510353504767036270e+01,1.507646690396958888e+01,1.504946467141886757e+01,1.502264939204995642e+01,1.499576975929741351e+01,1.496895047719811345e+01,1.494219168406704412e+01,1.491549809798545212e+01,1.488886587458751976e+01,1.486229722891122407e+01,1.483579153510848059e+01,1.480934405868224601e+01,1.478295207022222257e+01,1.475926878337753223e+01,0.000000000000000000e+00,0.000000000000000000e+00,0.000000000000000000e+00,0.000000000000000000e+00,0.000000000000000000e+00,0.000000000000000000e+00,0.000000000000000000e+00,0.000000000000000000e+00,0.000000000000000000e+00,0.000000000000000000e+00,0.000000000000000000e+00,0.000000000000000000e+00,0.000000000000000000e+00,0.000000000000000000e+00,0.000000000000000000e+00,0.000000000000000000e+00,0.000000000000000000e+00,0.000000000000000000e+00,0.000000000000000000e+00,0.000000000000000000e+00
1.525276028454800858e+01,1.522538057431697744e+01,1.519800168830516895e+01,1.517069333292057465e+01,1.514345351101997394e+01,1.511628215036452261e+01,1.508917859637892711e+01,1.506214136999437159e+01,1.503529374034330601e+01,1.500838008224910780e+01,1.498152699419389577e+01,1.495473444588700573e+01,1.492800745723271838e+01,1.490134264228956162e+01,1.487474126674742969e+01,1.484820329749070389e+01,1.482172402048500359e+01,1.479530039641268502e+01,1.477159827307066919e+01,1.474793381738167675e+01,0.000000000000000000e+00,0.000000000000000000e+00,0.000000000000000000e+00,0.000000000000000000e+00,0.000000000000000000e+00,0.000000000000000000e+00,0.000000000000000000e+00,0.000000000000000000e+00,0.000000000000000000e+00,0.000000000000000000e+00,0.000000000000000000e+00,0.000000000000000000e+00,0.000000000000000000e+00,0.000000000000000000e+00,0.000000000000000000e+00,0.000000000000000000e+00,0.000000000000000000e+00,0.000000000000000000e+00,0.000000000000000000e+00,0.000000000000000000e+00
1.523817577333550766e+01,1.521082936861513701e+01,1.518348397175810227e+01,1.515620769793137512e+01,1.512900021959845631e+01,1.510186095229412828e+01,1.507478842348219850e+01,1.504778169614449013e+01,1.502095987827201640e+01,1.499407308685935902e+01,1.496724647410319342e+01,1.494048574779886351e+01,1.491378769694765793e+01,1.488715372146794103e+01,1.486058305869783780e+01,1.483407185719459065e+01,1.480761631668875644e+01,1.478389509421248249e+01,1.476021178751131302e+01,1.528932545360183148e+01,0.000000000000000000e+00,0.000000000000000000e+00,0.000000000000000000e+00,0.000000000000000000e+00,0.000000000000000000e+00,0.000000000000000000e+00,0.000000000000000000e+00,0.000000000000000000e+00,0.000000000000000000e+00,0.000000000000000000e+00,0.000000000000000000e+00,0.000000000000000000e+00,0.000000000000000000e+00,0.000000000000000000e+00,0.000000000000000000e+00,0.000000000000000000e+00,0.000000000000000000e+00,0.000000000000000000e+00,0.000000000000000000e+00,0.000000000000000000e+00
1.522355985768342990e+01,1.519624646953492331e+01,1.516893334928442627e+01,1.514168951082448089e+01,1.511451424182749292e+01,1.508740609779471065e+01,1.506036413400628504e+01,1.503350974829193554e+01,1.500658866552075921e+01,1.497972802486349053e+01,1.495293328047320536e+01,1.492620158542808539e+01,1.489953483666392131e+01,1.487293119556945520e+01,1.484638781386705020e+01,1.481990007586920655e+01,1.479615950559130155e+01,1.477245708778736244e+01,1.530412053716527332e+01,1.525043367170284192e+01,0.000000000000000000e+00,0.000000000000000000e+00,0.000000000000000000e+00,0.000000000000000000e+00,0.000000000000000000e+00,0.000000000000000000e+00,0.000000000000000000e+00,0.000000000000000000e+00,0.000000000000000000e+00,0.000000000000000000e+00,0.000000000000000000e+00,0.000000000000000000e+00,0.000000000000000000e+00,0.000000000000000000e+00,0.000000000000000000e+00,0.000000000000000000e+00,0.000000000000000000e+00,0.000000000000000000e+00,0.000000000000000000e+00,0.000000000000000000e+00
1.520891231625494910e+01,1.518163081299482897e+01,1.515435017219266101e+01,1.512713873377893137e+01,1.509999463721199575e+01,1.507291716242119861e+01,1.504602987866993402e+01,1.501907417696076763e+01,1.499217935500440113e+01,1.496535022973695384e+01,1.493858465118739431e+01,1.491188465323582157e+01,1.488524795748996965e+01,1.485867213507498441e+01,1.483215191346598871e+01,1.480839175162607546e+01,1.478466997496069801e+01,1.531888470139198333e+01,1.526511779094102650e+01,1.523769406723249276e+01,0.000000000000000000e+00,0.000000000000000000e+00,0.000000000000000000e+00,0.000000000000000000e+00,0.000000000000000000e+00,0.000000000000000000e+00,0.000000000000000000e+00,0.000000000000000000e+00,0.000000000000000000e+00,0.000000000000000000e+00,0.000000000000000000e+00,0.000000000000000000e+00,0.000000000000000000e+00,0.000000000000000000e+00,0.000000000000000000e+00,0.000000000000000000e+00,0.000000000000000000e+00,0.000000000000000000e+00,0.000000000000000000e+00,0.000000000000000000e+00
1.519423212540163348e+01,1.516698259547449545e+01,1.513973458368347735e+01,1.511255433154537897e+01,1.508544104355953586e+01,1.505852056706769204e+01,1.503153002551270312e+01,1.500460030737026074e+01,1.497773683506152409e+01,1.495093715177194582e+01,1.492420336248727253e+01,1.489753359315302106e+01,1.487092488476127272e+01,1.484437207394726244e+01,1.482059207262755685e+01,1.479685069327285873e+01,1.533361901057562093e+01,1.527977034124968370e+01,1.525231334139639827e+01,1.522492306822593022e+01,0.000000000000000000e+00,0.000000000000000000e+00,0.000000000000000000e+00,0.000000000000000000e+00,0.000000000000000000e+00,0.000000000000000000e+00,0.000000000000000000e+00,0.000000000000000000e+00,0.000000000000000000e+00,0.000000000000000000e+00,0.000000000000000000e+00,0.000000000000000000e+00,0.000000000000000000e+00,0.000000000000000000e+00,0.000000000000000000e+00,0.000000000000000000e+00,0.000000000000000000e+00,0.000000000000000000e+00,0.000000000000000000e+00,0.000000000000000000e+00
1.517951939363970126e+01,1.515230207508564853e+01,1.512508543016491380e+01,1.509793604469516204e+01,1.507098210177219499e+01,1.504395644904987250e+01,1.501699145384993095e+01,1.499009343559391461e+01,1.496325931311345414e+01,1.493649146648280279e+01,1.490978836925611972e+01,1.488314626315505151e+01,1.485656073281694489e+01,1.483276071207446556e+01,1.480899948390776011e+01,1.534832387513640661e+01,1.529439173785073969e+01,1.526690099062085082e+01,1.523947752832515334e+01,1.521205216117922276e+01,0.000000000000000000e+00,0.000000000000000000e+00,0.000000000000000000e+00,0.000000000000000000e+00,0.000000000000000000e+00,0.000000000000000000e+00,0.000000000000000000e+00,0.000000000000000000e+00,0.000000000000000000e+00,0.000000000000000000e+00,0.000000000000000000e+00,0.000000000000000000e+00,0.000000000000000000e+00,0.000000000000000000e+00,0.000000000000000000e+00,0.000000000000000000e+00,0.000000000000000000e+00,0.000000000000000000e+00,0.000000000000000000e+00,0.000000000000000000e+00
1.516477446652389105e+01,1.513758811855735331e+01,1.511040243329086152e+01,1.508328446583921867e+01,1.505635371324838978e+01,1.502935307437090096e+01,1.500241993043101729e+01,1.497555140367126292e+01,1.494874922152816055e+01,1.492201254164602631e+01,1.489533670946359578e+01,1.486871797173156651e+01,1.484489785689955355e+01,1.482111658962217149e+01,1.536299962936230123e+01,1.530898260735930805e+01,1.528145739696043037e+01,1.525400029919416767e+01,1.522654132846257724e+01,1.519915314524709515e+01,0.000000000000000000e+00,0.000000000000000000e+00,0.000000000000000000e+00,0.000000000000000000e+00,0.000000000000000000e+00,0.000000000000000000e+00,0.000000000000000000e+00,0.000000000000000000e+00,0.000000000000000000e+00,0.000000000000000000e+00,0.000000000000000000e+00,0.000000000000000000e+00,0.000000000000000000e+00,0.000000000000000000e+00,0.000000000000000000e+00,0.000000000000000000e+00,0.000000000000000000e+00,0.000000000000000000e+00,0.000000000000000000e+00,0.000000000000000000e+00
1.514999621698052223e+01,1.512284038831859334e+01,1.509568611388778869e+01,1.506872208225274790e+01,1.504168542405105136e+01,1.501471689061465931e+01,1.498781370313028205e+01,1.496097685153550216e+01,1.493420605904760379e+01,1.490749649232269647e+01,1.488084427131978416e+01,1.485700357095024771e+01,1.483320220770460551e+01,1.537764543643277371e+01,1.532354318175670826e+01,1.529598319050717237e+01,1.526849173817886118e+01,1.524099871855122679e+01,1.521357706103766816e+01,1.518622574380051304e+01,0.000000000000000000e+00,0.000000000000000000e+00,0.000000000000000000e+00,0.000000000000000000e+00,0.000000000000000000e+00,0.000000000000000000e+00,0.000000000000000000e+00,0.000000000000000000e+00,0.000000000000000000e+00,0.000000000000000000e+00,0.000000000000000000e+00,0.000000000000000000e+00,0.000000000000000000e+00,0.000000000000000000e+00,0.000000000000000000e+00,0.000000000000000000e+00,0.000000000000000000e+00,0.000000000000000000e+00,0.000000000000000000e+00,0.000000000000000000e+00
1.513518418351093686e+01,1.510805936590389109e+01,1.508106180804872487e+01,1.505398876588701640e+01,1.502698460073761666e+01,1.500004633540239318e+01,1.497317460471574080e+01,1.494636940263196578e+01,1.491962587210204916e+01,1.489293988125137425e+01,1.486907834094817460e+01,1.484525638579398787e+01,1.539226238813990832e+01,1.533807371818041432e+01,1.531047862649256075e+01,1.528295248861158306e+01,1.525542466599626934e+01,1.522796914993591955e+01,1.520058441211618039e+01,1.517326954032433761e+01,0.000000000000000000e+00,0.000000000000000000e+00,0.000000000000000000e+00,0.000000000000000000e+00,0.000000000000000000e+00,0.000000000000000000e+00,0.000000000000000000e+00,0.000000000000000000e+00,0.000000000000000000e+00,0.000000000000000000e+00,0.000000000000000000e+00,0.000000000000000000e+00,0.000000000000000000e+00,0.000000000000000000e+00,0.000000000000000000e+00,0.000000000000000000e+00,0.000000000000000000e+00,0.000000000000000000e+00,0.000000000000000000e+00,0.000000000000000000e+00
1.512033899791333269e+01,1.509337297989716120e+01,1.506626340527131624e+01,1.503922332225149106e+01,1.501224951656130102e+01,1.498534277846836105e+01,1.495850287925762956e+01,1.493172510297202038e+01,1.490500506171376571e+01,1.488112241457587537e+01,1.485727961535039299e+01,1.540685089011218167e+01,1.535257390891015739e+01,1.532494397439759481e+01,1.529738281551016854e+01,1.526981984198699571e+01,1.524232967420913631e+01,1.521491131359633719e+01,1.518756305241964810e+01,1.516028433973380984e+01,0.000000000000000000e+00,0.000000000000000000e+00,0.000000000000000000e+00,0.000000000000000000e+00,0.000000000000000000e+00,0.000000000000000000e+00,0.000000000000000000e+00,0.000000000000000000e+00,0.000000000000000000e+00,0.000000000000000000e+00,0.000000000000000000e+00,0.000000000000000000e+00,0.000000000000000000e+00,0.000000000000000000e+00,0.000000000000000000e+00,0.000000000000000000e+00,0.000000000000000000e+00,0.000000000000000000e+00,0.000000000000000000e+00,0.000000000000000000e+00
1.510559067376762243e+01,1.507850960122932094e+01,1.505143331237609239e+01,1.502442367016050184e+01,1.499748167818189870e+01,1.497060674971379868e+01,1.494379444402947854e+01,1.491704006780974012e+01,1.489313605199675017e+01,1.486927214283285892e+01,1.542141131233375440e+01,1.536704464657690927e+01,1.533937886927661154e+01,1.531178299845208279e+01,1.528418453873357308e+01,1.525665933935608365e+01,1.522920647869239197e+01,1.520182485219547175e+01,1.517451269953719262e+01,1.514726994373497249e+01,0.000000000000000000e+00,0.000000000000000000e+00,0.000000000000000000e+00,0.000000000000000000e+00,0.000000000000000000e+00,0.000000000000000000e+00,0.000000000000000000e+00,0.000000000000000000e+00,0.000000000000000000e+00,0.000000000000000000e+00,0.000000000000000000e+00,0.000000000000000000e+00,0.000000000000000000e+00,0.000000000000000000e+00,0.000000000000000000e+00,0.000000000000000000e+00,0.000000000000000000e+00,0.000000000000000000e+00,0.000000000000000000e+00,0.000000000000000000e+00
1.509066302778368751e+01,1.506361483401663293e+01,1.503656904561388785e+01,1.500959152717202905e+01,1.498268127283790641e+01,1.495583415193069499e+01,1.492904515549844291e+01,1.490511950751579739e+01,1.488123422803641560e+01,1.543594390320807364e+01,1.538148625496090993e+01,1.535378422385453590e+01,1.532615263424233376e+01,1.529851899331924336e+01,1.527095845356100767e+01,1.524347070101789470e+01,1.521605478710881698e+01,1.518870937491631246e+01,1.516143321231799845e+01,1.513422607272359066e+01,0.000000000000000000e+00,0.000000000000000000e+00,0.000000000000000000e+00,0.000000000000000000e+00,0.000000000000000000e+00,0.000000000000000000e+00,0.000000000000000000e+00,0.000000000000000000e+00,0.000000000000000000e+00,0.000000000000000000e+00,0.000000000000000000e+00,0.000000000000000000e+00,0.000000000000000000e+00,0.000000000000000000e+00,0.000000000000000000e+00,0.000000000000000000e+00,0.000000000000000000e+00,0.000000000000000000e+00,0.000000000000000000e+00,0.000000000000000000e+00
1.507570409735815886e+01,1.504868583433978557e+01,1.502167237647531195e+01,1.499472668726700775e+01,1.496784448126353695e+01,1.494102058017022472e+01,1.491707303684974306e+01,1.489316612502765302e+01,1.545044809692157273e+01,1.539589897291247667e+01,1.536816035531768421e+01,1.534049264542321112e+01,1.531282287168831147e+01,1.528522724366153085e+01,1.525770429015600627e+01,1.523025364315336283e+01,1.520287406856829548e+01,1.517556477814502713e+01,1.514832430581540912e+01,1.512115242388852465e+01,0.000000000000000000e+00,0.000000000000000000e+00,0.000000000000000000e+00,0.000000000000000000e+00,0.000000000000000000e+00,0.000000000000000000e+00,0.000000000000000000e+00,0.000000000000000000e+00,0.000000000000000000e+00,0.000000000000000000e+00,0.000000000000000000e+00,0.000000000000000000e+00,0.000000000000000000e+00,0.000000000000000000e+00,0.000000000000000000e+00,0.000000000000000000e+00,0.000000000000000000e+00,0.000000000000000000e+00,0.000000000000000000e+00,0.000000000000000000e+00
1.506071091376730031e+01,1.503372465450008733e+01,1.500674325407963217e+01,1.497982568544103898e+01,1.495296659940542483e+01,1.492899689492347903e+01,1.490506808838848052e+01,1.546492473726798345e+01,1.541028320560524634e+01,1.538250752901130625e+01,1.535480333900005334e+01,1.532709699852674490e+01,1.529946544636646877e+01,1.527190750634664163e+01,1.524442177145617450e+01,1.521700765764822805e+01,1.518966431980110876e+01,1.516239081380405551e+01,1.513518570280377773e+01,1.510804870235677022e+01,0.000000000000000000e+00,0.000000000000000000e+00,0.000000000000000000e+00,0.000000000000000000e+00,0.000000000000000000e+00,0.000000000000000000e+00,0.000000000000000000e+00,0.000000000000000000e+00,0.000000000000000000e+00,0.000000000000000000e+00,0.000000000000000000e+00,0.000000000000000000e+00,0.000000000000000000e+00,0.000000000000000000e+00,0.000000000000000000e+00,0.000000000000000000e+00,0.000000000000000000e+00,0.000000000000000000e+00,0.000000000000000000e+00,0.000000000000000000e+00
1.504568573293822098e+01,1.501873124608282239e+01,1.499177792399210496e+01,1.496488346677734960e+01,1.494089133820003923e+01,1.491694037340960932e+01,1.547937435499786218e+01,1.542463901769679602e+01,1.539682609669248414e+01,1.536908500910888264e+01,1.534134171101790933e+01,1.531367378004673441e+01,1.528608009669056145e+01,1.525855948800176165e+01,1.523111042408319094e+01,1.520373264933705570e+01,1.517642526489720467e+01,1.514918720817869868e+01,1.512201712391529895e+01,1.509491467031341472e+01,0.000000000000000000e+00,0.000000000000000000e+00,0.000000000000000000e+00,0.000000000000000000e+00,0.000000000000000000e+00,0.000000000000000000e+00,0.000000000000000000e+00,0.000000000000000000e+00,0.000000000000000000e+00,0.000000000000000000e+00,0.000000000000000000e+00,0.000000000000000000e+00,0.000000000000000000e+00,0.000000000000000000e+00,0.000000000000000000e+00,0.000000000000000000e+00,0.000000000000000000e+00,0.000000000000000000e+00,0.000000000000000000e+00,0.000000000000000000e+00
1.503062854596009501e+01,1.500370146670656268e+01,1.497677140507447113e+01,1.495275662502980829e+01,1.492878323484859138e+01,1.549379727051702815e+01,1.543896643705816629e+01,1.541111620726214682e+01,1.538333795705696438e+01,1.535555732532193574e+01,1.532785260238401648e+01,1.530022268858771639e+01,1.527266653474789315e+01,1.524518270331622105e+01,1.521777010124060681e+01,1.519042839736873951e+01,1.516315660563055445e+01,1.513595367907543299e+01,1.510881824001696927e+01,1.508174980637232920e+01,0.000000000000000000e+00,0.000000000000000000e+00,0.000000000000000000e+00,0.000000000000000000e+00,0.000000000000000000e+00,0.000000000000000000e+00,0.000000000000000000e+00,0.000000000000000000e+00,0.000000000000000000e+00,0.000000000000000000e+00,0.000000000000000000e+00,0.000000000000000000e+00,0.000000000000000000e+00,0.000000000000000000e+00,0.000000000000000000e+00,0.000000000000000000e+00,0.000000000000000000e+00,0.000000000000000000e+00,0.000000000000000000e+00,0.000000000000000000e+00
1.501553484407394379e+01,1.498863070834346267e+01,1.496459301267852027e+01,1.494059693082894924e+01,1.550819381550392606e+01,1.545326615384668756e+01,1.542537780522775037e+01,1.539756240405252896e+01,1.536974409537728370e+01,1.534200222007092229e+01,1.531433570354322526e+01,1.528674345909854893e+01,1.525922435631552077e+01,1.523177694720011388e+01,1.520440057140530854e+01,1.517709462148985189e+01,1.514985806263141299e+01,1.512268993951527740e+01,1.509558864285452984e+01,1.506855404908748497e+01,0.000000000000000000e+00,0.000000000000000000e+00,0.000000000000000000e+00,0.000000000000000000e+00,0.000000000000000000e+00,0.000000000000000000e+00,0.000000000000000000e+00,0.000000000000000000e+00,0.000000000000000000e+00,0.000000000000000000e+00,0.000000000000000000e+00,0.000000000000000000e+00,0.000000000000000000e+00,0.000000000000000000e+00,0.000000000000000000e+00,0.000000000000000000e+00,0.000000000000000000e+00,0.000000000000000000e+00,0.000000000000000000e+00,0.000000000000000000e+00
1.500040033744092050e+01,1.497640072589216587e+01,1.495238171800981775e+01,1.552256414618699409e+01,1.546753851409594205e+01,1.543961163814647364e+01,1.541175823205595563e+01,1.538390234282111990e+01,1.535612292891778807e+01,1.532841942782283340e+01,1.530079072251600358e+01,1.527323572975902088e+01,1.524575320817474378e+01,1.521834209958017681e+01,1.519100158571439252e+01,1.516373103803663724e+01,1.513652937586141434e+01,1.510939551885009635e+01,1.508232815867827981e+01,1.505532722541212998e+01,0.000000000000000000e+00,0.000000000000000000e+00,0.000000000000000000e+00,0.000000000000000000e+00,0.000000000000000000e+00,0.000000000000000000e+00,0.000000000000000000e+00,0.000000000000000000e+00,0.000000000000000000e+00,0.000000000000000000e+00,0.000000000000000000e+00,0.000000000000000000e+00,0.000000000000000000e+00,0.000000000000000000e+00,0.000000000000000000e+00,0.000000000000000000e+00,0.000000000000000000e+00,0.000000000000000000e+00,0.000000000000000000e+00,0.000000000000000000e+00
1.498811913884348002e+01,1.496413785235026239e+01,1.553690803451396718e+01,1.548178378835103786e+01,1.545381798724509359e+01,1.542592619750464067e+01,1.539803183537632592e+01,1.537021503897742036e+01,1.534247415796269109e+01,1.531480862590737502e+01,1.528721737056511998e+01,1.525969903925376592e+01,1.523225299227225804e+01,1.520487781997403687e+01,1.517757286076840728e+01,1.515033736193435843e+01,1.512317015410274479e+01,1.509607019060917565e+01,1.506903663189896747e+01,1.504206903725045308e+01,0.000000000000000000e+00,0.000000000000000000e+00,0.000000000000000000e+00,0.000000000000000000e+00,0.000000000000000000e+00,0.000000000000000000e+00,0.000000000000000000e+00,0.000000000000000000e+00,0.000000000000000000e+00,0.000000000000000000e+00,0.000000000000000000e+00,0.000000000000000000e+00,0.000000000000000000e+00,0.000000000000000000e+00,0.000000000000000000e+00,0.000000000000000000e+00,0.000000000000000000e+00,0.000000000000000000e+00,0.000000000000000000e+00,0.000000000000000000e+00
1.497580506570856151e+01,1.555122603100683065e+01,1.549600234442934976e+01,1.546799716340049713e+01,1.544006661559760119e+01,1.541213336445163939e+01,1.538427830809546748e+01,1.535650016532170170e+01,1.532879746039841606e+01,1.530116953248782252e+01,1.527361504531461733e+01,1.524613339338611340e+01,1.521872345060461384e+01,1.519138386985018130e+01,1.516411410613817878e+01,1.513691320679314245e+01,1.510977999858246967e+01,1.508271389495416770e+01,1.505571377768515973e+01,1.502877915966310951e+01,0.000000000000000000e+00,0.000000000000000000e+00,0.000000000000000000e+00,0.000000000000000000e+00,0.000000000000000000e+00,0.000000000000000000e+00,0.000000000000000000e+00,0.000000000000000000e+00,0.000000000000000000e+00,0.000000000000000000e+00,0.000000000000000000e+00,0.000000000000000000e+00,0.000000000000000000e+00,0.000000000000000000e+00,0.000000000000000000e+00,0.000000000000000000e+00,0.000000000000000000e+00,0.000000000000000000e+00,0.000000000000000000e+00,0.000000000000000000e+00
1.556543182993916474e+01,1.551019451029830698e+01,1.548214949964885356e+01,1.545417975606802585e+01,1.542620723732299126e+01,1.539831349762158119e+01,1.537049735132250916e+01,1.534275748692829922e+01,1.531509253507496382e+01,1.528750153350254593e+01,1.525998385402497526e+01,1.523253848335095206e+01,1.520516425254927562e+01,1.517785996716428087e+01,1.515062500132310674e+01,1.512345815612560607e+01,1.509635892486267394e+01,1.506932635524479025e+01,1.504235934192014668e+01,1.501545715078109922e+01,0.000000000000000000e+00,0.000000000000000000e+00,0.000000000000000000e+00,0.000000000000000000e+00,0.000000000000000000e+00,0.000000000000000000e+00,0.000000000000000000e+00,0.000000000000000000e+00,0.000000000000000000e+00,0.000000000000000000e+00,0.000000000000000000e+00,0.000000000000000000e+00,0.000000000000000000e+00,0.000000000000000000e+00,0.000000000000000000e+00,0.000000000000000000e+00,0.000000000000000000e+00,0.000000000000000000e+00,0.000000000000000000e+00,0.000000000000000000e+00
1.552427565329079329e+01,1.549627532880425207e+01,1.546826592831057923e+01,1.544025377297851342e+01,1.541232093158987304e+01,1.538446629160198498e+01,1.535668866474263083e+01,1.532898669131253300e+01,1.530135880096198164e+01,1.527380470546249747e+01,1.524632348858663988e+01,1.521891398291510100e+01,1.519157516424629861e+01,1.516430580739457135e+01,1.513710501804818875e+01,1.510997221931819823e+01,1.508290665809787079e+01,1.505590729605541966e+01,1.502897277921374197e+01,1.500210290507820687e+01,0.000000000000000000e+00,0.000000000000000000e+00,0.000000000000000000e+00,0.000000000000000000e+00,0.000000000000000000e+00,0.000000000000000000e+00,0.000000000000000000e+00,0.000000000000000000e+00,0.000000000000000000e+00,0.000000000000000000e+00,0.000000000000000000e+00,0.000000000000000000e+00,0.000000000000000000e+00,0.000000000000000000e+00,0.000000000000000000e+00,0.000000000000000000e+00,0.000000000000000000e+00,0.000000000000000000e+00,0.000000000000000000e+00,0.000000000000000000e+00
