1.566396135889941732e+01,1.564310961670139832e+01,1.562218198497761712e+01,1.560125162802113152e+01,1.558031857640399842e+01,1.555938361750641796e+01,1.553844447376256888e+01,1.551750131208965655e+01,1.549672228072668112e+01,1.547574724737447127e+01
1.564770302575064598e+01,1.562680952655738409e+01,1.560583960966373240e+01,1.558486731048456164e+01,1.556389338420422774e+01,1.554291573654673897e+01,1.552193436442010288e+01,1.550111958528983891e+01,1.548010715512475777e+01,1.545908865148759759e+01
1.563137865524598169e+01,1.561044216575740151e+01,1.558943044712563442e+01,1.556841737753431154e+01,1.554740105248651005e+01,1.552638122898698647e+01,1.550553070628708952e+01,1.548448069301566932e+01,1.546342413874003086e+01,1.544237093741042699e+01
1.561498698778220273e+01,1.559400800408496224e+01,1.557295561988707888e+01,1.555190045463812254e+01,1.553084200957648697e+01,1.550995540359208746e+01,1.548886787202158644e+01,1.546777308814123231e+01,1.544668199755844995e+01,1.542558752342852202e+01
1.559852847491571026e+01,1.557750811736961793e+01,1.555641395994909537e+01,1.553531672295184940e+01,1.551439373266351396e+01,1.549326865433729594e+01,1.547213552611229659e+01,1.545100634582786370e+01,1.542987444572147737e+01,1.540874691869077751e+01
1.558200417115781278e+01,1.556094158088554735e+01,1.553980536626766451e+01,1.551866771882345120e+01,1.549768290249954283e+01,1.547651144135440049e+01,1.545534396857346948e+01,1.543417423528700283e+01,1.541300957771376190e+01,1.539184174151030504e+01
1.556541333706983465e+01,1.554430786441502121e+01,1.552313146443199265e+01,1.550211066506305713e+01,1.548090085999209542e+01,1.545969491464020251e+01,1.543848721665997559e+01,1.541728522215907304e+01,1.539608037072796165e+01,1.537486458531965816e+01
1.554875515261099395e+01,1.552760900887189877e+01,1.550655209586256333e+01,1.548530370474996332e+01,1.546405916071768694e+01,1.544281337026110990e+01,1.542157386871140901e+01,1.540033183885845958e+01,1.537907896116939099e+01,1.536151588132978674e+01
1.553203194044901636e+01,1.551100716846398875e+01,1.548971983361908045e+01,1.546843676197859097e+01,1.544715271192481865e+01,1.542587553249182619e+01,1.540459616601083326e+01,1.538330602601649488e+01,1.536571163159729281e+01,1.534810461112815538e+01
1.551540774866447947e+01,1.549414951170163590e+01,1.547282774571636921e+01,1.545150520767066737e+01,1.543019025565151203e+01,1.540887328666001643e+01,1.538754580025046437e+01,1.536991995970319991e+01,1.535228170370242928e+01,1.609558524436010174e+01
1.549852539210449009e+01,1.547723208527580319e+01,1.545587090038682021e+01,1.543451799164600047e+01,1.541316322645182879e+01,1.539179830121693016e+01,1.537414088568056236e+01,1.535647126331668133e+01,1.610085411014193113e+01,1.544937926975812914e+01
1.548158317964567843e+01,1.546024985460552514e+01,1.543885866658137118e+01,1.541746606693381949e+01,1.539606354370945063e+01,1.537837442626133821e+01,1.536067330970829836e+01,1.610614244861974242e+01,1.545581633551245559e+01,1.543704781544241911e+01
1.546457639713346310e+01,1.544321240702254627e+01,1.542178181240139878e+01,1.540034154033098623e+01,1.538262059609906451e+01,1.536488785912531974e+01,1.611144972820067522e+01,1.546227023090138886e+01,1.544345665997639117e+01,1.542465057153017227e+01
1.544751438295999968e+01,1.542611047489819320e+01,1.540463229984617222e+01,1.538687940709445812e+01,1.536911492568104265e+01,1.611677539714592555e+01,1.546874111624616788e+01,1.544988229514798483e+01,1.543103105736523872e+01,1.541185765342181035e+01
1.543038798606559148e+01,1.540893582984564070e+01,1.539115086787858822e+01,1.537335452083835108e+01,1.612212037955502453e+01,1.547522901923398031e+01,1.545632456645637731e+01,1.543742813363414967e+01,1.541820893301082762e+01,1.539900246871870593e+01
1.541318881148177233e+01,1.539543498543888234e+01,1.537760665306575447e+01,1.612748465869016101e+01,1.548173361717993224e+01,1.546278365795865284e+01,1.544384185775536267e+01,1.542457659294025163e+01,1.540532451368775035e+01,1.538608481715847454e+01
1.539966899648561238e+01,1.538187132866634954e+01,1.613286826379196270e+01,1.548825515769581784e+01,1.546925922715847435e+01,1.545027218873094910e+01,1.543096069290773897e+01,1.541166273932444852e+01,1.539237766940400931e+01,1.537310446153539623e+01
1.538608633810606108e+01,1.613827136757004510e+01,1.549479363519919417e+01,1.547575160578993980e+01,1.545671869574672641e+01,1.543736128773249305e+01,1.541801720117947028e+01,1.539868649876166984e+01,1.537936801098467754e+01,1.536006171122622987e+01
1.614359143096125138e+01,1.550134916267902341e+01,1.548226067947083529e+01,1.546318183846946326e+01,1.544377807736985453e+01,1.542438794492917431e+01,1.540501129733420882e+01,1.538564734020061664e+01,1.536629590967481462e+01,1.534695649888057289e+01
1.550785387889917111e+01,1.548878663676544321e+01,1.546966144996276959e+01,1.545021121739079284e+01,1.543077477503383577e+01,1.541135218008628627e+01,1.539194249453900909e+01,1.537254571678393944e+01,1.535316132815953338e+01,1.533378875446363310e+01
1.549526215310698518e+01,1.547615773417227913e+01,1.545666059068240372e+01,1.543717776149449605e+01,1.541770901286378148e+01,1.539825353985686007e+01,1.537881116187157460e+01,1.535938157385672653e+01,1.533996419713799497e+01,1.532055841464996959e+01
1.548260395562054015e+01,1.546312634411825648e+01,1.544359701058091972e+01,1.542408176730002722e+01,1.540458041097395636e+01,1.538509225927844426e+01,1.536561727273881672e+01,1.534615486483578195e+01,1.532670445221394928e+01,1.530726539592588686e+01
1.546954241714884759e+01,1.545003239027571595e+01,1.543047062851529105e+01,1.541092299148700917e+01,1.539138903123121693e+01,1.537186845301857474e+01,1.535236079355549776e+01,1.533286552601122565e+01,1.531338203552710553e+01,1.529390918576903857e+01
1.545641833271374033e+01,1.543687547095012746e+01,1.541728149468903197e+01,1.539770129002028654e+01,1.537813512676456185e+01,1.535858201503452847e+01,1.533904166941072233e+01,1.531951349847402355e+01,1.529999640751849732e+01,1.528049034545607832e+01
1.544323128083367003e+01,1.542365589747497623e+01,1.540402927276380751e+01,1.538441706235355966e+01,1.536481855471211944e+01,1.534523291531736078e+01,1.532565984259530723e+01,1.530609829271449307e+01,1.528654807226673995e+01,1.526700881392422637e+01
1.542998153777824655e+01,1.541037300126947329e+01,1.539071452070672308e+01,1.537107022040601478e+01,1.535143928837080196e+01,1.533182109789256486e+01,1.531221488132139541e+01,1.529262028638152948e+01,1.527303703253191358e+01,1.525346450642523521e+01
1.541666840395228100e+01,1.539702752392751428e+01,1.537733715676841584e+01,1.535766064465505210e+01,1.533799729384550048e+01,1.531834616724065512e+01,1.529870700608628198e+01,1.527907955716900190e+01,1.525946323132750493e+01,1.523985725294670601e+01
1.540329269945461910e+01,1.538361943471729809e+01,1.536389707194568643e+01,1.534418832807539879e+01,1.532449220407262480e+01,1.530480826739372802e+01,1.528513641260593836e+01,1.526547605668840291e+01,1.524582649040456594e+01,1.522618678251086521e+01
1.538985427029248321e+01,1.537014865180984557e+01,1.535039421213161859e+01,1.533065294591725092e+01,1.531092409584163150e+01,1.529120761411652296e+01,1.527150303025966593e+01,1.525180968413405935e+01,1.523212643408821698e+01,1.521245359279890508e+01
1.537635314398820263e+01,1.535661505622538492e+01,1.533682832916280248e+01,1.531705445247916586e+01,1.529729319318265368e+01,1.527754417362455541e+01,1.525780681577023046e+01,1.523807985770576856e+01,1.521836366544596686e+01,1.519880692237041941e+01
1.536278920708008400e+01,1.534301848651514177e+01,1.532319923638121040e+01,1.530339316879968337e+01,1.528359950252397681e+01,1.526381788914122772e+01,1.524404707661826208e+01,1.522428732870286794e+01,1.520453805786987189e+01,1.518494438262285584e+01
1.534916229863115689e+01,1.532935860211290446e+01,1.530950738039728520e+01,1.528966904208704847e+01,1.526984296671290053e+01,1.525002811338370989e+01,1.523022460431235814e+01,1.521043198965715959e+01,1.519079756700801198e+01,1.517101785876615061e+01
1.533547199990642440e+01,1.531563599021654554e+01,1.529575267268630512e+01,1.527588206700211160e+01,1.525602298039099836e+01,1.523617551221224531e+01,1.521633934428858836e+01,1.519651368045201778e+01,1.517684129204247867e+01,1.515702868901162681e+01
1.532171897911013048e+01,1.530185049047532786e+01,1.528193511296296236e+01,1.526203169445484065e+01,1.524214007250741076e+01,1.522226013338108963e+01,1.520239113737311598e+01,1.518267766562579624e+01,1.516282262754728549e+01,1.514297731844552075e+01
1.530790308018779911e+01,1.528800213687879861e+01,1.526805416452140562e+01,1.524811830108440347e+01,1.522819439150736187e+01,1.520828185188820569e+01,1.518852720090149333e+01,1.516862918814207006e+01,1.514874153750354679e+01,1.512886117692831078e+01
1.529402429968815191e+01,1.527409041448234106e+01,1.525411018076973946e+01,1.523414213329617439e+01,1.521418584556925602e+01,1.519423992867318418e+01,1.517444871960534059e+01,1.515451818183807475e+01,1.513459588792285615e+01,1.511468207682383103e+01
1.528008215066385134e+01,1.526011563311745789e+01,1.524010337240993707e+01,1.522010312936181720e+01,1.520011361745619816e+01,1.518028124536660073e+01,1.516030762570905743e+01,1.514034283203871567e+01,1.512038690954321041e+01,1.510044087244686750e+01
1.526607692804239669e+01,1.524607800565619797e+01,1.522603370945679835e+01,1.520600043725472439e+01,1.518597871600920968e+01,1.516610986282970330e+01,1.514610232564095682e+01,1.512610392503869505e+01,1.510611601682034433e+01,1.508613428226585818e+01
1.525200884131526990e+01,1.523197754078889865e+01,1.521190039145467310e+01,1.519183501628473820e+01,1.517192493171132384e+01,1.515187435403261773e+01,1.513183324938485974e+01,1.511180338297746140e+01,1.509177961797259826e+01,1.507176331764735266e+01
1.523787790780292184e+01,1.521781346010884128e+01,1.519770428503749571e+01,1.517775283340712811e+01,1.515765904308908851e+01,1.513757504980221213e+01,1.511750262448866877e+01,1.509743708401509465e+01,1.507737889468300274e+01,1.505733134075701685e+01
1.522368338055326653e+01,1.520358651701207897e+01,1.518344541725306129e+01,1.516345638204261626e+01,1.514332933775882317e+01,1.512321412531297860e+01,1.510310641382448082e+01,1.508300644228714837e+01,1.506291699133043060e+01,1.504282859500462521e+01
1.520942593656008235e+01,1.518929683626806693e+01,1.516926637960531465e+01,1.514909611760616670e+01,1.512893789287399571e+01,1.510878782612493154e+01,1.508864588148011876e+01,1.506851438735108317e+01,1.504838462168232560e+01,1.502826228645247753e+01
1.519510581562801477e+01,1.517508905972285227e+01,1.515487538456230787e+01,1.513467396176969970e+01,1.511448137819522941e+01,1.509429705161067758e+01,1.507412360212025604e+01,1.505395229333224449e+01,1.503378827106320337e+01,1.501363714924937653e+01
1.518072227680955066e+01,1.516066714880411226e+01,1.514042235324912866e+01,1.512018708534581535e+01,1.509996020607224487e+01,1.507974446691429549e+01,1.505953161527608586e+01,1.503932572640398035e+01,1.501913312275669199e+01,1.499894909114908259e+01
1.516641697680584144e+01,1.514618306606319287e+01,1.512590494922408624e+01,1.510563531735629361e+01,1.508537702714104256e+01,1.506512255806831924e+01,1.504487466279797658e+01,1.502464038931333867e+01,1.500441523649802278e+01,1.498420322252026793e+01
1.515190222921869889e+01,1.513163496285743115e+01,1.511132236918558647e+01,1.509102139511923113e+01,1.507072500577863039e+01,1.505043506676406651e+01,1.503015893288111116e+01,1.500989232262902284e+01,1.498963942554381745e+01,1.496939506443225554e+01
1.513732366713184518e+01,1.511702118324740240e+01,1.509667756083751300e+01,1.507633901960025469e+01,1.505600694807432305e+01,1.503568878337230252e+01,1.501538057266069970e+01,1.499508659816430622e+01,1.497480148409008827e+01,1.495452027697257336e+01
1.512267914105202848e+01,1.510234553583540773e+01,1.508196468674582746e+01,1.506159025031389120e+01,1.504122992573589812e+01,1.502087996097456823e+01,1.500054474398997328e+01,1.498021871538140459e+01,1.495989675343576231e+01,1.494278922062196813e+01
1.510797297282599594e+01,1.508760197205280207e+01,1.506718489958302953e+01,1.504678237340868208e+01,1.502639049157260409e+01,1.500601386553350736e+01,1.498564676359518089e+01,1.496528388160416512e+01,1.494814228456048966e+01,1.493100046284682136e+01
1.509319895650521026e+01,1.507279103457970137e+01,1.505234611501697373e+01,1.503191212287598333e+01,1.501149397846864453e+01,1.499108556860732300e+01,1.497068166624245933e+01,1.495350587638371564e+01,1.493633007778973365e+01,1.558018841170184743e+01
1.507835727212686194e+01,1.505792113554381473e+01,1.503744488580092309e+01,1.501698504067537243e+01,1.499653515202895449e+01,1.497609011076747620e+01,1.495888000050088529e+01,1.494167009728639428e+01,1.558681789229552273e+01,1.510594509719044254e+01
1.506345657744810751e+01,1.504298881404642785e+01,1.502248700574969575e+01,1.500199555570468135e+01,1.498150921706869809e+01,1.496426465999820365e+01,1.494702052568366391e+01,1.559346450354220082e+01,1.511396069757300609e+01,1.509468730841819450e+01
1.504849364491773756e+01,1.502799994660117378e+01,1.500746677476521818e+01,1.498693898531908886e+01,1.496965985621217499e+01,1.495238136545124341e+01,1.560012786216877601e+01,1.512199116042319424e+01,1.510266683735502369e+01,1.508336898729665521e+01
1.503347416018632288e+01,1.501294880911665430e+01,1.499237941334523327e+01,1.497506558903160823e+01,1.495775261752561569e+01,1.560680778865906859e+01,1.513003656989119250e+01,1.511066109442325711e+01,1.509131233883381284e+01,1.507170659276055957e+01
1.501839246900111391e+01,1.499783049832433335e+01,1.498048185607916594e+01,1.496313428144462421e+01,1.561350477364554479e+01,1.513809693432966696e+01,1.511866995633893040e+01,1.509927017988558973e+01,1.507961306194899187e+01,1.505998711512570409e+01
1.500324355765871331e+01,1.498590865367774505e+01,1.496852635432546030e+01,1.562021878711058953e+01,1.514617197674085602e+01,1.512669353126218397e+01,1.510724252688912905e+01,1.508753377685676966e+01,1.506785668288100410e+01,1.504821035303271159e+01
1.499129767651413303e+01,1.497392883257121809e+01,1.562694987679138592e+01,1.515426186044353862e+01,1.513473153718031305e+01,1.511522933133806568e+01,1.509546875674943678e+01,1.507574025770231252e+01,1.505604304211158073e+01,1.503637608823666305e+01
1.497929378614662888e+01,1.563369814242479450e+01,1.516236654388133687e+01,1.514278419276421417e+01,1.512323027088532257e+01,1.510341801485249746e+01,1.508363785834300863e+01,1.506388950989822106e+01,1.504417182897938154e+01,1.502448445922949283e+01
1.564038966552244148e+01,1.517048609199446574e+01,1.515085137820578254e+01,1.513124563249706966e+01,1.511138131749392599e+01,1.509154949648191746e+01,1.507174972021075021e+01,1.505198111556220475e+01,1.503224322082592934e+01,1.501267068440833619e+01
1.517856526939158002e+01,1.515893320978914716e+01,1.513927527577421195e+01,1.511935874558675330e+01,1.509947500488707917e+01,1.507962372977021914e+01,1.505980395205148881e+01,1.504001531321554452e+01,1.502025713069834190e+01,1.500066119534290365e+01
1.516697485091749087e+01,1.514731931445038526e+01,1.512735019692657801e+01,1.510741440932207524e+01,1.508751142251197308e+01,1.506764035650295597e+01,1.504780073458849898e+01,1.502799200645482003e+01,1.500834840349677179e+01,1.498859419840005103e+01
1.515532335477868742e+01,1.513535574408181006e+01,1.511536775577082992e+01,1.509541274957601686e+01,1.507549026016354077e+01,1.505559946422143724e+01,1.503573998689667235e+01,1.501591110255998274e+01,1.499624427788480574e+01,1.497646950394688048e+01
1.514332149370610381e+01,1.512333492156784409e+01,1.510332781922918777e+01,1.508335355298274649e+01,1.506341149448916639e+01,1.504350106877771154e+01,1.502362163223807556e+01,1.500377249954340719e+01,1.498408252761789683e+01,1.496428606450571763e+01
1.513126239529364270e+01,1.511125651041427176e+01,1.509123036453137701e+01,1.507123666441068011e+01,1.505127523080641971e+01,1.503134503901434016e+01,1.501144557193615370e+01,1.499170801277407961e+01,1.497186203338962152e+01,1.495204502769292887e+01
1.511914572018477187e+01,1.509912065568172324e+01,1.507907511712779147e+01,1.505906228296366223e+01,1.503908131377198032e+01,1.501913129716749751e+01,1.499921170855732200e+01,1.497945029104155878e+01,1.495958381109143431e+01,1.493974625554442781e+01
1.510697158502222948e+01,1.508692684368288894e+01,1.506686238498010155e+01,1.504683029170384501e+01,1.502682966885659965e+01,1.500685974836494907e+01,1.498705086686036836e+01,1.496713468966906646e+01,1.494724785865355976e+01,1.492738955203272511e+01
1.509473946035236835e+01,1.507467552651063336e+01,1.505459205175005621e+01,1.503454055306117176e+01,1.501452021290756456e+01,1.499453007053452325e+01,1.497469762455649267e+01,1.495476134034776727e+01,1.493485404239721070e+01,1.491497452316473726e+01
1.508244984180775994e+01,1.506236661805381871e+01,1.504226398761543848e+01,1.502219300411974245e+01,1.500215264730693576e+01,1.498227265522569418e+01,1.496228669155562585e+01,1.494233013639640006e+01,1.492240195694053639e+01,1.490250056627593622e+01
1.507010256543491522e+01,1.505000000553003048e+01,1.502987809901082983e+01,1.500978736857660323e+01,1.498972696449990138e+01,1.496982387264467462e+01,1.494981788241865672e+01,1.492984084418348445e+01,1.490989076964497073e+01,1.488996867391049150e+01
1.505769759290917165e+01,1.503757555280254721e+01,1.501743416224956640e+01,1.499732356202742700e+01,1.497737291975324858e+01,1.495731726993347976e+01,1.493729109818380252e+01,1.491729220697715164e+01,1.489732171254449966e+01,1.487737850734505152e+01
1.504523479214710946e+01,1.502509309420914896e+01,1.500493199347200957e+01,1.498480174267642440e+01,1.496482826422831280e+01,1.494475268035840898e+01,1.492470487559320524e+01,1.490468574858926942e+01,1.488469445716193107e+01,1.486472980433297053e+01
1.503271399807983855e+01,1.501255234463127586e+01,1.499237184058297601e+01,1.497235089115330808e+01,1.495222566980170953e+01,1.493212876477871554e+01,1.491206078325764395e+01,1.489202119397266699e+01,1.487200871726366813e+01,1.485202179548325851e+01
1.502013487221686816e+01,1.499995364199712711e+01,1.497975358811789448e+01,1.495971004284074546e+01,1.493956385787074304e+01,1.491944681855638777e+01,1.489935868681970277e+01,1.487929814542816231e+01,1.485926350090542947e+01,1.483925539772145896e+01
1.500749780979876746e+01,1.498729682782230022e+01,1.496720553032999135e+01,1.494701014805680117e+01,1.492684385058933749e+01,1.490670690935571407e+01,1.488659817144911024e+01,1.486651546396238643e+01,1.484646009222676000e+01,1.482643087640315827e+01
1.499480265381958510e+01,1.497458186895839205e+01,1.495446733404202533e+01,1.493425186118147074e+01,1.491406590373959240e+01,1.489390872383821218e+01,1.487377782605241983e+01,1.485367473200610533e+01,1.483359840320617096e+01,1.481354632206172894e+01
1.498204934708878433e+01,1.496193540790645571e+01,1.494167075360252284e+01,1.492143565924546778e+01,1.490122979174389606e+01,1.488105057154295352e+01,1.486089955802115625e+01,1.484077565960998513e+01,1.482067683680643455e+01,1.480060299494125076e+01
1.496923750664528185e+01,1.494910024310730989e+01,1.492881616543927947e+01,1.490856137165869200e+01,1.488833368189068551e+01,1.486813455958339247e+01,1.484796290165730070e+01,1.482781686858366399e+01,1.480769624217202995e+01,1.478760145584016783e+01
1.495649270529832009e+01,1.493620704634843221e+01,1.491590344141796010e+01,1.489562713333289068e+01,1.487537964442377358e+01,1.485516009860417697e+01,1.483496663485388112e+01,1.481479889650142923e+01,1.479465757395927561e+01,1.477453930031919249e+01
1.494356111388659869e+01,1.492325579359127730e+01,1.490293088314655279e+01,1.488263484980472029e+01,1.486236725377211343e+01,1.484212609866915145e+01,1.482191103436171531e+01,1.480172307074443339e+01,1.478155820806172471e+01,1.476141719934533469e+01
1.493057146827622894e+01,1.491024482303041587e+01,1.488990017877507555e+01,1.486958434026827724e+01,1.484929532287982035e+01,1.482903275490738260e+01,1.480879766124226649e+01,1.478858636542048366e+01,1.476839894848873236e+01,1.474823754336506987e+01
1.491752218205224167e+01,1.489717557827377803e+01,1.487681133966972702e+01,1.485647427033015155e+01,1.483616403955187479e+01,1.481588160201505744e+01,1.479562353654394258e+01,1.477538975945391897e+01,1.475518202431940651e+01,1.473499332137604334e+01
1.490441453604688071e+01,1.488404823607593030e+01,1.486366292432431635e+01,1.484330486431561624e+01,1.482297487534797042e+01,1.480266986133596241e+01,1.478238954347833989e+01,1.476213532554686125e+01,1.474190074365034420e+01,1.472168967450401311e+01
1.489124897327940644e+01,1.487086127575924088e+01,1.485045520000140584e+01,1.483007748002617987e+01,1.480972535701008930e+01,1.478939815059994523e+01,1.476909748707062420e+01,1.474881685473055448e+01,1.472855975805427420e+01,1.470832987332555319e+01
1.487802378053421926e+01,1.485761502703985215e+01,1.483718940447942458e+01,1.481679000849980454e+01,1.479641574654939618e+01,1.477606834839513894e+01,1.475574163235152092e+01,1.473543833601067021e+01,1.471516265970336335e+01,1.469491095083217758e+01
1.486473925018684028e+01,1.484431062173827165e+01,1.482386379029717460e+01,1.480344227575604776e+01,1.478304791683693864e+01,1.476267502830260270e+01,1.474232538931748948e+01,1.472200374534174117e+01,1.470170658646585160e+01,1.468143642520425374e+01
1.485139646839297178e+01,1.483094666913006243e+01,1.481047771671486046e+01,1.479003625199005434e+01,1.476961692658965575e+01,1.474922088223452477e+01,1.472885309273902621e+01,1.470851019928131009e+01,1.468819483539068926e+01,1.466790310954297460e+01
1.483799429988322416e+01,1.481752190891097953e+01,1.479703332030351959e+01,1.477656734669600880e+01,1.475612479609828043e+01,1.473571069656748200e+01,1.471532192311651599e+01,1.469496118123011996e+01,1.467462442606418271e+01,1.465440309964188437e+01
1.482453113689296131e+01,1.480403910465376072e+01,1.478352632868937633e+01,1.476303706175614394e+01,1.474257652111519334e+01,1.472214171644221281e+01,1.470173543908405023e+01,1.468135350038689424e+01,1.466108847843607776e+01,1.464364727482533723e+01
1.481101010979375587e+01,1.479049382171623606e+01,1.476995759635653371e+01,1.474945054235287856e+01,1.472896954888884125e+01,1.470851758490227645e+01,1.468809031022449929e+01,1.466778143639946030e+01,1.465030312799679635e+01,1.463283818260213920e+01
1.479742665834038284e+01,1.477688647930872889e+01,1.475633273165154868e+01,1.473580537747494645e+01,1.471530760335383192e+01,1.469483478416937672e+01,1.467448195129095367e+01,1.465696641757174490e+01,1.463946447947529705e+01,1.522045398169945862e+01
1.478378095963946315e+01,1.476322305851844163e+01,1.474264919368131643e+01,1.472210543785881143e+01,1.470158691282961527e+01,1.468118999953487247e+01,1.466363712159173716e+01,1.464609807093638594e+01,1.522863627474809611e+01,1.487982797585903683e+01
1.477007916864804571e+01,1.474950099468293629e+01,1.472891102838593902e+01,1.470834670215533180e+01,1.468790555704471146e+01,1.467031521660018534e+01,1.465273893543117723e+01,1.523683291559956388e+01,1.488939322936265697e+01,1.486916923198489471e+01
1.475631888955383531e+01,1.473572440420975660e+01,1.471511412334383451e+01,1.469462859832304957e+01,1.467700067810068632e+01,1.465938704945317284e+01,1.524504360342619691e+01,1.489896922922741496e+01,1.487856981277206359e+01,1.485833301505144988e+01
1.474250409956318641e+01,1.472188915102698914e+01,1.470135909535228791e+01,1.468369348049613876e+01,1.466604238816652739e+01,1.525326818550635721e+01,1.490855598937294957e+01,1.488810065777970415e+01,1.486769077076390388e+01,1.484719933054529051e+01
1.472863071390087342e+01,1.470809702127786167e+01,1.469039359576913384e+01,1.467270492611724464e+01,1.526150697932339106e+01,1.491815346425495292e+01,1.489764191361787304e+01,1.487717631952711628e+01,1.485663153339384834e+01,1.483601369016160376e+01
1.471480155242760013e+01,1.469710099675018355e+01,1.467937463506545193e+01,1.526975993933557163e+01,1.492776137740320586e+01,1.490719361236232920e+01,1.488667211552165170e+01,1.486595372875676091e+01,1.484540028843078474e+01,1.482477575411670934e+01
1.470377515669230206e+01,1.468605148765429291e+01,1.527802707624023881e+01,1.493737981128007419e+01,1.491675547327394824e+01,1.489617807263936378e+01,1.487540346985095852e+01,1.485467910463718866e+01,1.483411685601923224e+01,1.481348512892577318e+01
1.469269525308375179e+01,1.528630843091531588e+01,1.494700868216554568e+01,1.492632762311001215e+01,1.490569388155448394e+01,1.488486315030067075e+01,1.486408281025626366e+01,1.484346753920078754e+01,1.482278065283730584e+01,1.480214225827346652e+01
1.529454448662701438e+01,1.495664799454690908e+01,1.493590991508933641e+01,1.491521972001206109e+01,1.489433253244797584e+01,1.487349618802818441e+01,1.485271000612907599e+01,1.483208548573834307e+01,1.481139217985205470e+01,1.479074700338938086e+01
1.496624895371054009e+01,1.494550239468041042e+01,1.492475542492865515e+01,1.490381163321036162e+01,1.488291905381981906e+01,1.486207710458475262e+01,1.484139958685244309e+01,1.482065118613187593e+01,1.479995135536442952e+01,1.477929922438032051e+01
1.495505661365141492e+01,1.493430103996594838e+01,1.491330032324170141e+01,1.489235137949142107e+01,1.487145346877458962e+01,1.485060558126453500e+01,1.482991922293594378e+01,1.480916452897560553e+01,1.478845803208779586e+01,1.476779878097247334e+01
1.494380849637872544e+01,1.492279860876471886e+01,1.490179315423567097e+01,1.488083901030246281e+01,1.485993549454948770e+01,1.483908164012902375e+01,1.481838648669258873e+01,1.479762540826285999e+01,1.477691207370818383e+01,1.475624548449367879e+01
1.493225884686218130e+01,1.491124422976898956e+01,1.489023376942599342e+01,1.486927431769002084e+01,1.484836506918114729e+01,1.482761717189775297e+01,1.480680130789438564e+01,1.478603368026779208e+01,1.476531334375772708e+01,1.474463850796120923e+01
1.492065729686510878e+01,1.489963759989617031e+01,1.487862210809560537e+01,1.485765713786857134e+01,1.483674222844815915e+01,1.481598569196705029e+01,1.479516355972722508e+01,1.477438921300160501e+01,1.475366096047489606e+01,1.473297866143622059e+01
1.490900354098149450e+01,1.488797878685798892e+01,1.486695791538072697e+01,1.484598757955596859e+01,1.482517849165139623e+01,1.480430166537558989e+01,1.478347310251705338e+01,1.476269121708682519e+01,1.474195563596125069e+01,1.472126579664093526e+01
1.489729762506603095e+01,1.487626734804254092e+01,1.485524138448016451e+01,1.483426550809506850e+01,1.481344795184612551e+01,1.479256497033353313e+01,1.477172925225868738e+01,1.475094019414584068e+01,1.473019732346753763e+01,1.470949972212549461e+01
1.488553909696604194e+01,1.486450358888902201e+01,1.484347238130161806e+01,1.482260199832849068e+01,1.480166476769305284e+01,1.478077497170113475e+01,1.475993225968935540e+01,1.473913619735439795e+01,1.471838587842044355e+01,1.469768009749057036e+01
1.487372829355934201e+01,1.485268740036931945e+01,1.483165076218518763e+01,1.481077218735615375e+01,1.478982837544837992e+01,1.476893181573103320e+01,1.474808236513960580e+01,1.472727910236577742e+01,1.470652095269204906e+01,1.468580642561628125e+01
1.486186504255322660e+01,1.484081865174158210e+01,1.481977641119877731e+01,1.479888925943801681e+01,1.477793881178300595e+01,1.475703574985993427e+01,1.473617938445358000e+01,1.471536869047655216e+01,1.469460187704310350e+01,1.467387940476576169e+01
1.484994927369486817e+01,1.482889719452345290e+01,1.480795740341951117e+01,1.478695308797774466e+01,1.476599633416514479e+01,1.474508667099372161e+01,1.472422320050529621e+01,1.470340397547565559e+01,1.468262952946460231e+01,1.466189873695889645e+01
1.483798084174288512e+01,1.481692285715423907e+01,1.479597433001462292e+01,1.477496406072921609e+01,1.475400088970564738e+01,1.473308440909190153e+01,1.471221267384437503e+01,1.469138605320319790e+01,1.467060361930775514e+01,1.464986418218961894e+01
1.482595957578113044e+01,1.480500278535484782e+01,1.478393848789697884e+01,1.476292201623230049e+01,1.474195233083979417e+01,1.472102791990601389e+01,1.470014893301162218e+01,1.467931467433271564e+01,1.465852388906245807e+01,1.463777511567274203e+01
1.481399414666055137e+01,1.479291989675476415e+01,1.477184969509454682e+01,1.475082690227402082e+01,1.472984965678721458e+01,1.470891812653542630e+01,1.468803183460233797e+01,1.466718949591117926e+01,1.464638954732076925e+01,1.462563218398627285e+01
1.480186432460200940e+01,1.478078405878016177e+01,1.475970787653786331e+01,1.473867783573465928e+01,1.471769358720254317e+01,1.469675503655916060e+01,1.467586102313388707e+01,1.465500961796479018e+01,1.463420151771534528e+01,1.461343554484478346e+01
1.478968161506797685e+01,1.476859524980185157e+01,1.474751218484187376e+01,1.472647525803447444e+01,1.470548427021157600e+01,1.468453837332362433e+01,1.466363539335690369e+01,1.464277618719362550e+01,1.462195968972656246e+01,1.460118371289122940e+01
1.477744595513329173e+01,1.475635265496489268e+01,1.473526302300859925e+01,1.471421948445550854e+01,1.469322149514409404e+01,1.467226681948585387e+01,1.465135633729601494e+01,1.463048894399107347e+01,1.460966281337720929e+01,1.458887759400776218e+01
1.476515657088638989e+01,1.474405662246378412e+01,1.472296062879212464e+01,1.470191034453670831e+01,1.468090384032673867e+01,1.465994191777264888e+01,1.463902346358605833e+01,1.461814680013927159e+01,1.459731148702976000e+01,1.457651757458480901e+01
1.475281378986716696e+01,1.473170737443489742e+01,1.471060486402176792e+01,1.468954639637017223e+01,1.466853281750351812e+01,1.464756318372186250e+01,1.462663580138660357e+01,1.460575012258488670e+01,1.458490639158912217e+01,1.456410178611040251e+01
1.474041782603706707e+01,1.471930485215742124e+01,1.469819441325715914e+01,1.467712902345301273e+01,1.465610806677863565e+01,1.463512974859170512e+01,1.461419352008418748e+01,1.459329987340301571e+01,1.457244549411867851e+01,1.455163068806211157e+01
1.472796862499214221e+01,1.470684776764310264e+01,1.468573049743971382e+01,1.466465805210178530e+01,1.464362864902143180e+01,1.462264171684699221e+01,1.460169776018368815e+01,1.458079371093971233e+01,1.455992935474096939e+01,1.453910606868542033e+01
1.471546495656598452e+01,1.469433715870893487e+01,1.467321308523533574e+01,1.465213243273057486e+01,1.463109465796267195e+01,1.461010021077036569e+01,1.458914621437533654e+01,1.456823233151200014e+01,1.454735964027870310e+01,1.452652253009110694e+01
1.470290773643094795e+01,1.468177311476497948e+01,1.466064104834324056e+01,1.463955228622736726e+01,1.461850717171978964e+01,1.459750307488567955e+01,1.457653951041431384e+01,1.455561728098196816e+01,1.453473119155133553e+01,1.451388395034873113e+01
1.469029725573525269e+01,1.466915445038199195e+01,1.464801454090020982e+01,1.462691860449570669e+01,1.460586426768049506e+01,1.458485073622836126e+01,1.456387898492071820e+01,1.454294376897059493e+01,1.452204751807386884e+01,1.450119279300461450e+01
1.467763218306011908e+01,1.465648136852557570e+01,1.463533446172236729e+01,1.461422974293616406e+01,1.459316610055138241e+01,1.457214458751002617e+01,1.455116020651619735e+01,1.453021479977468289e+01,1.450931132976945470e+01,1.448844673698601504e+01
1.466491269228051131e+01,1.464375468503407873e+01,1.462259944309182913e+01,1.460148552109157194e+01,1.458041405759678710e+01,1.455938043249316038e+01,1.453838574331083677e+01,1.451743337878238904e+01,1.449652038666738463e+01,1.447564845662289912e+01
1.465213956393561290e+01,1.463097330487782344e+01,1.460980894631595461e+01,1.458868740473841541e+01,1.456760431573732362e+01,1.454656028407619495e+01,1.452555887416492553e+01,1.450459724671200945e+01,1.448367718639097745e+01,1.446279545758406115e+01
1.463931189693592216e+01,1.461813621674625452e+01,1.459696456730661041e+01,1.457583183611657063e+01,1.455473837151488326e+01,1.453368777546448953e+01,1.451267738643354477e+01,1.449170904845599850e+01,1.447077940229493542e+01,1.444995876378541944e+01
1.462642841828701634e+01,1.460524549574031639e+01,1.458406298925739719e+01,1.456291991531459473e+01,1.454182001941391711e+01,1.452076073873535123e+01,1.449974398907908579e+01,1.447876629407616278e+01,1.445789887791995909e+01,1.443970864983010571e+01
1.461349148037789902e+01,1.459229770047762997e+01,1.457110481594471985e+01,1.454995555172270727e+01,1.452884724379408254e+01,1.450778195430959983e+01,1.448675608067940068e+01,1.446584175364590763e+01,1.444761281144316278e+01,1.442940939731415639e+01
1.460049754584618142e+01,1.457929310028668723e+01,1.455809431500557061e+01,1.453693683473757225e+01,1.451582289783141633e+01,1.449474866969294418e+01,1.447378733900194803e+01,1.445551958497144085e+01,1.443727759238173824e+01,1.498069019837100058e+01
1.458744669850256415e+01,1.456623625139650002e+01,1.454502947094433196e+01,1.452386674074464423e+01,1.450274402060593459e+01,1.448173558173967379e+01,1.446342891942897069e+01,1.444514825120536017e+01,1.499037420694142853e+01,1.474164056574933035e+01
1.457434362825911833e+01,1.455312511767998274e+01,1.453191340120713804e+01,1.451074210568001455e+01,1.448968642975802368e+01,1.447134076279629156e+01,1.445302132345188895e+01,1.500006779483221919e+01,1.475244771213678874e+01,1.473091717312170346e+01
1.456118643192237627e+01,1.453996287116938291e+01,1.451874286957217564e+01,1.449763983010194934e+01,1.447925506332710910e+01,1.446089675779936812e+01,1.500977067460718040e+01,1.476335453621727645e+01,1.474176845005338343e+01,1.472014339998720445e+01
1.454797817016978101e+01,1.452674625987474144e+01,1.450559572852065138e+01,1.448717176838425758e+01,1.446877450244184260e+01,1.501948267479737886e+01,1.477426538944936674e+01,1.475252573320808835e+01,1.473094115315985420e+01,1.470911740146295443e+01
1.453471563352542439e+01,1.451355407245256224e+01,1.449509082431360696e+01,1.447665450544793586e+01,1.502920400190418349e+01,1.478518018218097119e+01,1.476338260313551842e+01,1.474164641798440201e+01,1.471986138647543285e+01,1.469804454698764928e+01
1.452147844713724822e+01,1.450301217867843917e+01,1.448453671350042882e+01,1.503893457226810781e+01,1.479609862321523472e+01,1.477424314345927314e+01,1.475244938872041800e+01,1.473060875827017036e+01,1.470873482427079537e+01,1.468692453906441031e+01
1.451089967213617626e+01,1.449242107444737115e+01,1.504867434891816558e+01,1.480702073728682677e+01,1.478510705928417934e+01,1.476325575273382285e+01,1.474126322122770105e+01,1.471942821446320693e+01,1.469756123611173138e+01,1.467575703844349988e+01
1.450027168351819995e+01,1.505842331737186868e+01,1.481794640492053361e+01,1.479597441554758319e+01,1.477406519369680460e+01,1.475201512535814885e+01,1.473003031373620075e+01,1.470820079362632171e+01,1.468634014586147885e+01,1.466454232311743411e+01
1.506812939790419037e+01,1.482887558538097039e+01,1.480684503737627367e+01,1.478487781874958529e+01,1.476276994425984412e+01,1.474072778681694018e+01,1.471884305980000107e+01,1.469692585006537300e+01,1.467507186761783089e+01,1.465328024315291522e+01
1.483976255863604621e+01,1.481771892106499067e+01,1.479569344002183406e+01,1.477352764814538943e+01,1.475142795957603958e+01,1.472939363251801836e+01,1.470751406851780629e+01,1.468560378449861403e+01,1.466375629577426309e+01,1.464197064928274727e+01
1.482855067833980911e+01,1.480651205304955198e+01,1.478428808182358978e+01,1.476213076376379618e+01,1.474003922278852841e+01,1.471810474465116414e+01,1.469613797989144288e+01,1.467423446683127608e+01,1.465239327406362690e+01,1.463061339112447001e+01
1.481728862856815176e+01,1.479505120577636390e+01,1.477283614729861938e+01,1.475068717133861895e+01,1.472860345991789899e+01,1.470667433086124731e+01,1.468471467735569647e+01,1.466281777314437029e+01,1.464098265608008376e+01,1.461920828115398585e+01
1.480577238906112036e+01,1.478354393710938552e+01,1.476133747155761355e+01,1.473919665975899562e+01,1.471712058136029455e+01,1.469519683396263332e+01,1.467324406181040430e+01,1.465135355024324681e+01,1.462952429409185839e+01,1.460775466308441750e+01
1.479420982341947877e+01,1.477198995426451944e+01,1.474979196840800455e+01,1.472765905427215927e+01,1.470568082142561650e+01,1.468367206156717231e+01,1.466172599379046915e+01,1.463984165468347776e+01,1.461801749028295205e+01,1.459625308825884460e+01
1.478260063638341215e+01,1.476038927670533951e+01,1.473819938669963037e+01,1.471607440833704317e+01,1.469410167228330266e+01,1.467209990235786776e+01,1.465016032306509430e+01,1.462828145957315584e+01,1.460646272393402612e+01,1.458470340189019154e+01
1.477094482841440737e+01,1.474874149313277272e+01,1.472655985083098606e+01,1.470453249884139879e+01,1.468247519508794241e+01,1.466048022037815457e+01,1.463854650367206744e+01,1.461667328439967584e+01,1.459485991369225033e+01,1.457310541695670381e+01
1.475924198230226914e+01,1.473704682240799002e+01,1.471487321115940716e+01,1.469285152602741107e+01,1.467080126279240915e+01,1.464881250548645220e+01,1.462688466726174497e+01,1.460501712352477099e+01,1.458320890818912829e+01,1.456145883410965070e+01
1.474749234142639764e+01,1.472530513680626996e+01,1.470322892480178822e+01,1.468112318582381270e+01,1.465907942014417031e+01,1.463709681434414023e+01,1.461517494576136578e+01,1.459331283892467468e+01,1.457150940321134058e+01,1.454976323858716825e+01
1.473569572057919785e+01,1.471351628884178098e+01,1.469144588943697372e+01,1.466934705505015479e+01,1.464730964255449663e+01,1.462533327948539963e+01,1.460341715816696961e+01,1.458156022420299713e+01,1.455976085531273156e+01,1.453801910669843522e+01
1.472385202622331590e+01,1.470176943574550421e+01,1.467961520956098553e+01,1.465752299206305764e+01,1.463549206819409498e+01,1.461352178166219318e+01,1.459161117191495016e+01,1.456975850138365658e+01,1.454796387428773130e+01,1.452622617034036523e+01
1.471196109835936383e+01,1.468988397537130197e+01,1.466773659440740651e+01,1.464565122598299141e+01,1.462362661363729011e+01,1.460166214959133768e+01,1.457975609916926985e+01,1.455790843882864394e+01,1.453611819777495384e+01,1.451438420888714198e+01
1.470011158539175966e+01,1.467795058483676485e+01,1.465581039176659495e+01,1.463373159457850292e+01,1.461171312619085683e+01,1.458975356730402240e+01,1.456785272740880188e+01,1.454600980819626876e+01,1.452422359131202967e+01,1.450249270562746418e+01
1.468812354094497152e+01,1.466596972780892472e+01,1.464383642465806545e+01,1.462176401362847500e+01,1.459975082373585131e+01,1.457779666815678610e+01,1.455590090973931972e+01,1.453406230791395970e+01,1.451227941510875574e+01,1.449055210292311813e+01
1.467608813427407810e+01,1.465394115965027844e+01,1.463181459232225912e+01,1.460974779246634014e+01,1.458774018653954130e+01,1.456579141552566981e+01,1.454390033501722534e+01,1.452206522009161382e+01,1.450028631961740189e+01,1.447856248319163264e+01
1.466400511576937049e+01,1.464186482048418725e+01,1.461974423315319527e+01,1.459768320074712378e+01,1.457568128072920999e+01,1.455373756074045843e+01,1.453185013186247687e+01,1.451001936019561356e+01,1.448824418207129128e+01,1.446652266960713717e+01
1.465187439552948589e+01,1.462974007252560504e+01,1.460762558760387719e+01,1.458557042913939483e+01,1.456357390854666534e+01,1.454163407228963933e+01,1.451975129900326067e+01,1.449792449420489859e+01,1.447615200722501427e+01,1.445443330789863623e+01
1.463969536722998299e+01,1.461756711795342767e+01,1.459545878662260243e+01,1.457340930930218903e+01,1.455141696306132815e+01,1.452948206164319878e+01,1.450760350271809429e+01,1.448577974957136405e+01,1.446401020446640295e+01,1.444229466075969270e+01
1.462746821737088077e+01,1.460534607186944278e+01,1.458324368476162647e+01,1.456119872394689629e+01,1.453921152812338491e+01,1.451728112278379790e+01,1.449540596099888035e+01,1.447358535970039028e+01,1.445181926089091284e+01,1.443010523640774601e+01
1.461519305358455156e+01,1.459307684974936947e+01,1.457097926320274439e+01,1.454893965430117575e+01,1.452695729227913368e+01,1.450503055516744055e+01,1.448315875554787802e+01,1.446134202704041805e+01,1.443957755865963044e+01,1.441786533631069389e+01
1.460286979429005072e+01,1.458075845498767187e+01,1.455866637802828834e+01,1.453663193172838319e+01,1.451465350451048586e+01,1.449273038795748292e+01,1.447086272407468144e+01,1.444904789448581539e+01,1.442728547775372760e+01,1.440557633381825653e+01
1.459049748784858380e+01,1.456839160576706860e+01,1.454630496709264875e+01,1.452427472251630647e+01,1.450230018273489563e+01,1.448038144458770304e+01,1.445851603851687628e+01,1.443670344919887860e+01,1.441494429507122277e+01,1.439323390645547640e+01
1.457807676013072395e+01,1.455597632784297701e+01,1.453389413810390707e+01,1.451186806408549401e+01,1.448989811535720307e+01,1.446798201563243680e+01,1.444611913462239627e+01,1.442430986829824313e+01,1.440254987579855595e+01,1.438084105968220250e+01
1.456560778751943985e+01,1.454351168709337117e+01,1.452143395566433526e+01,1.449941267742028472e+01,1.447744577712707326e+01,1.445553238191064160e+01,1.443367302045851730e+01,1.441186331139114962e+01,1.439010493439873173e+01,1.436839974208619708e+01
1.455308952770480424e+01,1.453099778712045342e+01,1.450892506521310921e+01,1.448690725484248887e+01,1.446494323520749603e+01,1.444303359173645696e+01,1.442117414027039501e+01,1.439936609081336272e+01,1.437761161346076300e+01,1.435590804717365998e+01
1.454052206189102492e+01,1.451843520503245877e+01,1.449636637574739062e+01,1.447435160040317115e+01,1.445239152984560604e+01,1.443048227885176438e+01,1.440862445968394390e+01,1.438682058254281770e+01,1.436506807369108429e+01,1.434336813582172176e+01
1.452790593592490609e+01,1.450582306280266565e+01,1.448375741152830365e+01,1.446174681537483764e+01,1.443978759417089464e+01,1.441787996258682725e+01,1.439602656992214591e+01,1.437422492960232745e+01,1.435247632760074232e+01,1.433077793776661935e+01
1.451524042240891887e+01,1.449316051733649680e+01,1.447109937454240303e+01,1.444909004446283163e+01,1.442713253357713121e+01,1.440522951756458525e+01,1.438337865074303323e+01,1.436158127072789803e+01,1.433983444866381696e+01,1.431819358046200463e+01
1.450252447797264388e+01,1.448044914355134338e+01,1.445838960202980239e+01,1.443638207578424115e+01,1.441442935017074589e+01,1.439252915724656745e+01,1.437068289702654766e+01,1.434888754265491428e+01,1.432719921609321645e+01,1.430811479819969989e+01
1.448975989033087330e+01,1.446768618316023058e+01,1.444562848409743694e+01,1.442362600078533674e+01,1.440167637642931808e+01,1.437978113920623535e+01,1.435793715327251974e+01,1.433620126838086861e+01,1.431707869881097928e+01,1.429799086099913019e+01
1.447694382689552839e+01,1.445487175914855271e+01,1.443281939823816096e+01,1.441082023174481286e+01,1.438887593748920679e+01,1.436698318060550505e+01,1.434519967249859107e+01,1.432603888084266330e+01,1.430691303571388850e+01,1.482979051592334585e+01
1.446407626320889861e+01,1.444200947575361837e+01,1.441996066979308289e+01,1.439796720443449729e+01,1.437602557043190998e+01,1.435419436401288351e+01,1.433499528069661721e+01,1.431583135842429755e+01,1.484075268937620784e+01,1.466418652674204104e+01
1.445116090591778857e+01,1.442909764231049863e+01,1.440705485166159683e+01,1.438506428072733812e+01,1.436318527952235868e+01,1.434394783491686098e+01,1.432474576659108934e+01,1.485171750987631256e+01,1.467610515125601545e+01,1.465326073270859553e+01
1.443819617525182153e+01,1.441613885495108427e+01,1.439409924659338280e+01,1.437217235631854706e+01,1.435289648108503258e+01,1.433365619780517619e+01,1.486268468725619130e+01,1.468801962692343821e+01,1.466511934503875736e+01,1.464236595763468429e+01
1.442518457367200746e+01,1.440313040660889499e+01,1.438115553117302525e+01,1.436184115733775712e+01,1.434256259054566485e+01,1.487365403107221695e+01,1.469992990267508404e+01,1.467697363717756787e+01,1.465408844848750647e+01,1.463118457798808336e+01
1.441212343129159557e+01,1.439013474309927076e+01,1.437078180149135953e+01,1.435146488378076235e+01,1.488462568287879861e+01,1.471183588222581662e+01,1.468882343770702725e+01,1.466588254078668285e+01,1.464284827490606844e+01,1.461996147827844439e+01
1.439907590100796142e+01,1.437971835357112127e+01,1.436036301656411140e+01,1.489559953220367916e+01,1.472373726613960088e+01,1.470066871429325239e+01,1.467767199493826169e+01,1.465458210871225475e+01,1.463164160281679571e+01,1.460869639065944980e+01
1.438861695954301112e+01,1.436925692961984424e+01,1.490657551062102470e+01,1.473563407714312135e+01,1.471250916281159604e+01,1.468945668911743851e+01,1.466631107719731197e+01,1.464324012865150060e+01,1.462031670243622017e+01,1.459738901437396308e+01
1.437811300567388884e+01,1.491755356925578724e+01,1.474752619373657225e+01,1.472434484840097646e+01,1.470123630275420368e+01,1.467803509624649116e+01,1.465490872091646679e+01,1.463185643597102015e+01,1.460894956926292210e+01,1.458603948817803797e+01
1.492848535553954648e+01,1.475941357808804710e+01,1.473617559278517319e+01,1.471301093872702559e+01,1.468975390968652306e+01,1.466657214067762105e+01,1.464346476146003440e+01,1.462050469928109919e+01,1.459754035913175940e+01,1.457464764810154634e+01
1.477125175325497608e+01,1.474800139576601055e+01,1.472478040660203291e+01,1.470146748752902255e+01,1.467823017950101594e+01,1.465506769525787867e+01,1.463197887035776290e+01,1.460903561621954339e+01,1.458608894284346924e+01,1.456321333291471021e+01
1.475977811690252395e+01,1.473654470615582746e+01,1.471317567860937636e+01,1.468988276904403989e+01,1.466666506714082630e+01,1.464352144881575590e+01,1.462052516222293441e+01,1.459752441138452284e+01,1.457459515183869136e+01,1.455173637922048790e+01
1.474826005734673373e+01,1.472487844051522998e+01,1.470152986006194595e+01,1.467825675718857781e+01,1.465505828831154211e+01,1.463193335362037573e+01,1.460895397093945469e+01,1.458597094239919478e+01,1.456305882701432708e+01,1.454021659546322809e+01
1.473653239293689765e+01,1.471317127809398428e+01,1.468984276238258957e+01,1.466658922612376870e+01,1.464340972874168401e+01,1.462030331981799414e+01,1.459734061609678513e+01,1.457437504248582982e+01,1.455147980706838062e+01,1.452865345814486986e+01
1.472476396992997749e+01,1.470142291483226238e+01,1.467811427768000065e+01,1.465487998244331180e+01,1.463171935145448543e+01,1.460870409327638519e+01,1.458568494368878810e+01,1.456273655507326481e+01,1.453985753577616791e+01,1.451704730568768298e+01
1.471295448133545669e+01,1.468963333742073019e+01,1.466634414253491592e+01,1.464312904446130759e+01,1.461998696148490495e+01,1.459698844510610627e+01,1.457398678916144164e+01,1.455105497830644623e+01,1.452819230146503671e+01,1.450539797419112631e+01
1.470110389519444993e+01,1.467780212860670908e+01,1.465453244039549041e+01,1.463133624238832553e+01,1.460828546776336623e+01,1.458523043082940873e+01,1.456224571356358410e+01,1.453933047981316840e+01,1.451648399037637560e+01,1.449370527619619509e+01
1.468921179286924783e+01,1.466592946017535226e+01,1.464267900132005451e+01,1.461950139455217190e+01,1.459646739744078481e+01,1.457342963566783567e+01,1.455046174620190769e+01,1.452756300271706991e+01,1.450473244191880617e+01,1.448196893978349564e+01
1.467727836523631524e+01,1.465401518456545027e+01,1.463078364721312496e+01,1.460769748842057680e+01,1.458460669417081235e+01,1.456158603879178948e+01,1.453863492794363488e+01,1.451575239312583498e+01,1.449293738153585309e+01,1.447018861179986793e+01
1.466530340317628500e+01,1.464205913267988635e+01,1.461884622092046371e+01,1.459577673459759417e+01,1.457270327782449293e+01,1.454969967473014592e+01,1.452676507495130842e+01,1.450389845044886705e+01,1.448109836079007096e+01,1.445836458743076491e+01
1.465328679416406032e+01,1.463006112209883902e+01,1.460686648735858739e+01,1.458381333367860044e+01,1.456075718588310863e+01,1.453777040773558227e+01,1.451485203856430672e+01,1.449200055624502781e+01,1.446921577306718198e+01,1.444649661809030938e+01
1.464122835700298708e+01,1.461802095096951248e+01,1.459491600236647102e+01,1.457180738201160608e+01,1.454876830531403087e+01,1.452579805958465720e+01,1.450289512463179697e+01,1.448005921539075658e+01,1.445728937343077014e+01,1.443458449539311772e+01
1.462912788976359302e+01,1.460601136092843788e+01,1.458284999333140242e+01,1.455975871126323007e+01,1.453673647554431447e+01,1.451378199041088735e+01,1.449089484608906275e+01,1.446807421166776386e+01,1.444531894167656283e+01,1.442262778026169912e+01
1.461698508470021451e+01,1.459388511976617053e+01,1.457074139678095293e+01,1.454766720745205433e+01,1.452466108051867266e+01,1.450172259897084182e+01,1.447885104950163360e+01,1.445604527087640534e+01,1.443330395075551209e+01,1.441062675158265982e+01
1.460487295393117257e+01,1.458171638770923195e+01,1.455859008623111350e+01,1.453553232747076507e+01,1.451254240630793824e+01,1.448961981015527556e+01,1.446676345305588640e+01,1.444397181158938182e+01,1.442124483413081393e+01,1.439858143175182725e+01
1.459264426323763075e+01,1.456950506943777768e+01,1.454639554212349495e+01,1.452335419625062229e+01,1.450038045048456681e+01,1.447747339272563671e+01,1.445463136049004049e+01,1.443185438784388452e+01,1.440914145601767515e+01,1.438649087234974111e+01
1.458037309610036303e+01,1.455725066153312142e+01,1.453415786873698679e+01,1.451113290462965111e+01,1.448817502169110227e+01,1.446528252844595563e+01,1.444245546233410593e+01,1.441969278204887672e+01,1.439699300812942795e+01,1.437435551448481519e+01
1.456805897167684449e+01,1.454495324438824966e+01,1.452187710847064217e+01,1.449886828093184477e+01,1.447592524859919294e+01,1.445304799261544204e+01,1.443023546610716856e+01,1.440748627678593508e+01,1.438479975086008800e+01,1.436217552871111636e+01
1.455570195987395010e+01,1.453261284302541867e+01,1.450955310552021871e+01,1.448655945294804681e+01,1.446363187942035111e+01,1.444076943510958877e+01,1.441797072329253737e+01,1.439523500006422907e+01,1.437256202337884403e+01,1.434994968906026003e+01
1.454330207869340619e+01,1.452022934885827965e+01,1.449718506464032330e+01,1.447420708355570085e+01,1.445129463714215490e+01,1.442844627476331354e+01,1.440566124425480510e+01,1.438293945808627683e+01,1.436027850399672801e+01,1.433767816849251631e+01
1.453085922056825474e+01,1.450780198382941855e+01,1.448477355321794491e+01,1.446181100628047034e+01,1.443891290571550456e+01,1.441607847651208374e+01,1.439330763977006100e+01,1.437059813701970867e+01,1.434794942671550899e+01,1.432536205018908859e+01
1.451837264137627237e+01,1.449533121367676358e+01,1.447231848232982898e+01,1.444937054373454188e+01,1.442648663512819951e+01,1.440366664105786043e+01,1.438090841947893139e+01,1.435821135942374838e+01,1.433557579792569214e+01,1.431299772745486010e+01
1.450584273865172946e+01,1.448281700870720989e+01,1.445981913149265097e+01,1.443688565857327433e+01,1.441401640034654896e+01,1.439120937104461184e+01,1.436846386994791303e+01,1.434578004407714502e+01,1.432315415822691662e+01,1.430058758685298059e+01
1.449326959667731884e+01,1.447025861930875834e+01,1.444727548681912843e+01,1.442435687219767360e+01,1.440150095287835619e+01,1.437870683221446733e+01,1.435597476453263255e+01,1.433330097651945856e+01,1.431068666047686477e+01,1.428813324688832687e+01
1.448065238252751108e+01,1.445765606488335386e+01,1.443468800508351180e+01,1.441178311083269747e+01,1.438894028550839721e+01,1.436615982656147850e+01,1.434343812287066555e+01,1.432077597637525912e+01,1.429817508018499694e+01,1.427563305111722869e+01
1.446799109831235519e+01,1.444500974194667720e+01,1.442205578758586171e+01,1.439916415263821037e+01,1.437633518924115705e+01,1.435356553194403517e+01,1.433085547908006951e+01,1.430820701141698592e+01,1.428561782055582441e+01,1.426308886703422196e+01
1.445528611158743360e+01,1.443231892371202285e+01,1.440937838539755944e+01,1.438650084027442766e+01,1.436368309291293599e+01,1.434092510599167269e+01,1.431822897656995508e+01,1.429559246474227052e+01,1.427301661202886152e+01,1.425049886135853683e+01
1.444253681468251216e+01,1.441958286534555711e+01,1.439665672433280363e+01,1.437379077556035867e+01,1.435098480672838761e+01,1.432824093151902645e+01,1.430555702683774477e+01,1.428293418537744586e+01,1.426036975802855444e+01,1.423790889240244439e+01
1.442974230696973237e+01,1.440680279472429781e+01,1.438388856387919290e+01,1.436103450494357681e+01,1.433824281838009185e+01,1.431551144335484693e+01,1.429284153422558745e+01,1.427023035282141095e+01,1.424772371489796896e+01,1.422779086822231065e+01
1.441690398464710654e+01,1.439397639417430597e+01,1.437107411660546497e+01,1.434823458735990087e+01,1.432545565753803629e+01,1.430273860732039637e+01,1.428008059501335758e+01,1.425752811337775938e+01,1.423755962103268402e+01,1.421763148469420557e+01
1.440401946831238611e+01,1.438110365309225358e+01,1.435821618327753946e+01,1.433538961216903296e+01,1.431262536185256451e+01,1.428992040184346202e+01,1.426732203905324070e+01,1.424731784743215002e+01,1.422735419756557285e+01,1.474041045042727305e+01
1.439108862592330951e+01,1.436818756026930899e+01,1.434531327217340824e+01,1.432250172861905568e+01,1.429974973595260934e+01,1.427710544460801501e+01,1.425706549983016025e+01,1.423706628328717727e+01,1.475233695544019952e+01,1.462505646020836281e+01
1.437811452745680540e+01,1.435522660710957332e+01,1.433236763917737733e+01,1.430956857322033926e+01,1.428687828469863597e+01,1.426680253248543195e+01,1.424676769545078514e+01,1.476425816025204441e+01,1.463765409949963825e+01,1.461381365391059894e+01
1.436509576422583656e+01,1.434222308765185083e+01,1.431937686818625721e+01,1.429664051540978775e+01,1.427652890106279315e+01,1.425645838979166768e+01,1.477617378093319189e+01,1.465023964635257769e+01,1.462634737950591557e+01,1.460253067726722342e+01
1.435203454317005622e+01,1.432917457930392757e+01,1.430639209352990449e+01,1.428624456293015221e+01,1.426613832301969609e+01,1.478808362981543567e+01,1.466281309093081830e+01,1.463886890150756059e+01,1.461500056206403286e+01,1.459107647821743647e+01
1.433892847756353817e+01,1.431613297860338108e+01,1.429594947631252566e+01,1.427580745400905471e+01,1.479998785335104827e+01,1.467537437407444756e+01,1.465137808393410523e+01,1.462745806844183249e+01,1.460348256102013309e+01,1.457958524396018163e+01
1.432583020166660859e+01,1.430564360202666663e+01,1.428546574219183896e+01,1.481188634737553045e+01,1.468792318877514091e+01,1.466387493789820340e+01,1.463990314974134677e+01,1.461587608604103394e+01,1.459192765080864973e+01,1.456805673919557265e+01
1.431529420180880940e+01,1.429511314959311363e+01,1.482377905292221598e+01,1.470045962472265444e+01,1.467635914848786882e+01,1.465233572328382650e+01,1.462825701304630144e+01,1.460425732686205613e+01,1.458033561764774078e+01,1.455649071921346405e+01
1.430471716810230731e+01,1.483566592859573596e+01,1.471298359602332440e+01,1.468883085660791821e+01,1.466475546305187194e+01,1.464062529926835055e+01,1.461657423471955042e+01,1.459260160663972883e+01,1.456870616184299294e+01,1.454488715287728340e+01
1.484750033733357988e+01,1.472549512224320267e+01,1.470128990592556129e+01,1.467716254515488572e+01,1.465298069490491173e+01,1.462887833281536309e+01,1.460485462993346317e+01,1.458090855387044371e+01,1.455703927642214346e+01,1.453324586097957116e+01
1.473795004002072062e+01,1.471373635961867521e+01,1.468955679831512029e+01,1.466532322498349572e+01,1.464116942837655522e+01,1.461709467811712848e+01,1.459309784269729349e+01,1.456917819803046044e+01,1.454533479296317466e+01,1.452163156502937369e+01
1.472612640348179625e+01,1.470193828537035685e+01,1.467765277322014228e+01,1.465344749811485237e+01,1.462932160452989905e+01,1.460527399639100210e+01,1.458130386785524379e+01,1.455741036678232980e+01,1.453359253096867221e+01,1.450991330909091381e+01
1.471426356436305483e+01,1.468996934064715632e+01,1.466571254377893396e+01,1.464153532363710575e+01,1.461743691229942144e+01,1.459341622454659770e+01,1.456947253657046559e+01,1.454560488679948804e+01,1.452181231268951933e+01,1.449815679369019605e+01
1.470222990317669520e+01,1.467796441179699940e+01,1.465373589147779398e+01,1.462958645251197076e+01,1.460551521817188103e+01,1.458152125524363640e+01,1.455760368670929417e+01,1.453376157920512313e+01,1.451005825327162846e+01,1.448636157362012256e+01
1.469016041881875267e+01,1.466592316540991447e+01,1.464172269604970467e+01,1.461760066825380022e+01,1.459355647031999936e+01,1.456958888936568286e+01,1.454569714129328872e+01,1.452188026770084406e+01,1.449820033763561966e+01,1.447452784397200176e+01
1.467805477450730933e+01,1.465384557469065641e+01,1.462967266830649393e+01,1.460557797615443754e+01,1.458156044793917872e+01,1.455761895852053556e+01,1.453375272280285024e+01,1.451002517015510485e+01,1.448630399721745121e+01,1.446265542802025905e+01
1.466591292268549118e+01,1.464173118161170351e+01,1.461758588246689428e+01,1.459351818418235780e+01,1.456952699210531321e+01,1.454561128885411136e+01,1.452177010385947042e+01,1.449806608801294416e+01,1.447436909201307387e+01,1.445074413187336049e+01
1.465373441185994530e+01,1.462958015394629818e+01,1.460546214604556425e+01,1.458142108849458829e+01,1.455745592969797642e+01,1.453356556369937280e+01,1.450981406276734198e+01,1.448606855993722498e+01,1.446239544907149011e+01,1.443879369394661083e+01
1.464151942328552281e+01,1.461739232703648916e+01,1.459330125803757028e+01,1.456928652841972927e+01,1.454534695920339971e+01,1.452148169016864721e+01,1.449775378733551001e+01,1.447403241681826458e+01,1.445038280654539165e+01,1.442680379201625840e+01
1.462926771575399343e+01,1.460516750870444902e+01,1.458110303873569435e+01,1.455711420980449944e+01,1.453319995787865437e+01,1.450942472495961866e+01,1.448565501487143869e+01,1.446195745541567490e+01,1.443833076611863930e+01,1.441477459742844758e+01
1.461697916638894412e+01,1.459290549315194951e+01,1.456886722647691457e+01,1.454490396035733468e+01,1.452101486662448515e+01,1.449726320342799113e+01,1.447351758114969478e+01,1.444984314860019836e+01,1.442623957897537323e+01,1.440270586967615429e+01
1.460465357036408562e+01,1.458060605248937946e+01,1.455659358225680755e+01,1.453265576364139022e+01,1.450885693840064405e+01,1.448506314150505858e+01,1.446134090523064764e+01,1.443768982949790569e+01,1.441410900237660897e+01,1.439059740088019268e+01
1.459229069947596535e+01,1.456826888457187152e+01,1.454428214385012197e+01,1.452036943495820509e+01,1.449659413022119026e+01,1.447282400082939091e+01,1.444912532129677984e+01,1.442549728211337445e+01,1.440193882083240950e+01,1.437844879057455927e+01
1.457989021475107450e+01,1.455589407802974833e+01,1.453193272101277600e+01,1.450811051021642051e+01,1.448429240533882734e+01,1.446054602925761579e+01,1.443687066662328178e+01,1.441326524171158852e+01,1.438972856518619636e+01,1.436626021036071243e+01
1.456745224488427581e+01,1.454348141825658303e+01,1.451954515629802600e+01,1.449574609369897971e+01,1.447195192660268859e+01,1.444822912143641780e+01,1.442457666824883589e+01,1.440099320032171093e+01,1.437747853317579860e+01,1.435403164001022347e+01
1.455497656780267235e+01,1.453103076050634890e+01,1.450718493670527920e+01,1.448334298373957196e+01,1.445957264233465089e+01,1.443587305040920654e+01,1.441224272429729325e+01,1.438868154899344987e+01,1.436518856933500388e+01,1.434176225841057217e+01
1.454246302774983768e+01,1.451854172836771539e+01,1.449471914907159587e+01,1.447090120601686536e+01,1.444715435919125213e+01,1.442347710980065933e+01,1.439986933689105797e+01,1.437633007298886945e+01,1.435285796763200139e+01,1.432945237521497717e+01
1.452991125547627860e+01,1.450608029868778281e+01,1.448221479092426733e+01,1.445842058008395625e+01,1.443469633268792762e+01,1.441104187268142134e+01,1.438745623308638955e+01,1.436393813019614640e+01,1.434048689412573552e+01,1.431710210480042988e+01
1.451732122506788869e+01,1.449351323752377851e+01,1.446967169250916641e+01,1.444590036793982968e+01,1.442219910523169446e+01,1.439856701770760772e+01,1.437500282235479787e+01,1.435150578713970759e+01,1.432807559343827108e+01,1.430471035938124658e+01
1.450475894055707116e+01,1.448090759919347903e+01,1.445708918116653052e+01,1.443334103339823216e+01,1.440966241787755919e+01,1.438605201455287030e+01,1.436250907413480782e+01,1.433903342599360009e+01,1.431562290338731991e+01,1.429227722029422232e+01
1.449209094153412103e+01,1.446826272084307874e+01,1.444446764703483410e+01,1.442074241110776889e+01,1.439708571735700104e+01,1.437349678574743095e+01,1.434997546247369193e+01,1.432651971271781832e+01,1.430312895480581048e+01,1.427980362233632405e+01
1.447938386036021186e+01,1.445557891711897369e+01,1.443180698036017340e+01,1.440810389993517759e+01,1.438446890172543746e+01,1.436090180478315403e+01,1.433740066722629791e+01,1.431396486022407899e+01,1.429059462132673275e+01,1.426728629347497268e+01
1.446663796037945104e+01,1.444285611273503456e+01,1.441910654765180588e+01,1.439542540328184117e+01,1.437181242999232822e+01,1.434826582293578312e+01,1.432478488180154841e+01,1.430136965876233113e+01,1.427801674482347849e+01,1.425472727696083730e+01
1.445385326261766679e+01,1.443009365607116479e+01,1.440636627521168833e+01,1.438270733708668203e+01,1.435911518259995745e+01,1.433558893660574185e+01,1.431212875411156027e+01,1.428873117108208568e+01,1.426539717642692651e+01,1.424212804245590291e+01
1.444102904103082885e+01,1.441729150580231611e+01,1.439358651758859509e+01,1.436994873412180240e+01,1.434637710202403582e+01,1.432287181685870081e+01,1.429942955443721431e+01,1.427605095159908544e+01,1.425273752221577439e+01,1.422948700615693163e+01
1.442816523788672889e+01,1.440444995810867646e+01,1.438076646325973940e+01,1.435714934124214537e+01,1.433359884695317277e+01,1.431011187434228127e+01,1.428668858773364825e+01,1.426333077907110258e+01,1.424003625798070871e+01,1.421680596156520693e+01
1.441526212170007959e+01,1.439156835392132905e+01,1.436790565261490471e+01,1.434430987300256888e+01,1.432077805848786056e+01,1.429731006409838301e+01,1.427390778973636998e+01,1.425056910310351910e+01,1.422729502621703901e+01,1.420408311985996264e+01
1.440231913680216458e+01,1.437864596967101960e+01,1.435500488427663335e+01,1.433142811839072550e+01,1.430791537258419766e+01,1.428446855098304802e+01,1.426108562921744394e+01,1.423776768791151959e+01,1.421451219331414606e+01,1.419135987802681242e+01
1.438933542848047509e+01,1.436568387729623808e+01,1.434206208067214661e+01,1.431850447851825692e+01,1.429501304792516336e+01,1.427158581560376760e+01,1.424822393429512957e+01,1.422492477771415054e+01,1.420172983959610136e+01,1.418109793995585832e+01
1.437631221558557826e+01,1.435267992610303267e+01,1.432907733942816364e+01,1.430554127236293382e+01,1.428206964542659740e+01,1.425866375597629343e+01,1.423532086332885882e+01,1.421208324118816435e+01,1.419141921021890340e+01,1.417079800970819115e+01
1.436324728683084118e+01,1.433963401120880121e+01,1.431605320902788492e+01,1.429253710505786756e+01,1.426908715201658850e+01,1.424570040341262001e+01,1.422242007467933433e+01,1.420172385613620492e+01,1.418107062890086922e+01,1.469023574137740695e+01
1.435014043121706706e+01,1.432654885782416088e+01,1.430298820344970423e+01,1.427949409290569349e+01,1.425606340374340242e+01,1.423274033427685126e+01,1.421201187076105299e+01,1.419132656082055988e+01,1.470281257905736361e+01,1.460739794409723658e+01
1.433699444576215676e+01,1.431342295389086949e+01,1.428988455003617375e+01,1.426640988569648449e+01,1.424304401629498251e+01,1.422228324962293655e+01,1.420156579967965804e+01,1.471537680307161722e+01,1.462039796362762090e+01,1.459583328034001681e+01
1.432380791976867407e+01,1.430025856538095752e+01,1.427673984642864546e+01,1.425333111885361248e+01,1.423253799001798114e+01,1.421178834218417286e+01,1.472792814006716178e+01,1.463337961642523055e+01,1.460876785105891429e+01,1.458423249863718851e+01
1.431058302229403090e+01,1.428705328767819793e+01,1.426355170418821849e+01,1.424277609170597003e+01,1.422199418702006035e+01,1.474046642369104987e+01,1.464634296341216135e+01,1.462168400373614041e+01,1.459710169718492523e+01,1.457249130853166719e+01
1.429731739249196565e+01,1.427380465756313654e+01,1.425294834932177146e+01,1.423218333499968224e+01,1.475299188078889578e+01,1.465928800552438638e+01,1.463458165545555900e+01,1.460995235323756347e+01,1.458529518041969908e+01,1.456071685029156981e+01
1.428400849471207756e+01,1.426315221239289244e+01,1.424235578825153681e+01,1.476550444391945227e+01,1.467221442387683084e+01,1.464746089039054056e+01,1.462278448424762445e+01,1.459808037616789633e+01,1.457345552602115646e+01,1.454890886731163846e+01
1.427330713160462494e+01,1.425246213612174095e+01,1.477800410282442023e+01,1.468512241437062471e+01,1.466032137575421856e+01,1.463559806770298266e+01,1.461084692186004474e+01,1.458617539905331917e+01,1.456158249999841381e+01,1.453706709287881971e+01
1.426256818728150577e+01,1.479049086276997826e+01,1.469801194576091596e+01,1.467316337279713068e+01,1.464839276475883345e+01,1.462359483884898026e+01,1.459887649878520932e+01,1.457423722202214300e+01,1.454967577474724649e+01,1.452519149956801670e+01
1.480291873458590501e+01,1.471088312301424850e+01,1.468598675728562952e+01,1.466116887047116180e+01,1.463632388433758003e+01,1.461155884766967361e+01,1.458687301481370113e+01,1.456226543402016915e+01,1.453773535115938742e+01,1.451328189280815550e+01
1.472369166629502146e+01,1.469879168812826364e+01,1.467392624088568276e+01,1.464903416774661693e+01,1.462422227403081720e+01,1.459948993769546277e+01,1.457483607637901812e+01,1.455026007659759912e+01,1.452576104635020116e+01,1.450133807779938522e+01
1.471153424566270651e+01,1.468666503354970487e+01,1.466172562230819842e+01,1.463686682317694832e+01,1.461208787727639447e+01,1.458738773446914117e+01,1.456276568600879884e+01,1.453822096382776152e+01,1.451375266363401195e+01,1.448935986175075286e+01
1.469934171430761438e+01,1.467439831584162313e+01,1.464949257218902900e+01,1.462466679836845529e+01,1.459992035064584748e+01,1.457525217506793602e+01,1.455066165992496963e+01,1.452614790701815473e+01,1.450171000958591527e+01,1.447734704081620372e+01
1.468700915669733220e+01,1.466209939715616883e+01,1.463722684574572774e+01,1.461243382177831052e+01,1.458771955164669620e+01,1.456308314620244104e+01,1.453852382280650524e+01,1.451404071110637872e+01,1.448963289292966117e+01,1.446529922647312816e+01
1.467464456098447556e+01,1.464976791037535264e+01,1.462492832153754563e+01,1.460016765692945029e+01,1.457548542913790968e+01,1.455088042994322706e+01,1.452635198199592281e+01,1.450189918385741805e+01,1.447752090987209783e+01,1.445321650296769000e+01
1.466224755636011245e+01,1.463740383378102194e+01,1.461259668268154321e+01,1.458786831709811338e+01,1.456321773872014091e+01,1.453864384145731137e+01,1.451414594374897860e+01,1.448972294091440816e+01,1.446537411245981453e+01,1.444109867930402658e+01
1.464981809726455175e+01,1.462500665281494250e+01,1.460023202096240880e+01,1.457553559298337120e+01,1.455091631028888699e+01,1.452637319264681537e+01,1.450190534577343016e+01,1.447751198515606319e+01,1.445319234327387292e+01,1.442894555506167720e+01
1.463735568433490997e+01,1.461257656565173235e+01,1.458783412637634314e+01,1.456316926157143499e+01,1.453858095392925520e+01,1.451406813269879947e+01,1.448963012439688214e+01,1.446526617711970530e+01,1.444097541198814838e+01,1.441682053154309173e+01
1.462486052489997590e+01,1.460011339852362511e+01,1.457540277892235281e+01,1.455076914709238700e+01,1.452621133666976760e+01,1.450172856336440219e+01,1.447732019837721751e+01,1.445298533780897898e+01,1.442872307712306323e+01,1.440459489959567740e+01
1.461233234684179649e+01,1.458761694108040885e+01,1.456293778195422384e+01,1.453833492307624020e+01,1.451380732683449537e+01,1.448935441446105443e+01,1.446497536103714587e+01,1.444066925775384469e+01,1.441649890292583969e+01,1.439233351433382779e+01
1.459977102847267716e+01,1.457508696810467974e+01,1.455043884598124748e+01,1.452586640124784978e+01,1.450136886296599670e+01,1.447694550214671949e+01,1.445259543542962355e+01,1.442831750961612514e+01,1.440417404915530142e+01,1.438003613453203933e+01
1.458717634572557564e+01,1.456252322749628725e+01,1.453790570613040600e+01,1.451336356963214769e+01,1.448889577597517153e+01,1.446450162582058496e+01,1.444017994328963006e+01,1.441599442049552238e+01,1.439181334091621522e+01,1.436770254232149924e+01
1.457454804627636236e+01,1.454992538455780604e+01,1.452533841055259067e+01,1.450082622142848265e+01,1.447638787107149838e+01,1.445202232924806829e+01,1.442779465856461485e+01,1.440357030629886914e+01,1.437941655894925397e+01,1.435533233778002327e+01
1.456188575369559146e+01,1.453729354161378851e+01,1.451273675092273052e+01,1.448825419460525765e+01,1.446384469196111056e+01,1.443950775225942706e+01,1.441530704422969578e+01,1.439111022914998550e+01,1.436698323782448661e+01,1.434292565241685047e+01
1.454918961662135146e+01,1.452462746478008526e+01,1.450010055285898503e+01,1.447564706156201098e+01,1.445126632726890747e+01,1.442702357620072462e+01,1.440278361570418753e+01,1.437861369052000171e+01,1.435451363084868426e+01,1.433048244340805510e+01
1.453645938978199936e+01,1.451192699373791406e+01,1.448742939121680351e+01,1.446300482889924233e+01,1.443865267520604334e+01,1.441443672412133026e+01,1.439022378303910088e+01,1.436608102894513372e+01,1.434200756027462020e+01,1.431800191462306415e+01
1.452369490258232787e+01,1.449919170927109136e+01,1.447472326610859916e+01,1.445032744832146321e+01,1.442606957750283314e+01,1.440181354350166387e+01,1.437762799200748454e+01,1.435351202073348986e+01,1.432946433665456354e+01,1.430548432577692353e+01
1.451089574308494434e+01,1.448642159319399880e+01,1.446198210344152990e+01,1.443761472315905792e+01,1.441338300345411483e+01,1.438915454989188270e+01,1.436499596883463248e+01,1.434090602101717948e+01,1.431688409405355245e+01,1.429292977461540737e+01
1.449806188598905798e+01,1.447361657358417730e+01,1.444920571605957349e+01,1.442493219252349412e+01,1.440066070891731442e+01,1.437645942538856758e+01,1.435232710862284833e+01,1.432826308440982466e+01,1.430426703970681324e+01,1.428033718611664327e+01
1.448519326470703206e+01,1.446077648516512149e+01,1.443646112861652142e+01,1.441214652060405044e+01,1.438790243923565093e+01,1.436372762567807015e+01,1.433962137575737472e+01,1.431558354598876548e+01,1.429161203809928082e+01,1.426770659628532911e+01
1.447228970787624469e+01,1.444790078546750856e+01,1.442361202942396403e+01,1.439932504196999830e+01,1.437510763449828843e+01,1.435095905811865080e+01,1.432687920074616983e+01,1.430286609285552579e+01,1.427891916798637340e+01,1.425503892934463579e+01
1.445935068484670438e+01,1.443505725981620813e+01,1.441072727142124066e+01,1.438646715590693148e+01,1.436227616457758849e+01,1.433815416662147868e+01,1.431409927379030123e+01,1.429011089019040526e+01,1.426618930338131186e+01,1.424233089521552387e+01
1.444644531877077043e+01,1.442210916901925977e+01,1.439780622872007854e+01,1.437357272952135467e+01,1.434940846996014052e+01,1.432531169762139989e+01,1.430128175622594000e+01,1.427731872625628995e+01,1.425341924472254185e+01,1.422958446507334784e+01
1.443343418691393154e+01,1.440912490505364829e+01,1.438484879258650295e+01,1.436064216668189175e+01,1.433650342250856724e+01,1.431243172740134284e+01,1.428842727762129172e+01,1.426448662416081525e+01,1.424061079612802772e+01,1.421680112283895525e+01
1.442038700743323076e+01,1.439610439512118134e+01,1.437185530172718373e+01,1.434767448939579637e+01,1.432356094389238521e+01,1.429951490902069899e+01,1.427553306764671248e+01,1.425161609511316030e+01,1.422776557120072738e+01,1.420397920184169394e+01
1.440730368823948382e+01,1.438304791500026170e+01,1.435882493622773382e+01,1.433466941611247947e+01,1.431058167399121928e+01,1.428655860891877438e+01,1.426260039878393293e+01,1.423870892553686751e+01,1.421488197033668044e+01,1.419112060779946383e+01
1.439418447889055308e+01,1.436995479886135385e+01,1.434575719996597698e+01,1.432162765788729430e+01,1.429756321599955626e+01,1.427356373743350915e+01,1.424963121352971207e+01,1.422576348311215710e+01,1.420196171171545885e+01,1.417822343436081312e+01
1.438102881496158147e+01,1.435682428275177891e+01,1.433265290298763261e+01,1.430854695442620006e+01,1.428450615472600305e+01,1.426053248290035924e+01,1.423662389100431369e+01,1.421278161546058882e+01,1.418900308534663779e+01,1.416528531451691109e+01
1.436783580893762924e+01,1.434365745775147261e+01,1.431950990733131945e+01,1.429542766323849534e+01,1.427141277057693003e+01,1.424746322635576234e+01,1.422358035733154935e+01,1.419976148660894033e+01,1.417600350106933860e+01,1.415485111676683161e+01
1.435460669626532493e+01,1.433045210674902492e+01,1.430632826639377164e+01,1.428227211769294414e+01,1.425828152052420350e+01,1.423435797829763771e+01,1.421049867853038506e+01,1.418670038483706186e+01,1.416551944529390283e+01,1.414438163431721129e+01
1.434133919354717079e+01,1.431720808022295977e+01,1.429311055726421742e+01,1.426907881089904429e+01,1.424511452835227843e+01,1.422121465498684501e+01,1.419737600744712225e+01,1.417616643849248348e+01,1.415500014462469025e+01,1.466309578303075511e+01
1.432803304968648739e+01,1.430392814180227745e+01,1.427985515945897887e+01,1.425585002322834072e+01,1.423190947441930199e+01,1.420803041250053056e+01,1.418679213908378856e+01,1.416559728814464592e+01,1.467607145484919329e+01,1.460053527564046405e+01
1.431469109943066265e+01,1.429061063157986666e+01,1.426656447877279277e+01,1.424258321427609708e+01,1.421866364612954570e+01,1.419739659185696468e+01,1.417617310887120397e+01,1.468902890405749062e+01,1.461374874220053499e+01,1.458869984068529568e+01
1.430131179654410012e+01,1.427725799686830754e+01,1.425323592181068832e+01,1.422927575607848283e+01,1.420797984379214540e+01,1.418672765245180045e+01,1.470196786197952044e+01,1.462693961412266219e+01,1.460184781251397013e+01,1.457683118482325924e+01
1.428789746865527732e+01,1.426386764839847032e+01,1.423986679188987381e+01,1.421854194362655655e+01,1.419726096686431305e+01,1.471488818837890022e+01,1.464010802352752094e+01,1.461497318124710176e+01,1.458991372595743741e+01,1.456484522211453836e+01
1.427444558487223247e+01,1.425043680565767623e+01,1.422908294183973155e+01,1.420777310195383336e+01,1.472779023174405033e+01,1.465325402968451840e+01,1.462807591501460891e+01,1.460297357200038526e+01,1.457786233257409769e+01,1.455282862688830825e+01
1.426095328319051347e+01,1.423960289142801905e+01,1.421826410909745775e+01,1.474067397317627837e+01,1.466637730299549602e+01,1.464115617019140991e+01,1.461601080375404038e+01,1.459085664321167108e+01,1.456578042754459545e+01,1.454078112753563623e+01
1.425006950669125771e+01,1.422873404205198433e+01,1.475353946704767871e+01,1.467947814351453317e+01,1.465421359738369489e+01,1.462902545628787188e+01,1.460382824485229136e+01,1.457870933122014101e+01,1.455366776403330675e+01,1.452870244133078970e+01
1.423915084244699614e+01,1.476638678111829606e+01,1.469255657182872454e+01,1.466724857465934306e+01,1.464201717780271217e+01,1.461677722114272093e+01,1.459161543287640583e+01,1.456653142940289491e+01,1.454152399177402089e+01,1.451659255530025661e+01
1.477917000886167109e+01,1.470561277417351853e+01,1.468026100902772768e+01,1.465498637972527618e+01,1.462970333511168342e+01,1.460449881619521051e+01,1.457937216041513295e+01,1.455432249126067923e+01,1.452934913015163687e+01,1.450445126672724783e+01
1.471860215126338289e+01,1.469325114960671108e+01,1.466793294446125984e+01,1.464260677820661627e+01,1.461735932966471552e+01,1.459219008360105718e+01,1.456709800193975113e+01,1.454208258164501189e+01,1.451714298949382886e+01,1.449227837261095608e+01
1.470617476475926821e+01,1.468085711892069156e+01,1.465548753002632409e+01,1.463019708433143329e+01,1.460498511678169464e+01,1.457985061914578040e+01,1.455479297813416117e+01,1.452981150924839682e+01,1.450490536492986848e+01,1.448007367157505598e+01
1.469371506661159366e+01,1.466834572226789035e+01,1.464301222924196466e+01,1.461775727304633499e+01,1.459258032766572022e+01,1.456748036996461693e+01,1.454245689869971692e+01,1.451750907762093412e+01,1.449263605428048862e+01,1.446783694937658993e+01
1.468113798182864826e+01,1.465580466817214500e+01,1.463050678128506732e+01,1.460528705726688337e+01,1.458014481969531850e+01,1.455507922580381219e+01,1.453008958315239241e+01,1.450517508308238490e+01,1.448033485792540809e+01,1.445556778357208216e+01
1.466853139184038923e+01,1.464323356347250460e+01,1.461797107117739003e+01,1.459278618866593646e+01,1.456767855261686151e+01,1.454264695801717266e+01,1.451769083089265422e+01,1.449280932509905995e+01,1.446800133700702773e+01,1.444326628477007546e+01
1.465589489948806801e+01,1.463063240196432346e+01,1.460540476179005509e+01,1.458025469988487188e+01,1.455518126638493648e+01,1.453018337354649780e+01,1.450526043949384203e+01,1.448041138678986606e+01,1.445563556375197933e+01,1.443093225244593825e+01
1.464322847194040378e+01,1.461800061929457328e+01,1.459280797440148802e+01,1.456769237197299205e+01,1.454265278781282333e+01,1.451768827751410740e+01,1.449279801709909776e+01,1.446798128626968349e+01,1.444323737649526507e+01,1.441856547533176425e+01
1.463053156811213107e+01,1.460533845682234499e+01,1.458018048911788256e+01,1.455509897112363404e+01,1.453009291827347305e+01,1.450516129084504868e+01,1.448030350756795670e+01,1.445551887943691582e+01,1.443080657540484779e+01,1.440616569938933189e+01
1.461780443424123099e+01,1.459264573903205431e+01,1.456752207570123048e+01,1.454247431475263141e+01,1.451750129979932957e+01,1.449260231882846739e+01,1.446777683332198272e+01,1.444302398072722937e+01,1.441834290336507607e+01,1.439373261697337725e+01
1.460504677745761626e+01,1.457992224611086129e+01,1.455483252882023137e+01,1.452981805120603198e+01,1.450487779969322233e+01,1.448001129655275498e+01,1.445521777462360546e+01,1.443049636835151261e+01,1.440584599701217350e+01,1.438126628933153128e+01
1.459225848446476093e+01,1.456716774177479579e+01,1.454211153859733408e+01,1.451712998389563580e+01,1.449222236439243972e+01,1.446738803130904572e+01,1.444262614792464383e+01,1.441793557648306923e+01,1.439331598187268924e+01,1.436876649081468216e+01
1.457943931992979536e+01,1.455438195787361977e+01,1.452935882221358455e+01,1.450441011552181791e+01,1.447953481669957121e+01,1.445473231025097860e+01,1.443000143060067586e+01,1.440534180835910050e+01,1.438075262119572528e+01,1.435630012038497227e+01
1.456658901631244873e+01,1.454156453416111461e+01,1.451657444852715173e+01,1.449165822542827087e+01,1.446681495179381827e+01,1.444204363638168509e+01,1.441734384726123075e+01,1.439271483315018685e+01,1.436815569166967421e+01,1.434373115557064970e+01
1.455370716671897391e+01,1.452871559832209059e+01,1.450375819895673324e+01,1.447887414718573496e+01,1.445406227031798885e+01,1.442932217945350004e+01,1.440465319784778941e+01,1.438005440136421065e+01,1.435559195189408044e+01,1.433112820744920057e+01
1.454079395140888664e+01,1.451583490455813141e+01,1.449090989071049762e+01,1.446605741495086406e+01,1.444127688622572947e+01,1.441656778781208814e+01,1.439192922539759856e+01,1.436742869259215283e+01,1.434292580567600339e+01,1.431849122763348348e+01
1.452784910983080024e+01,1.450292228561621855e+01,1.447802906085344432e+01,1.445320804882061516e+01,1.442845869672790293e+01,1.440378022637788646e+01,1.437917143142722942e+01,1.435469922988917624e+01,1.433022567244182000e+01,1.430581938102349149e+01
1.451487246478083115e+01,1.448997728568539145e+01,1.446511572280452285e+01,1.444032600696476187e+01,1.441560748173465534e+01,1.439095892094243823e+01,1.436644869930379542e+01,1.434193589429001747e+01,1.431749082781011673e+01,1.429311293604892796e+01
1.450186356868536208e+01,1.447699989747603233e+01,1.445216980452615729e+01,1.442741108137180106e+01,1.440272263394375685e+01,1.437817429386913304e+01,1.435362210771935843e+01,1.432913799495098850e+01,1.430472141699582167e+01,1.428037200091364767e+01
1.448882240599158777e+01,1.446399005229673662e+01,1.443919110772882775e+01,1.441446264993563275e+01,1.438980449750815005e+01,1.436528438107125538e+01,1.434076109508249530e+01,1.431630560685969122e+01,1.429191765148796733e+01,1.426759543873990310e+01
1.447574891533190566e+01,1.445094757655623141e+01,1.442617904501946491e+01,1.440148102280239328e+01,1.437692281736288002e+01,1.435236020470169827e+01,1.432786564346005775e+01,1.430343907165902806e+01,1.427907834149088728e+01,1.425478327690571945e+01
1.446264291466878760e+01,1.443787187714216635e+01,1.441313389321474858e+01,1.438853749686961336e+01,1.436393543631526626e+01,1.433940167673767618e+01,1.431493620214726548e+01,1.429053700376502078e+01,1.426620355411925090e+01,1.424193651173890629e+01
1.444950382472417161e+01,1.442476318505388022e+01,1.440005549203738866e+01,1.437548685609322874e+01,1.435091378804290052e+01,1.432640927242253071e+01,1.430197138016698410e+01,1.427759956667633290e+01,1.425329424098113407e+01,1.422905163596539957e+01
1.443633184391678626e+01,1.441162136329922205e+01,1.438701455186703626e+01,1.436240205945835413e+01,1.433785835331395653e+01,1.431338164988688533e+01,1.428897134878335606e+01,1.426462761942497082e+01,1.424034697425659246e+01,1.421613071932344496e+01
1.442312690908491568e+01,1.439851862632478507e+01,1.437386657971327786e+01,1.434928355282085732e+01,1.432476792227231499e+01,1.430031889759957409e+01,1.427593678348493711e+01,1.425161797494881633e+01,1.422736366597228752e+01,1.420317535131230358e+01
1.440988844975607464e+01,1.438530743736419026e+01,1.436068496406208439e+01,1.433613028674999512e+01,1.431164241708652440e+01,1.428722171825531895e+01,1.426286471941017808e+01,1.423857223622059820e+01,1.421434603648618022e+01,1.419018370759018488e+01
1.439668852025263845e+01,1.437206267409778881e+01,1.434746882735544915e+01,1.432294195919804025e+01,1.429848252655202678e+01,1.427408728963007256e+01,1.424975651371277507e+01,1.422549230659540598e+01,1.420129234108212479e+01,1.417715789384214276e+01
1.438338089307663026e+01,1.435878362574272415e+01,1.433421763094753132e+01,1.430971934776566457e+01,1.428528568640395413e+01,1.426091657450942307e+01,1.423661423441721752e+01,1.421237640339171904e+01,1.418820445258289276e+01,1.416409581427227238e+01
1.437003915203377602e+01,1.434546946421481195e+01,1.432093227113992207e+01,1.429646002522409631e+01,1.427205250902689215e+01,1.424771191464239450e+01,1.422343610571158123e+01,1.419922653694120207e+01,1.417508052043914191e+01,1.415099477856872667e+01
1.435666234255182516e+01,1.433212139123775231e+01,1.430761044165307183e+01,1.428316436988995619e+01,1.425878542973948271e+01,1.423447152912734381e+01,1.421022423077935670e+01,1.418604072567127261e+01,1.416191759105276304e+01,1.414040092938103399e+01
1.434325181778220504e+01,1.431873701237383756e+01,1.429425219971037642e+01,1.426983486500122922e+01,1.424548274760702427e+01,1.422119761997174336e+01,1.419697651536869643e+01,1.417281587174123914e+01,1.415127359977130439e+01,1.412977377142328805e+01
1.432980511005257540e+01,1.430531617058111493e+01,1.428086029597214512e+01,1.425646984374057169e+01,1.423214680030689294e+01,1.420788791812070073e+01,1.418368970715422606e+01,1.416212172565532157e+01,1.414059633259138415e+01,1.464863606731798029e+01
1.431632195882724901e+01,1.429186182098353086e+01,1.426743292645537409e+01,1.424307182682176709e+01,1.421877504032751816e+01,1.419453918555668182e+01,1.417294539459564362e+01,1.415139433751194886e+01,1.466183903473736905e+01,1.459852943118164781e+01
1.430280539245883276e+01,1.427837210741907015e+01,1.425397275303232547e+01,1.422963800995246153e+01,1.420536439702369691e+01,1.418374469541724281e+01,1.416216787462282944e+01,1.467502003352655038e+01,1.461184368311265835e+01,1.458648910749786864e+01
1.428925368557035114e+01,1.426484973557896296e+01,1.424047691818822514e+01,1.421616543348713968e+01,1.419451971903642828e+01,1.417291703372442413e+01,1.468817879421923323e+01,1.462513281538061705e+01,1.459973847787315293e+01,1.457441741645784461e+01
1.427566939656987088e+01,1.425129185992221537e+01,1.422694238780173848e+01,1.420527055786770632e+01,1.418364190603000452e+01,1.470131519916066587e+01,1.463839701472238275e+01,1.461296274358282687e+01,1.458760195134619053e+01,1.456224477719495347e+01
1.426204975658698615e+01,1.423769535527815755e+01,1.421599730554164509e+01,1.419434258475602562e+01,1.471442971485377349e+01,1.465163638544650837e+01,1.462616191215189332e+01,1.460076130537807515e+01,1.457536441398306337e+01,1.455004315065783871e+01
1.424839155084320375e+01,1.422670005776647706e+01,1.420501916410465526e+01,1.472752236587940189e+01,1.466485059452335449e+01,1.463933619508843975e+01,1.461389560797692866e+01,1.458845877872410846e+01,1.456309799553666018e+01,1.453781225892942075e+01
1.423734625670009812e+01,1.421567174033534187e+01,1.474059326496362488e+01,1.467804001873575359e+01,1.465248523503688460e+01,1.462700493801716561e+01,1.460152801201150297e+01,1.457612748539926883e+01,1.455080244485954921e+01,1.452555181140727214e+01
1.422626798171770979e+01,1.475364253656652025e+01,1.469120471923753257e+01,1.466560949644033052e+01,1.464008893824765778e+01,1.461457224486317941e+01,1.458913176499436304e+01,1.456376721854715051e+01,1.453847739835832620e+01,1.451326181150869132e+01
1.476662402043505296e+01,1.470434494133441206e+01,1.467870891131659050e+01,1.465314810591586081e+01,1.462759124755792683e+01,1.460211096537456221e+01,1.457670665952806388e+01,1.455137750935017493e+01,1.452612289519732514e+01,1.450094205512883505e+01
1.471741562530485226e+01,1.469178379537012979e+01,1.466618234561543588e+01,1.464058527288572442e+01,1.461506495147343543e+01,1.458962094551167255e+01,1.456425225033591175e+01,1.453895844607982824e+01,1.451373874528642105e+01,1.448859233750211928e+01
1.470478945790740966e+01,1.467919196980695773e+01,1.465355433622702108e+01,1.462799388460462424e+01,1.460251001938634907e+01,1.457710176421282355e+01,1.455176857737907881e+01,1.452650983782864813e+01,1.450132474209143751e+01,1.447621245559090752e+01
1.469213268708428899e+01,1.466649861743257333e+01,1.464089796758879203e+01,1.461537393131476037e+01,1.458992606853331608e+01,1.456455338111176090e+01,1.453925545025668242e+01,1.451403148714592461e+01,1.448888068182368372e+01,1.446380219175117787e+01
1.467937430042494107e+01,1.465377712656477094e+01,1.462821297259787379e+01,1.460272511946610763e+01,1.457731296160835122e+01,1.455197569337829933e+01,1.452671268937907811e+01,1.450152318882004110e+01,1.447640636286552152e+01,1.445136110089462278e+01
1.466658791278004159e+01,1.464102709019104154e+01,1.461549924656469557e+01,1.459004719716669563e+01,1.456467067143241856e+01,1.453936846916324299e+01,1.451414009321041121e+01,1.448898474026858096e+01,1.446390132347090685e+01,1.443888931943610920e+01
1.465377311338302135e+01,1.462824851895696909e+01,1.460275644171053067e+01,1.457734021669025815e+01,1.455199893148385826e+01,1.452673151421098829e+01,1.450153745730959187e+01,1.447641570404277545e+01,1.445136565633378645e+01,1.442638664393566827e+01
1.464092988373465687e+01,1.461544081723919319e+01,1.458998470647412304e+01,1.456460395677691722e+01,1.453929757102896758e+01,1.451406463327748142e+01,1.448890437144366317e+01,1.446381611499541009e+01,1.443879920142589413e+01,1.441385285883472278e+01
1.462805765694828075e+01,1.460260426329006833e+01,1.457718381902888893e+01,1.455183818036701382e+01,1.452656638963861369e+01,1.450136743021467112e+01,1.447624079016573795e+01,1.445118583002777868e+01,1.442620175564601581e+01,1.440128770221509313e+01
1.461515671421931373e+01,1.458973868544162045e+01,1.456435354627002354e+01,1.453904270519171504e+01,1.451380501498428899e+01,1.448863981765405029e+01,1.446354664369590637e+01,1.443852466310239180e+01,1.441357305408294920e+01,1.438869085259285541e+01
1.460222675247591617e+01,1.457684386173771429e+01,1.455149368136882337e+01,1.452621716493061399e+01,1.450101331826278894e+01,1.447588173979129778e+01,1.445082170671046207e+01,1.442583238748948915e+01,1.440091271491735014e+01,1.437606238938624337e+01
1.458926766909286243e+01,1.456391955245831582e+01,1.453860390402828529e+01,1.451336136160430357e+01,1.448819125671197838e+01,1.446309300142752186e+01,1.443806579504640553e+01,1.441310851055708042e+01,1.438822088810580269e+01,1.436340208184268619e+01
1.457627922564146594e+01,1.455096548243695764e+01,1.452568392246298856e+01,1.450047531356428365e+01,1.447533865192249891e+01,1.445027338534079675e+01,1.442527835542006009e+01,1.440035326682430927e+01,1.437549732935184821e+01,1.435070969399928487e+01
1.456326114776577008e+01,1.453798127728972212e+01,1.451273382643351795e+01,1.448755879486789411e+01,1.446245529592068735e+01,1.443742236677626067e+01,1.441245964483715092e+01,1.438756641819122883e+01,1.436274180978852932e+01,1.433798488442841013e+01
1.455021301098560116e+01,1.452496708847213469e+01,1.449975339393282070e+01,1.447461164008737455e+01,1.444954066043410812e+01,1.442454014353472402e+01,1.439960945928260116e+01,1.437474770724915274e+01,1.434995391925020058e+01,1.432529884559865607e+01
1.453713502374675670e+01,1.451192266600322966e+01,1.448674244067572303e+01,1.446163335827547414e+01,1.443659488354618858e+01,1.441162656401866471e+01,1.438672753284616412e+01,1.436189668155174104e+01,1.433720649086749077e+01,1.431250762807489352e+01
1.452402691931020229e+01,1.449884784219571188e+01,1.447370047928398407e+01,1.444862398502168155e+01,1.442361786655370892e+01,1.439868138663333319e+01,1.437381333637377878e+01,1.434901359610224603e+01,1.432435237737373157e+01,1.429968311547293069e+01
1.451088852029191401e+01,1.448574213779288478e+01,1.446062753814056734e+01,1.443558348777422573e+01,1.441060938397349034e+01,1.438570400005019678e+01,1.436086721344308970e+01,1.433617069557306678e+01,1.431146511241196251e+01,1.428682560899661880e+01
1.449771935646159804e+01,1.447260555882179744e+01,1.444752355139517874e+01,1.442251165423135006e+01,1.439756879038464277e+01,1.437269480334825467e+01,1.434796285657371584e+01,1.432322063301187853e+01,1.429854486904723743e+01,1.427393523726466285e+01
1.448451942481477062e+01,1.445943804335823124e+01,1.443438831704048653e+01,1.440940782424009114e+01,1.438449646980023289e+01,1.435965350113039918e+01,1.433494994968410197e+01,1.431023765815381843e+01,1.428559187998538071e+01,1.426101078517162257e+01
1.447128867188303403e+01,1.444623941657275523e+01,1.442122121387552980e+01,1.439627234393385180e+01,1.437139217268243918e+01,1.434665317671560913e+01,1.432190416107526865e+01,1.429722214041553841e+01,1.427260488142999684e+01,1.424805228971593607e+01
1.445802691288069397e+01,1.443300905043636817e+01,1.440802255243915120e+01,1.438310502173106364e+01,1.435833046540849267e+01,1.433354457544594851e+01,1.430882598082054002e+01,1.428417260120073529e+01,1.425958394876485791e+01,1.423506083921763121e+01
1.444473353572529462e+01,1.441974720681096045e+01,1.439479217143711942e+01,1.436998191624758547e+01,1.434515901874346611e+01,1.432040368595397872e+01,1.429571391953646931e+01,1.427108922191350970e+01,1.424653012744245650e+01,1.422203267471885013e+01
1.443140876697287567e+01,1.440645374717185589e+01,1.438152954694680119e+01,1.435674760940276684e+01,1.433195536011361249e+01,1.430722906548763262e+01,1.428256817386580124e+01,1.425797294820650585e+01,1.423343973523538786e+01,1.420897001504178725e+01
1.441805254897797184e+01,1.439312813790414225e+01,1.436831047200698563e+01,1.434348115064784501e+01,1.431871818802438412e+01,1.429402082632357995e+01,1.426938948232178461e+01,1.424482036037860766e+01,1.422031483341618596e+01,1.419587457109772899e+01
1.440466427899850999e+01,1.437984773028002827e+01,1.435498118688209956e+01,1.433018141266054357e+01,1.430544743472237457e+01,1.428077973776389342e+01,1.425617466737752892e+01,1.423163318891890938e+01,1.420715726788066924e+01,1.418274436493107160e+01
1.439132277950492167e+01,1.436645559057165045e+01,1.434161885771813516e+01,1.431684808168280298e+01,1.429214385507819784e+01,1.426750277424135405e+01,1.424292520081009528e+01,1.421841347417094070e+01,1.419396515232228495e+01,1.416958169675695345e+01
1.437786807828661750e+01,1.435303063906108179e+01,1.432822291264339398e+01,1.430348201592218160e+01,1.427880470489765941e+01,1.425419097938259227e+01,1.422964329722564081e+01,1.420515928932921312e+01,1.418074051397319835e+01,1.415638429314907754e+01
1.436438072552203948e+01,1.433957199065554811e+01,1.431479434402036333e+01,1.429008061323864354e+01,1.426543065019519396e+01,1.424084686681882772e+01,1.421632703464086234e+01,1.419187280477443025e+01,1.416748136726121388e+01,1.414314919175185281e+01
1.435085970352162121e+01,1.432608096830952604e+01,1.430133067509659917e+01,1.427664429526940992e+01,1.425202430003776577e+01,1.422746850646391437e+01,1.420297868729159596e+01,1.417855189958082107e+01,1.415418445449640927e+01,1.413242514898151647e+01
1.433730649551575098e+01,1.431255499948966481e+01,1.428783198584638825e+01,1.426317571484587887e+01,1.423858381059846145e+01,1.421405828160495943e+01,1.418959600991819059e+01,1.416519315569249393e+01,1.414341041691385570e+01,1.412166913299142834e+01
1.432371845064036719e+01,1.429899393695267307e+01,1.427430121832455612e+01,1.424967306341718043e+01,1.422511171781413175e+01,1.420061375209845167e+01,1.417617541578857754e+01,1.415436912035939443e+01,1.413260442935333394e+01,1.464087308969652668e+01
1.431009531366534304e+01,1.428540094331057020e+01,1.426073640883343074e+01,1.423613907973159698e+01,1.421160526880767705e+01,1.418713135662000191e+01,1.416530138062123712e+01,1.414351315933218878e+01,1.465419809495836390e+01,1.459843358733083463e+01
1.429644032276153887e+01,1.427177399328252783e+01,1.424714044902744803e+01,1.422257072666458377e+01,1.419806110145364642e+01,1.417620732010167828e+01,1.415439544486853407e+01,1.466749886207372988e+01,1.461178717444383679e+01,1.458624752517466838e+01
1.428275159878185541e+01,1.425811602334425388e+01,1.423351024917682039e+01,1.420896477504641631e+01,1.418708706232440342e+01,1.416525140876752431e+01,1.468077511970524185e+01,1.462511427122343299e+01,1.459953698005922007e+01,1.457403117879507448e+01
1.426903190712065772e+01,1.424442396352963414e+01,1.421984250264703142e+01,1.419794073238719534e+01,1.417608117515763055e+01,1.469402676780478245e+01,1.463841510019072345e+01,1.461279996859440189e+01,1.458725653035263647e+01,1.456172506139636624e+01
1.425527827041936568e+01,1.423069441144879654e+01,1.420876845601391025e+01,1.418688486924047609e+01,1.470725436214094017e+01,1.465168979635737045e+01,1.462603652562730616e+01,1.460045534438195247e+01,1.457488618747638576e+01,1.454939088794143309e+01
1.424148719222101178e+01,1.421957036070076263e+01,1.419766261731889045e+01,1.472045795924860556e+01,1.466493802930481039e+01,1.463924689882124319e+01,1.461362778308545174e+01,1.458802068856524770e+01,1.456248788037590458e+01,1.453702838016417331e+01
1.423031336085630549e+01,1.420841454696967787e+01,1.473363771511941067e+01,1.467816022434255352e+01,1.465243073114719863e+01,1.462677395469444264e+01,1.460112873846843229e+01,1.457555816880147148e+01,1.455006135886412366e+01,1.452463724646299958e+01
1.421910779526324475e+01,1.474679379598104489e+01,1.469135646984666721e+01,1.466558854041860371e+01,1.463989350279357637e+01,1.461421049981940712e+01,1.458860193151311435e+01,1.456306758207046315e+01,1.453760625502833825e+01,1.451221750389319354e+01
1.475987951132755249e+01,1.470452704884706918e+01,1.467872027769587184e+01,1.465298697872248468e+01,1.462726575113419436e+01,1.460161933068030748e+01,1.457604715862174416e+01,1.455054844972766048e+01,1.452512262371404361e+01,1.449976895125793419e+01
1.471762626286658815e+01,1.469182630028455705e+01,1.466605430392590925e+01,1.464029478496340175e+01,1.461461024530600028e+01,1.458900029977255031e+01,1.456346396623398753e+01,1.453800087795466567e+01,1.451261027834292250e+01,1.448729138611774658e+01
1.470486127600666393e+01,1.467909583221944025e+01,1.465329764077213071e+01,1.462757486964592601e+01,1.460192696717968630e+01,1.457635297928444373e+01,1.455085241002188923e+01,1.452542467972729057e+01,1.450006901495209810e+01,1.447478460796424571e+01
1.469206662908716154e+01,1.466627453061841280e+01,1.464051344116176878e+01,1.461482723640104453e+01,1.458921552931048993e+01,1.456367734028831507e+01,1.453821230312983914e+01,1.451281966079637797e+01,1.448749863217875600e+01,1.446224840029900705e+01
1.467918099802464482e+01,1.465342590315652771e+01,1.462770143851409976e+01,1.460205159150298115e+01,1.457647580102490359e+01,1.455097328822269809e+01,1.452554347027069426e+01,1.450018561837754305e+01,1.447489893062416577e+01,1.444968230718993141e+01
1.466626816468442307e+01,1.464054953864641817e+01,1.461486153771529573e+01,1.458924768478879841e+01,1.456370776761903230e+01,1.453824059289760662e+01,1.451284571251887101e+01,1.448752235202635141e+01,1.446226943741259063e+01,1.443708648445749532e+01
1.465332771409723023e+01,1.462764546172619440e+01,1.460199338831785987e+01,1.457641558375966184e+01,1.455091116167105270e+01,1.452547906310198300e+01,1.450011882813135600e+01,1.447482941495902153e+01,1.444961026172590479e+01,1.442446073028754761e+01
1.464035964058998829e+01,1.461471306190057895e+01,1.458909715901287285e+01,1.456355506997564753e+01,1.453808581780708309e+01,1.451268850685993250e+01,1.448736239843292317e+01,1.446210685561980824e+01,1.443692124750903893e+01,1.441180482968264442e+01
1.462736336554599603e+01,1.460175264335405743e+01,1.457617263050874001e+01,1.455066590823413719e+01,1.452523153813144674e+01,1.449986852070829535e+01,1.447457638839127547e+01,1.444935453543886972e+01,1.442420219325294539e+01,1.439911851872547466e+01
1.461433919462480091e+01,1.458876404032963592e+01,1.456321957178729321e+01,1.453774791944597666e+01,1.451234794468298261e+01,1.448701902515075446e+01,1.446176073609214718e+01,1.443657227080239558e+01,1.441145283196351201e+01,1.438640147032127103e+01
1.460128682332354089e+01,1.457574703334944033e+01,1.455023777856854039e+01,1.452480073209794043e+01,1.449943491469427670e+01,1.447413997363695515e+01,1.444891521659501166e+01,1.442375983536938477e+01,1.439867277339790874e+01,1.437365377864154503e+01
1.458820615826520495e+01,1.456270138421702143e+01,1.453722692770165814e+01,1.451182415068794640e+01,1.448649241514786823e+01,1.446123117288185611e+01,1.443603964803511630e+01,1.441091672251505251e+01,1.438586218621640533e+01,1.436087521280979118e+01
1.457509696302684610e+01,1.454962681704768279e+01,1.452418672556121138e+01,1.449881820679328470e+01,1.447352027061331015e+01,1.444829240603487364e+01,1.442313346135212626e+01,1.439804318995009957e+01,1.437302082453310348e+01,1.434806553485293001e+01
1.456195896275609059e+01,1.453652295217331947e+01,1.451111727804459406e+01,1.448578267459894064e+01,1.446051827430423486e+01,1.443532313412888790e+01,1.441019693696635784e+01,1.438513899817965758e+01,1.436014845890557012e+01,1.433522439606643317e+01
1.454879172550349509e+01,1.452338995945380518e+01,1.449801836442203040e+01,1.447271739244370359e+01,1.444748588337018447e+01,1.442232357584503610e+01,1.439722987180453373e+01,1.437220388788161252e+01,1.434724466800319576e+01,1.432242786658214584e+01
1.453559548084616182e+01,1.451022758939590496e+01,1.448488980284401251e+01,1.445962185724564364e+01,1.443442325393816184e+01,1.440929358304470753e+01,1.438423199727875890e+01,1.435923739337919081e+01,1.433430964925722151e+01,1.430952214643597387e+01
1.452236996149988713e+01,1.449703567760663425e+01,1.447173109419806991e+01,1.444649611710253545e+01,1.442133029327485616e+01,1.439623291294278395e+01,1.437120276780204797e+01,1.434623979414479322e+01,1.432141898006661052e+01,1.429658407224549066e+01
1.450911499339748545e+01,1.448381373373586278e+01,1.445854227949601167e+01,1.443334014903235740e+01,1.440820677560751406e+01,1.438314093366102853e+01,1.435814255519661486e+01,1.433328810439601497e+01,1.430841854685048986e+01,1.428361397804014743e+01
1.449583009560984337e+01,1.447056177509826469e+01,1.444532329987755404e+01,1.442015374116809667e+01,1.439505203454089965e+01,1.437001807509102314e+01,1.434505108196322887e+01,1.432022527025688063e+01,1.429538609273010863e+01,1.427061201250495159e+01
1.448251527604765343e+01,1.445727974772495372e+01,1.443207395441097773e+01,1.440693621228639287e+01,1.438186648262445644e+01,1.435686403808680822e+01,1.433200455654407435e+01,1.430713046892221740e+01,1.428232187279785492e+01,1.425757689833841724e+01
1.446917048986207632e+01,1.444396747882596443e+01,1.441879360351339656e+01,1.439368793450841899e+01,1.436864986943371392e+01,1.434375654586526849e+01,1.431884732380894043e+01,1.429400409846972586e+01,1.426922456341112877e+01,1.424450868671438286e+01
1.445579555392074766e+01,1.443062432190030187e+01,1.440548258238440482e+01,1.438040871826488498e+01,1.435548141611428008e+01,1.433053688793001967e+01,1.430565866533178720e+01,1.428084460641472475e+01,1.425609425369598071e+01,1.423140854210243944e+01
1.444238983833557199e+01,1.441725056129849492e+01,1.439214073226163748e+01,1.436709804364376986e+01,1.434219930356358219e+01,1.431728589701619825e+01,1.429243701496760011e+01,1.426765219456213174e+01,1.424293206525495847e+01,1.421827250842572532e+01
1.442895359079349049e+01,1.440384606114154131e+01,1.437876751487583249e+01,1.435383471330037430e+01,1.432888592059675048e+01,1.430400205333161168e+01,1.427918259437119275e+01,1.425442787917513243e+01,1.422973411967961432e+01,1.420510293258628920e+01
1.441548676040878618e+01,1.439041027383019511e+01,1.436544326577827313e+01,1.434045891013952456e+01,1.431553989704503138e+01,1.429068549153591050e+01,1.426589619532119357e+01,1.424116806240473920e+01,1.421650260331162130e+01,1.419190162240565378e+01
1.440198872742035263e+01,1.437702510852425419e+01,1.435200501918972193e+01,1.432705069642147677e+01,1.430216117688613053e+01,1.427733703670617871e+01,1.425257447836664682e+01,1.422787458142634520e+01,1.420323946260359094e+01,1.417866648765655846e+01
1.438845941490784597e+01,1.436352439292595307e+01,1.433853459270349973e+01,1.431360975393497981e+01,1.428875056991783055e+01,1.426395351001002609e+01,1.423921901044389315e+01,1.421454958571217375e+01,1.418994270805597679e+01,1.416539997370817616e+01
1.437497998537174126e+01,1.434999172468778283e+01,1.432503139381310930e+01,1.430013700523782560e+01,1.427530519684604826e+01,1.425053602418401155e+01,1.422583212268038366e+01,1.420119104461579163e+01,1.417661448393626777e+01,1.415209967944329961e+01
1.436138528941412140e+01,1.433642618004353864e+01,1.431149648979195987e+01,1.428662971893572475e+01,1.426182577196444257e+01,1.423708722730740561e+01,1.421241178856249476e+01,1.418780124848099078e+01,1.416325270647629964e+01,1.413876245510647855e+01
1.434775772957726758e+01,1.432282917565403757e+01,1.429792727944013109e+01,1.427308835570821799e+01,1.424831504004969496e+01,1.422360508355438391e+01,1.419896040926908043e+01,1.417437797607220773e+01,1.414985390957704681e+01,1.412793937255666776e+01
1.433409888896823858e+01,1.430919800942460363e+01,1.428432386590004555e+01,1.425951570097245380e+01,1.423477105703150869e+01,1.421009210962880509e+01,1.418547563145817492e+01,1.416091759028258679e+01,1.413898110266193342e+01,1.411708517123326700e+01
1.432040598434312351e+01,1.429553254706204513e+01,1.427068933906497428e+01,1.424590984837650431e+01,1.422119650304812311e+01,1.419654574402812486e+01,1.417195364072090058e+01,1.414999505904234312e+01,1.412807719094093883e+01,1.463658368071033067e+01
1.430667876981021891e+01,1.428183610987539431e+01,1.425702162521539584e+01,1.423227369295353739e+01,1.420758848112819450e+01,1.418296220612902658e+01,1.416098138636100146e+01,1.413904143791515722e+01,1.464996919276059018e+01,1.459892292707596972e+01
1.429292064311117016e+01,1.426810655723575394e+01,1.424332377992947229e+01,1.421860403562102704e+01,1.419394343226489852e+01,1.417194022954473098e+01,1.414997805752241788e+01,1.466332917750283116e+01,1.461228340388759506e+01,1.458663680803574891e+01
1.427912962093108717e+01,1.425434698978292758e+01,1.422959255307717363e+01,1.420489746617993276e+01,1.418287173494504394e+01,1.416088719493187043e+01,1.467666336390965576e+01,1.462561670904010747e+01,1.459993378697859967e+01,1.457432099077639265e+01
1.426530861640519987e+01,1.424055418242376092e+01,1.421582445510752990e+01,1.419377604964875417e+01,1.417176899670353052e+01,1.468997166436533419e+01,1.463892308722908808e+01,1.461320361964218861e+01,1.458755448736645732e+01,1.456192289385313998e+01
1.425145450825395699e+01,1.422672454786015628e+01,1.420465332116246771e+01,1.418262361013553274e+01,1.470325469319526590e+01,1.465220269270046494e+01,1.462644635798282522e+01,1.460076076517448662e+01,1.457509273603896105e+01,1.454949722275001989e+01
1.423756361239135870e+01,1.421550369838961991e+01,1.419345118296695318e+01,1.471651252831247980e+01,1.466545520084870624e+01,1.463966227205339798e+01,1.461394000657392311e+01,1.458823527012374477e+01,1.456260349006716126e+01,1.453704370227843512e+01
1.422629326735283684e+01,1.420425186431955211e+01,1.472974535460354240e+01,1.467868106471567202e+01,1.465285100910456073e+01,1.462709233869095371e+01,1.460135069090020288e+01,1.457568236936448614e+01,1.455008650370609047e+01,1.452456204352418290e+01
1.421499195663485082e+01,1.474295336551252333e+01,1.469188038999935664e+01,1.466601311724610923e+01,1.464021740951435113e+01,1.461443918062789038e+01,1.458873405913333876e+01,1.456310186482781610e+01,1.453754140953627427e+01,1.451205227404305020e+01
1.475608901720202581e+01,1.470505348200859785e+01,1.467914856101400289e+01,1.465331580130608913e+01,1.462750052595382044e+01,1.460175874140202801e+01,1.457608991298541135e+01,1.455049327629031097e+01,1.452496827421495595e+01,1.449951419725970325e+01
1.471815372820613099e+01,1.469225772195237489e+01,1.466638744754858692e+01,1.464053504295126018e+01,1.461475630618085475e+01,1.458905088054072863e+01,1.456341779814438908e+01,1.453785672247698102e+01,1.451236691598207784e+01,1.448694761528932773e+01
1.470529434634752519e+01,1.467943272628939511e+01,1.465354278691580880e+01,1.462772696757971147e+01,1.460198474179631845e+01,1.457631516961351537e+01,1.455071778139526728e+01,1.452519202171271040e+01,1.449973713552646970e+01,1.447435233194979887e+01
1.469240577528970881e+01,1.466652398947504921e+01,1.464067098426733970e+01,1.461489158909612662e+01,1.458918544645530702e+01,1.456355158929658700e+01,1.453798968121473933e+01,1.451249898462709709e+01,1.448707873592461581e+01,1.446172813448982097e+01
1.467943326242415836e+01,1.465358831188753541e+01,1.462777177721248734e+01,1.460202861730619261e+01,1.457635829650088155e+01,1.455076005258712790e+01,1.452523332770737241e+01,1.449977741245771412e+01,1.447439152178326438e+01,1.444907456382234479e+01
1.466643392071149421e+01,1.464062528360181581e+01,1.461484507840872915e+01,1.458913780569083585e+01,1.456350328635986280e+01,1.453794033326346913e+01,1.451244852659141671e+01,1.448702710964441209e+01,1.446167501758944596e+01,1.443639178954476421e+01
1.465340733671012430e+01,1.462763493969688611e+01,1.460189053954355387e+01,1.457621923354104965e+01,1.455062015187190383e+01,1.452509224506655805e+01,1.449963508043602367e+01,1.447424762683522914e+01,1.444892934391233474e+01,1.442367961349326677e+01
1.464035351453433620e+01,1.461461666546272298e+01,1.458890834299822181e+01,1.456327268695261523e+01,1.453770873343852799e+01,1.451221560046045056e+01,1.448679256924575753e+01,1.446143902306808826e+01,1.443615435036740280e+01,1.441093782403677714e+01
1.462727187261094208e+01,1.460157078175076961e+01,1.457589827421329431e+01,1.455029793455494236e+01,1.452476883783889861e+01,1.449930999561265921e+01,1.447392096646755633e+01,1.444860116502092140e+01,1.442334983883641186e+01,1.439816615899034069e+01
1.461416273297817980e+01,1.458849712907848328e+01,1.456286010611755444e+01,1.453729480246483163e+01,1.451180008690411327e+01,1.448637535795720943e+01,1.446102021746779087e+01,1.443573387360989280e+01,1.441051554450112704e+01,1.438536429084408930e+01
1.460102579343930174e+01,1.457539549244283350e+01,1.454979363929744274e+01,1.452426291942610881e+01,1.449880236411360279e+01,1.447341164896886312e+01,1.444809010046241937e+01,1.442283692534267026e+01,1.439765107486221751e+01,1.437253232514765600e+01
1.458786096874614913e+01,1.456226563774408866e+01,1.453669855221899354e+01,1.451120209424989937e+01,1.448577564500011050e+01,1.446041867962915717e+01,1.443513043815675445e+01,1.440990980910070363e+01,1.438475661217407442e+01,1.435967003374903328e+01
1.457466802647371296e+01,1.454910729183077223e+01,1.452357455303901013e+01,1.449811236871939180e+01,1.447271975854920534e+01,1.444739623599646627e+01,1.442214065508028042e+01,1.439695279810108453e+01,1.437183191243211766e+01,1.434677718020885706e+01
1.456144669486922183e+01,1.453592007500733274e+01,1.451042175937656076e+01,1.448499351984039052e+01,1.445963450174116005e+01,1.443434377432057403e+01,1.440912104794830384e+01,1.438396565506284830e+01,1.435887674870381758e+01,1.433385341476544639e+01
1.454819654106093019e+01,1.452270417042272044e+01,1.449723995444632507e+01,1.447184539130526204e+01,1.444651932641195735e+01,1.442126152767403013e+01,1.439607141686295400e+01,1.437094812225017293e+01,1.434589069627425317e+01,1.432097771611889669e+01
1.453491780886035123e+01,1.450945933162039836e+01,1.448402896066329149e+01,1.445866747623025006e+01,1.443337440175415765e+01,1.440814935275598963e+01,1.438299149491644968e+01,1.435789972965064720e+01,1.433287396685076942e+01,1.430799042279950939e+01
1.452161023367910175e+01,1.449618539916794369e+01,1.447078827552438440e+01,1.444545983263753186e+01,1.442019964122270714e+01,1.439500700897608354e+01,1.436988072994735788e+01,1.434482077331753480e+01,1.431990496873328311e+01,1.429497131841872104e+01
1.450827364640781170e+01,1.448288187952006822e+01,1.445751794953641145e+01,1.443222244542207378e+01,1.440699482188334102e+01,1.438183385613585941e+01,1.435673951257117587e+01,1.433179109416709629e+01,1.430682384061480406e+01,1.428192076154448387e+01
1.449490756335531572e+01,1.446954879921317527e+01,1.444421793115049724e+01,1.441895510613863784e+01,1.439375926830179253e+01,1.436863034381972248e+01,1.434356756639710895e+01,1.431864789875603705e+01,1.429371124553004790e+01,1.426883891594825116e+01
1.448151200135948891e+01,1.445618611154812072e+01,1.443088802270623106e+01,1.440565712464038839e+01,1.438049341220475341e+01,1.435539617407785329e+01,1.433044383337003325e+01,1.430547327928972834e+01,1.428056745601991651e+01,1.425572446755720435e+01
1.446808692325549828e+01,1.444279364800435772e+01,1.441752757725885381e+01,1.439232889073483435e+01,1.436719700542031930e+01,1.434221180129663153e+01,1.431720710091760651e+01,1.429226765547605105e+01,1.426739111257999326e+01,1.424257747981340216e+01
1.445463214949912611e+01,1.442937075458918272e+01,1.440413694694337288e+01,1.437897021863284408e+01,1.435395199766619534e+01,1.432891296198622655e+01,1.430393949949559484e+01,1.427902943039166672e+01,1.425418231678385084e+01,1.422939916778072700e+01
1.444114704385043879e+01,1.441591773114448749e+01,1.439071597713752304e+01,1.436558058311863562e+01,1.434059102062597901e+01,1.431558333645750025e+01,1.429063941751803490e+01,1.426575882234333648e+01,1.424094224011903265e+01,1.421618545414764867e+01
1.442763186826051935e+01,1.440243444615646773e+01,1.437726412426982847e+01,1.435224143503932837e+01,1.432719930854952572e+01,1.430222136047980541e+01,1.427730709514801788e+01,1.425245689395493365e+01,1.422766688476689190e+01,1.420293877026775853e+01
1.441408657869556365e+01,1.438892034741150994e+01,1.436386436959610791e+01,1.433878760677946218e+01,1.431377545202926527e+01,1.428882718488964265e+01,1.426394336016103459e+01,1.423911993943875132e+01,1.421435851863231115e+01,1.418966098726853886e+01
1.440051054865286773e+01,1.437545998701041050e+01,1.435034840014655977e+01,1.432530185841757309e+01,1.430031940500622056e+01,1.427540167230543844e+01,1.425054477589856639e+01,1.422574986574020528e+01,1.420101915372940304e+01,1.417634994809127136e+01
1.438690370721949030e+01,1.436188184916442978e+01,1.433680073596055138e+01,1.431178387234353977e+01,1.428683201371027778e+01,1.426194155246722417e+01,1.423711297114670415e+01,1.421234889324504103e+01,1.418764673943806010e+01,1.416300819007362222e+01
1.437334977753961596e+01,1.434827223806067487e+01,1.432322077498525914e+01,1.429823461300053467e+01,1.427331031920734361e+01,1.424844798375776556e+01,1.422365035202563277e+01,1.419891492981819070e+01,1.417424349497851388e+01,1.414963323640210646e+01
1.435967842028466990e+01,1.433463020964169843e+01,1.430960963264014829e+01,1.428465127329421236e+01,1.425975506849754915e+01,1.423492369981963890e+01,1.421015483109186661e+01,1.418545034233507351e+01,1.416080727870083500e+01,1.413622182598733446e+01
1.434597464647980658e+01,1.432095723935173481e+01,1.429596463513349391e+01,1.427103434052895281e+01,1.424616909227627914e+01,1.422136660350138371e+01,1.419662888953142854e+01,1.417195285066187438e+01,1.414733450089165601e+01,1.412532662358674784e+01
1.433224010103933388e+01,1.430725055037369131e+01,1.428228590294588685e+01,1.425738668396258646e+01,1.423255038890475532e+01,1.420777929529081618e+01,1.418307011097504855e+01,1.415841868793309999e+01,1.413638980365510278e+01,1.411440083881572605e+01
1.431847192514482003e+01,1.429351001893655670e+01,1.426857661804206145e+01,1.424370634145096126e+01,1.421890172819577813e+01,1.419415914252185829e+01,1.416947454616775204e+01,1.414742449502274368e+01,1.412541452976136291e+01,1.463409598635600517e+01
1.430466988092096869e+01,1.427973906492300316e+01,1.425483464426682190e+01,1.422999630467911203e+01,1.420522012900794628e+01,1.418050223552695499e+01,1.415843085751960473e+01,1.413639973203522260e+01,1.464750518609294616e+01,1.459946055093849893e+01
1.429083746486752382e+01,1.426593548225993047e+01,1.424106313822721326e+01,1.421625328021670853e+01,1.419150191704945385e+01,1.416940905119537675e+01,1.414735660607658474e+01,1.466088815182812866e+01,1.461280952754947648e+01,1.458710719488057528e+01
1.427697263476011003e+01,1.425210247212879722e+01,1.422725875619544667e+01,1.420247375191843453e+01,1.418035923695993539e+01,1.415828531208421559e+01,1.467424461442133676e+01,1.462613102492066552e+01,1.460039310041036309e+01,1.457472444249461319e+01
1.426307839492192109e+01,1.423823672002761498e+01,1.421341790221559442e+01,1.419128157660600920e+01,1.416918601110464238e+01,1.468757449562772521e+01,1.463942530099193462e+01,1.461365154888061291e+01,1.458794728203115909e+01,1.456226439619517876e+01
1.424915154105302406e+01,1.422433453072522447e+01,1.420217623185809153e+01,1.418005886508258939e+01,1.470087844489563267e+01,1.465269252219892948e+01,1.462688260360903314e+01,1.460114258783069374e+01,1.457542395827242387e+01,1.454977700998179202e+01
1.423518828023307137e+01,1.421304336577617811e+01,1.419090403584122484e+01,1.471415655467933803e+01,1.466593237042951259e+01,1.464008654801333797e+01,1.461431055486211150e+01,1.458855589323136570e+01,1.456287336498777485e+01,1.453726201355214265e+01
1.422384783026589972e+01,1.420172168653697398e+01,1.472740902773363203e+01,1.467914531408581169e+01,1.465326303491568360e+01,1.462745132209546739e+01,1.460166040826323197e+01,1.457594200825575825e+01,1.455029526099383475e+01,1.452471912245067998e+01
1.421247687659959169e+01,1.474063607525863340e+01,1.469233147008462659e+01,1.466641262940083834e+01,1.464056454322285816e+01,1.461473769798665856e+01,1.458898315163124337e+01,1.456330074095573224e+01,1.453768928306615038e+01,1.451214837227334797e+01
1.475378884824838011e+01,1.470549115683472152e+01,1.467953530517319116e+01,1.465365081729993690e+01,1.462778755638277772e+01,1.460199698907718791e+01,1.457627859260001202e+01,1.455063161339621658e+01,1.452505550616739072e+01,1.449954957180407611e+01
1.471857641883874379e+01,1.469263145763321354e+01,1.466671008700935630e+01,1.464081031323883764e+01,1.461498341884747276e+01,1.458922906102761807e+01,1.456354627976798888e+01,1.453793475329998941e+01,1.451239375419536515e+01,1.448692252862155527e+01
1.470565347924248556e+01,1.467974274413102798e+01,1.465380603437345641e+01,1.462794266770120899e+01,1.460215212990856770e+01,1.457643348882404588e+01,1.455078628814782604e+01,1.452520998469954350e+01,1.449970383318028411e+01,1.447426705167156769e+01
1.469270156131911875e+01,1.466677496345121945e+01,1.464087500682444443e+01,1.461504790218982919e+01,1.458929330688886239e+01,1.456361026065172659e+01,1.453799844213620673e+01,1.451245712361598628e+01,1.448698555130614096e+01,1.446158293309473208e+01
1.467967033691348888e+01,1.465378040060326903e+01,1.462791674663585795e+01,1.460212573157882332e+01,1.457640683260200731e+01,1.455075929631784959e+01,1.452518257750045194e+01,1.449967597692202226e+01,1.447423871880994817e+01,1.444886971593710712e+01
1.466661243306361584e+01,1.464075864967677276e+01,1.461493117389072793e+01,1.458917591456560459e+01,1.456349270905013071e+01,1.453788037462351923e+01,1.451233850524790725e+01,1.448686635406514256e+01,1.446146286147843085e+01,1.443612757907388655e+01
1.465352744033252996e+01,1.462770975385473804e+01,1.460191794413746180e+01,1.457619853888842520e+01,1.455055067701213112e+01,1.452497331483894172e+01,1.449946603352228536e+01,1.447402780787186494e+01,1.444865810916236626e+01,1.442335632936451972e+01
1.464041537056457898e+01,1.461463309962629964e+01,1.458887724951654619e+01,1.456319339599853713e+01,1.453758058275493603e+01,1.451203793505328932e+01,1.448656474471489730e+01,1.446116040574479555e+01,1.443582431674396105e+01,1.441055576006613315e+01
1.462727564440629990e+01,1.460152901900043254e+01,1.457580888081208670e+01,1.455016025974901694e+01,1.452458223812450555e+01,1.449907383412581474e+01,1.447363461952482488e+01,1.444826401973415564e+01,1.442296129129996274e+01,1.439772561298546449e+01
1.461410859453541988e+01,1.458839735853110575e+01,1.456271261625360935e+01,1.453709896176607330e+01,1.451155526859242251e+01,1.448608094622620257e+01,1.446067560995887646e+01,1.443533847631658773e+01,1.441006877200984704e+01,1.438486556366631852e+01
1.460091392315097458e+01,1.457523790857540291e+01,1.454958826185927379e+01,1.452400913431921659e+01,1.449849956362960057e+01,1.447305923971916997e+01,1.444768749902396721e+01,1.442238355663809202e+01,1.439714636884875176e+01,1.437197572619917452e+01
1.458769155207655643e+01,1.456205044020900985e+01,1.453643549995473094e+01,1.451089059148999105e+01,1.448541510592684389e+01,1.446000853068781922e+01,1.443467011472847616e+01,1.440939875065524944e+01,1.438419427347505852e+01,1.435905587699464014e+01
1.457444125386214928e+01,1.454883468484615250e+01,1.452325404299930511e+01,1.449774338285184605e+01,1.447230172988149910e+01,1.444692861029325748e+01,1.442162288189025432e+01,1.439638434203662598e+01,1.437121224627703953e+01,1.434610578390237379e+01
1.456116276169734824e+01,1.453559026607488747e+01,1.451004401740919647e+01,1.448456729032624679e+01,1.445915923757194577e+01,1.443381893537817362e+01,1.440854610825324755e+01,1.438334009808286851e+01,1.435820006483055522e+01,1.433312509958378200e+01
1.454785564508638984e+01,1.452231737638838460e+01,1.449680521124830790e+01,1.447136216340553361e+01,1.444598708160909339e+01,1.442067974934152197e+01,1.439543959884015223e+01,1.437026576516414345e+01,1.434515730594885952e+01,1.432019424160979426e+01
1.453452015836966105e+01,1.450901577421137745e+01,1.448353745260598302e+01,1.445812749638047912e+01,1.443278544059135271e+01,1.440751091443636156e+01,1.438230309068207191e+01,1.435716087434606791e+01,1.433208419172281012e+01,1.430715065981876499e+01
1.452115604125962633e+01,1.449568530569419877e+01,1.447024024021944655e+01,1.444486335541036937e+01,1.441955423434169603e+01,1.439431219449068067e+01,1.436913603190744482e+01,1.434402573303426109e+01,1.431906052465537904e+01,1.429407559531322036e+01
1.450776313028044484e+01,1.448232547919298341e+01,1.445691363290289999e+01,1.443156973268209597e+01,1.440629324461937344e+01,1.438108294846189494e+01,1.435593882549180478e+01,1.433094156751407056e+01,1.430592362407092999e+01,1.428096942192947871e+01
1.449434094376277216e+01,1.446893632872339452e+01,1.444355758562534220e+01,1.441824642464108308e+01,1.439300179506309263e+01,1.436782363921470029e+01,1.434271119899777247e+01,1.431774278332273553e+01,1.429275559013842312e+01,1.426783231394889739e+01
1.448088950606626746e+01,1.445551781450784290e+01,1.443017190574848740e+01,1.440489274011462761e+01,1.437968032974760391e+01,1.435453397229730577e+01,1.432953342901308957e+01,1.430451290003146525e+01,1.427955670697883406e+01,1.425466294369565823e+01
1.446740878694980914e+01,1.444206977347146825e+01,1.441675594619348111e+01,1.439150908082203095e+01,1.436632860528466438e+01,1.434129572932885566e+01,1.431624160242587429e+01,1.429125235063013299e+01,1.426632560213722556e+01,1.424146138383304816e+01
1.445389861237396190e+01,1.442859155137557181e+01,1.440331007053034540e+01,1.437809526650440617e+01,1.435302989005624852e+01,1.432794196188629954e+01,1.430291923754455574e+01,1.427795952171794980e+01,1.425306238621661237e+01,1.422822887696523608e+01
1.444035834605985613e+01,1.441508345903053367e+01,1.438983412968599040e+01,1.436465077255295775e+01,1.433961414701454018e+01,1.431455773092430661e+01,1.428956470617954899e+01,1.426463464253842162e+01,1.423976825822674286e+01,1.421496129283722709e+01
1.442678826031920458e+01,1.440154537037454574e+01,1.437632758111178610e+01,1.435125832626508569e+01,1.432616798266752767e+01,1.430114145545459792e+01,1.427617826043017857e+01,1.425127880104483680e+01,1.422643916819800403e+01,1.420166110522534808e+01
1.441318831808994005e+01,1.438797673445435521e+01,1.436287467435098719e+01,1.433775019472126111e+01,1.431268997352352201e+01,1.428769329793752618e+01,1.426276074836768437e+01,1.423788824531466801e+01,1.421307742534160568e+01,1.418833021855308196e+01
1.439955789300865874e+01,1.437446336359611720e+01,1.434930454659728660e+01,1.432421043698315444e+01,1.429918008208429470e+01,1.427421414139589118e+01,1.424930869241081943e+01,1.422446491800998558e+01,1.419968507537307545e+01,1.417496644698052322e+01
1.438589692021794875e+01,1.436083120878735464e+01,1.433570301195246977e+01,1.431063873903864625e+01,1.428563917446608755e+01,1.426070067792398710e+01,1.423582375312450665e+01,1.421101107521342044e+01,1.418626004241457039e+01,1.416157237656169343e+01
1.437229034321956611e+01,1.434716786173233594e+01,1.432206946752943466e+01,1.429703608785963098e+01,1.427206425999177952e+01,1.424715408983098897e+01,1.422230837454561581e+01,1.419752459950417212e+01,1.417280458478275840e+01,1.414814549688392376e+01
1.435856536635748171e+01,1.433347237375439676e+01,1.430840505383545391e+01,1.428339964657740069e+01,1.425845610330206270e+01,1.423357715319515648e+01,1.420876044349371803e+01,1.418400789798910466e+01,1.415931653750479313e+01,1.413468249339915950e+01
1.434480824027122381e+01,1.431974624928185591e+01,1.429470706925256884e+01,1.426972991750461617e+01,1.424481757709271434e+01,1.421996774536648012e+01,1.419518248367515056e+01,1.417045866636765439e+01,1.414579225047443956e+01,1.412373683760550058e+01
1.433102064056716074e+01,1.430598668336373791e+01,1.428097564458683877e+01,1.425602981053680196e+01,1.423114665634469134e+01,1.420632851079003878e+01,1.418157205241500662e+01,1.415687307451281995e+01,1.413479721261297151e+01,1.411276095880609915e+01
1.431719967942655103e+01,1.429219355944493230e+01,1.426721400609782009e+01,1.424229734074141618e+01,1.421744615791685362e+01,1.419265678696285526e+01,1.416792513478292292e+01,1.414582865049347760e+01,1.412377195067317359e+01,1.463255578990820460e+01
1.430334512551283410e+01,1.427837034413127526e+01,1.425341999178286301e+01,1.422853555058762964e+01,1.420371306413849588e+01,1.417894860132169477e+01,1.415683132098646269e+01,1.413475400204082355e+01,1.464596370977577777e+01,1.459986495618063884e+01
1.428946052139568224e+01,1.426451480426906571e+01,1.423959681074908801e+01,1.421474110475583252e+01,1.418994364480021986e+01,1.416780539445117526e+01,1.414570728336940597e+01,1.465934499954026116e+01,1.461318905490945852e+01,1.458746745996587535e+01
1.427554380144698243e+01,1.425063019322356617e+01,1.422574107839267121e+01,1.420091043663972741e+01,1.417875104144339282e+01,1.415663196491460951e+01,1.467269939356444475e+01,1.462648554031569859e+01,1.460072868322150441e+01,1.457504073941827549e+01
1.426159801713674646e+01,1.423671315777994906e+01,1.421184914785792586e+01,1.418966843345524964e+01,1.416752821749662772e+01,1.468602682108933877e+01,1.463975467937023467e+01,1.461396230979588040e+01,1.458823908395717339e+01,1.456254006353561081e+01
1.424761992909911257e+01,1.422275995124925885e+01,1.420055774185694197e+01,1.417839621259707705e+01,1.469932795249716406e+01,1.465299664633541887e+01,1.462716841129228840e+01,1.460140974967498018e+01,1.457567528808629120e+01,1.455001217905888566e+01
1.423360569235450690e+01,1.421141913915425903e+01,1.418923612168759618e+01,1.471260289014225364e+01,1.466621113000199017e+01,1.464034727950079606e+01,1.461455293955532753e+01,1.458878273440511819e+01,1.456308434646177119e+01,1.453745682196963607e+01
1.422221566753857047e+01,1.420004811727238625e+01,1.472585184869759445e+01,1.467939860761078918e+01,1.465349857391812449e+01,1.462766880086988408e+01,1.460186261812872743e+01,1.457612864551681220e+01,1.455046602455069049e+01,1.452487371354454737e+01
1.421079543663772071e+01,1.473907505115623273e+01,1.469255920405716154e+01,1.466662286868808707e+01,1.464075699366537364e+01,1.461491514207752473e+01,1.458914529585806363e+01,1.456344729701920215e+01,1.453781996444754654e+01,1.451226289621934029e+01
1.475222167801645590e+01,1.470569324586918114e+01,1.467972014491943966e+01,1.465381812634711522e+01,1.462794010693527369e+01,1.460213450010450842e+01,1.457640078676362272e+01,1.455073821661304478e+01,1.452514624797271026e+01,1.449962418499264238e+01
1.471875078010925364e+01,1.469279080663357817e+01,1.466685214887703559e+01,1.464093785100122602e+01,1.461509616329498407e+01,1.458932674707414279e+01,1.456362864471402929e+01,1.453800153907684667e+01,1.451244470563061384e+01,1.448695739351412115e+01
